################################################################################################
Epoch 1 validation (2026-08-31T21:36:07)
Object metrics @ IoU=0.50, score>=0.50
################################################################################################
what           :         AP     AP_50%     AP_25%     Recall   Precision    F1-Score
################################################################################################
fallentree     :      0.000      0.000      0.000      0.000       0.000       0.000
------------------------------------------------------------------------------------------------
average        :      0.000      0.000      0.000      0.000       0.000       0.000
################################################################################################
################################################################################################
Epoch 2 validation (2026-08-31T21:37:01)
Object metrics @ IoU=0.50, score>=0.50
################################################################################################
what           :         AP     AP_50%     AP_25%     Recall   Precision    F1-Score
################################################################################################
fallentree     :      0.000      0.000      0.000      0.000       0.000       0.000
------------------------------------------------------------------------------------------------
average        :      0.000      0.000      0.000      0.000       0.000       0.000
################################################################################################
################################################################################################
Epoch 3 validation (2026-08-31T21:37:52)
Object metrics @ IoU=0.50, score>=0.50
################################################################################################
what           :         AP     AP_50%     AP_25%     Recall   Precision    F1-Score
################################################################################################
fallentree     :      0.000      0.000      0.000      0.000       0.000       0.000
------------------------------------------------------------------------------------------------
average        :      0.000      0.000      0.000      0.000       0.000       0.000
################################################################################################
################################################################################################
Epoch 4 validation (2026-08-31T21:38:37)
Object metrics @ IoU=0.50, score>=0.50
################################################################################################
what           :         AP     AP_50%     AP_25%     Recall   Precision    F1-Score
################################################################################################
fallentree     :      0.000      0.000      0.000      0.000       0.000       0.000
------------------------------------------------------------------------------------------------
average        :      0.000      0.000      0.000      0.000       0.000       0.000
################################################################################################
################################################################################################
Epoch 5 validation (2026-08-31T21:39:40)
Object metrics @ IoU=0.50, score>=0.50
################################################################################################
what           :         AP     AP_50%     AP_25%     Recall   Precision    F1-Score
################################################################################################
fallentree     :      0.000      0.000      0.000      0.000       0.000       0.000
------------------------------------------------------------------------------------------------
average        :      0.000      0.000      0.000      0.000       0.000       0.000
################################################################################################
################################################################################################
Epoch 6 validation (2026-08-31T21:40:48)
Object metrics @ IoU=0.50, score>=0.50
################################################################################################
what           :         AP     AP_50%     AP_25%     Recall   Precision    F1-Score
################################################################################################
fallentree     :      0.000      0.000      0.000      0.000       0.000       0.000
------------------------------------------------------------------------------------------------
average        :      0.000      0.000      0.000      0.000       0.000       0.000
################################################################################################
################################################################################################
Epoch 7 validation (2026-08-31T21:41:39)
Object metrics @ IoU=0.50, score>=0.50
################################################################################################
what           :         AP     AP_50%     AP_25%     Recall   Precision    F1-Score
################################################################################################
fallentree     :      0.000      0.000      0.000      0.000       0.000       0.000
------------------------------------------------------------------------------------------------
average        :      0.000      0.000      0.000      0.000       0.000       0.000
################################################################################################
################################################################################################
Epoch 8 validation (2026-08-31T21:42:46)
Object metrics @ IoU=0.50, score>=0.50
################################################################################################
what           :         AP     AP_50%     AP_25%     Recall   Precision    F1-Score
################################################################################################
fallentree     :      0.000      0.000      0.000      0.000       0.000       0.000
------------------------------------------------------------------------------------------------
average        :      0.000      0.000      0.000      0.000       0.000       0.000
################################################################################################
################################################################################################
Epoch 9 validation (2026-08-31T21:43:51)
Object metrics @ IoU=0.50, score>=0.50
################################################################################################
what           :         AP     AP_50%     AP_25%     Recall   Precision    F1-Score
################################################################################################
fallentree     :      0.000      0.000      0.000      0.000       0.000       0.000
------------------------------------------------------------------------------------------------
average        :      0.000      0.000      0.000      0.000       0.000       0.000
################################################################################################
################################################################################################
Epoch 10 validation (2026-08-31T21:44:53)
Object metrics @ IoU=0.50, score>=0.50
################################################################################################
what           :         AP     AP_50%     AP_25%     Recall   Precision    F1-Score
################################################################################################
fallentree     :      0.000      0.000      0.000      0.000       0.000       0.000
------------------------------------------------------------------------------------------------
average        :      0.000      0.000      0.000      0.000       0.000       0.000
################################################################################################
################################################################################################
Epoch 11 validation (2026-08-31T21:45:42)
Object metrics @ IoU=0.50, score>=0.50
################################################################################################
what           :         AP     AP_50%     AP_25%     Recall   Precision    F1-Score
################################################################################################
fallentree     :      0.000      0.000      0.000      0.000       0.000       0.000
------------------------------------------------------------------------------------------------
average        :      0.000      0.000      0.000      0.000       0.000       0.000
################################################################################################
################################################################################################
Epoch 12 validation (2026-08-31T21:46:45)
Object metrics @ IoU=0.50, score>=0.50
################################################################################################
what           :         AP     AP_50%     AP_25%     Recall   Precision    F1-Score
################################################################################################
fallentree     :      0.000      0.000      0.000      0.000       0.000       0.000
------------------------------------------------------------------------------------------------
average        :      0.000      0.000      0.000      0.000       0.000       0.000
################################################################################################
################################################################################################
Epoch 13 validation (2026-08-31T21:47:41)
Object metrics @ IoU=0.50, score>=0.50
################################################################################################
what           :         AP     AP_50%     AP_25%     Recall   Precision    F1-Score
################################################################################################
fallentree     :      0.000      0.000      0.000      0.000       0.000       0.000
------------------------------------------------------------------------------------------------
average        :      0.000      0.000      0.000      0.000       0.000       0.000
################################################################################################
################################################################################################
Epoch 14 validation (2026-08-31T21:48:44)
Object metrics @ IoU=0.50, score>=0.50
################################################################################################
what           :         AP     AP_50%     AP_25%     Recall   Precision    F1-Score
################################################################################################
fallentree     :      0.000      0.000      0.000      0.000       0.000       0.000
------------------------------------------------------------------------------------------------
average        :      0.000      0.000      0.000      0.000       0.000       0.000
################################################################################################
################################################################################################
Epoch 15 validation (2026-08-31T21:49:39)
Object metrics @ IoU=0.50, score>=0.50
################################################################################################
what           :         AP     AP_50%     AP_25%     Recall   Precision    F1-Score
################################################################################################
fallentree     :      0.000      0.000      0.000      0.000       0.000       0.000
------------------------------------------------------------------------------------------------
average        :      0.000      0.000      0.000      0.000       0.000       0.000
################################################################################################
################################################################################################
Epoch 16 validation (2026-08-31T21:50:39)
Object metrics @ IoU=0.50, score>=0.50
################################################################################################
what           :         AP     AP_50%     AP_25%     Recall   Precision    F1-Score
################################################################################################
fallentree     :      0.000      0.000      0.000      0.000       0.000       0.000
------------------------------------------------------------------------------------------------
average        :      0.000      0.000      0.000      0.000       0.000       0.000
################################################################################################
################################################################################################
Epoch 17 validation (2026-08-31T21:51:22)
Object metrics @ IoU=0.50, score>=0.50
################################################################################################
what           :         AP     AP_50%     AP_25%     Recall   Precision    F1-Score
################################################################################################
fallentree     :      0.000      0.000      0.000      0.000       0.000       0.000
------------------------------------------------------------------------------------------------
average        :      0.000      0.000      0.000      0.000       0.000       0.000
################################################################################################
################################################################################################
Epoch 18 validation (2026-08-31T21:52:15)
Object metrics @ IoU=0.50, score>=0.50
################################################################################################
what           :         AP     AP_50%     AP_25%     Recall   Precision    F1-Score
################################################################################################
fallentree     :      0.000      0.000      0.000      0.000       0.000       0.000
------------------------------------------------------------------------------------------------
average        :      0.000      0.000      0.000      0.000       0.000       0.000
################################################################################################
################################################################################################
Epoch 19 validation (2026-08-31T21:53:12)
Object metrics @ IoU=0.50, score>=0.50
################################################################################################
what           :         AP     AP_50%     AP_25%     Recall   Precision    F1-Score
################################################################################################
fallentree     :      0.000      0.000      0.000      0.000       0.000       0.000
------------------------------------------------------------------------------------------------
average        :      0.000      0.000      0.000      0.000       0.000       0.000
################################################################################################
################################################################################################
Epoch 20 validation (2026-08-31T21:54:19)
Object metrics @ IoU=0.50, score>=0.50
################################################################################################
what           :         AP     AP_50%     AP_25%     Recall   Precision    F1-Score
################################################################################################
fallentree     :      0.000      0.000      0.000      0.000       0.000       0.000
------------------------------------------------------------------------------------------------
average        :      0.000      0.000      0.000      0.000       0.000       0.000
################################################################################################
################################################################################################
Epoch 21 validation (2026-08-31T21:55:22)
Object metrics @ IoU=0.50, score>=0.50
################################################################################################
what           :         AP     AP_50%     AP_25%     Recall   Precision    F1-Score
################################################################################################
fallentree     :      0.000      0.000      0.000      0.000       0.000       0.000
------------------------------------------------------------------------------------------------
average        :      0.000      0.000      0.000      0.000       0.000       0.000
################################################################################################
################################################################################################
Epoch 22 validation (2026-08-31T21:56:26)
Object metrics @ IoU=0.50, score>=0.50
################################################################################################
what           :         AP     AP_50%     AP_25%     Recall   Precision    F1-Score
################################################################################################
fallentree     :      0.000      0.000      0.000      0.000       0.000       0.000
------------------------------------------------------------------------------------------------
average        :      0.000      0.000      0.000      0.000       0.000       0.000
################################################################################################
################################################################################################
Epoch 23 validation (2026-08-31T21:57:13)
Object metrics @ IoU=0.50, score>=0.50
################################################################################################
what           :         AP     AP_50%     AP_25%     Recall   Precision    F1-Score
################################################################################################
fallentree     :      0.000      0.000      0.000      0.000       0.000       0.000
------------------------------------------------------------------------------------------------
average        :      0.000      0.000      0.000      0.000       0.000       0.000
################################################################################################
################################################################################################
Epoch 24 validation (2026-08-31T21:58:14)
Object metrics @ IoU=0.50, score>=0.50
################################################################################################
what           :         AP     AP_50%     AP_25%     Recall   Precision    F1-Score
################################################################################################
fallentree     :      0.000      0.000      0.000      0.000       0.000       0.000
------------------------------------------------------------------------------------------------
average        :      0.000      0.000      0.000      0.000       0.000       0.000
################################################################################################
################################################################################################
Epoch 25 validation (2026-08-31T21:59:01)
Object metrics @ IoU=0.50, score>=0.50
################################################################################################
what           :         AP     AP_50%     AP_25%     Recall   Precision    F1-Score
################################################################################################
fallentree     :      0.000      0.000      0.000      0.000       0.000       0.000
------------------------------------------------------------------------------------------------
average        :      0.000      0.000      0.000      0.000       0.000       0.000
################################################################################################
################################################################################################
Epoch 26 validation (2026-08-31T22:00:07)
Object metrics @ IoU=0.50, score>=0.50
################################################################################################
what           :         AP     AP_50%     AP_25%     Recall   Precision    F1-Score
################################################################################################
fallentree     :      0.000      0.000      0.000      0.000       0.000       0.000
------------------------------------------------------------------------------------------------
average        :      0.000      0.000      0.000      0.000       0.000       0.000
################################################################################################
################################################################################################
Epoch 27 validation (2026-08-31T22:01:00)
Object metrics @ IoU=0.50, score>=0.50
################################################################################################
what           :         AP     AP_50%     AP_25%     Recall   Precision    F1-Score
################################################################################################
fallentree     :      0.000      0.000      0.000      0.000       0.000       0.000
------------------------------------------------------------------------------------------------
average        :      0.000      0.000      0.000      0.000       0.000       0.000
################################################################################################
################################################################################################
Epoch 28 validation (2026-08-31T22:01:54)
Object metrics @ IoU=0.50, score>=0.50
################################################################################################
what           :         AP     AP_50%     AP_25%     Recall   Precision    F1-Score
################################################################################################
fallentree     :      0.000      0.000      0.000      0.000       0.000       0.000
------------------------------------------------------------------------------------------------
average        :      0.000      0.000      0.000      0.000       0.000       0.000
################################################################################################
################################################################################################
Epoch 29 validation (2026-08-31T22:02:48)
Object metrics @ IoU=0.50, score>=0.50
################################################################################################
what           :         AP     AP_50%     AP_25%     Recall   Precision    F1-Score
################################################################################################
fallentree     :      0.000      0.000      0.000      0.000       0.000       0.000
------------------------------------------------------------------------------------------------
average        :      0.000      0.000      0.000      0.000       0.000       0.000
################################################################################################
################################################################################################
Epoch 30 validation (2026-08-31T22:03:46)
Object metrics @ IoU=0.50, score>=0.50
################################################################################################
what           :         AP     AP_50%     AP_25%     Recall   Precision    F1-Score
################################################################################################
fallentree     :      0.000      0.000      0.000      0.000       0.000       0.000
------------------------------------------------------------------------------------------------
average        :      0.000      0.000      0.000      0.000       0.000       0.000
################################################################################################
################################################################################################
Epoch 31 validation (2026-08-31T22:04:28)
Object metrics @ IoU=0.50, score>=0.50
################################################################################################
what           :         AP     AP_50%     AP_25%     Recall   Precision    F1-Score
################################################################################################
fallentree     :      0.000      0.000      0.000      0.000       0.000       0.000
------------------------------------------------------------------------------------------------
average        :      0.000      0.000      0.000      0.000       0.000       0.000
################################################################################################
################################################################################################
Epoch 32 validation (2026-08-31T22:05:33)
Object metrics @ IoU=0.50, score>=0.50
################################################################################################
what           :         AP     AP_50%     AP_25%     Recall   Precision    F1-Score
################################################################################################
fallentree     :      0.000      0.000      0.000      0.000       0.000       0.000
------------------------------------------------------------------------------------------------
average        :      0.000      0.000      0.000      0.000       0.000       0.000
################################################################################################
################################################################################################
Epoch 33 validation (2026-08-31T22:06:22)
Object metrics @ IoU=0.50, score>=0.50
################################################################################################
what           :         AP     AP_50%     AP_25%     Recall   Precision    F1-Score
################################################################################################
fallentree     :      0.000      0.000      0.000      0.000       0.000       0.000
------------------------------------------------------------------------------------------------
average        :      0.000      0.000      0.000      0.000       0.000       0.000
################################################################################################
################################################################################################
Epoch 34 validation (2026-08-31T22:07:27)
Object metrics @ IoU=0.50, score>=0.50
################################################################################################
what           :         AP     AP_50%     AP_25%     Recall   Precision    F1-Score
################################################################################################
fallentree     :      0.000      0.000      0.000      0.000       0.000       0.000
------------------------------------------------------------------------------------------------
average        :      0.000      0.000      0.000      0.000       0.000       0.000
################################################################################################
################################################################################################
Epoch 35 validation (2026-08-31T22:08:13)
Object metrics @ IoU=0.50, score>=0.50
################################################################################################
what           :         AP     AP_50%     AP_25%     Recall   Precision    F1-Score
################################################################################################
fallentree     :      0.000      0.000      0.000      0.000       0.000       0.000
------------------------------------------------------------------------------------------------
average        :      0.000      0.000      0.000      0.000       0.000       0.000
################################################################################################
################################################################################################
Epoch 36 validation (2026-08-31T22:09:15)
Object metrics @ IoU=0.50, score>=0.50
################################################################################################
what           :         AP     AP_50%     AP_25%     Recall   Precision    F1-Score
################################################################################################
fallentree     :      0.000      0.000      0.000      0.000       0.000       0.000
------------------------------------------------------------------------------------------------
average        :      0.000      0.000      0.000      0.000       0.000       0.000
################################################################################################
################################################################################################
Epoch 37 validation (2026-08-31T22:10:23)
Object metrics @ IoU=0.50, score>=0.50
################################################################################################
what           :         AP     AP_50%     AP_25%     Recall   Precision    F1-Score
################################################################################################
fallentree     :      0.000      0.000      0.000      0.000       0.000       0.000
------------------------------------------------------------------------------------------------
average        :      0.000      0.000      0.000      0.000       0.000       0.000
################################################################################################
################################################################################################
Epoch 38 validation (2026-08-31T22:11:13)
Object metrics @ IoU=0.50, score>=0.50
################################################################################################
what           :         AP     AP_50%     AP_25%     Recall   Precision    F1-Score
################################################################################################
fallentree     :      0.000      0.000      0.000      0.000       0.000       0.000
------------------------------------------------------------------------------------------------
average        :      0.000      0.000      0.000      0.000       0.000       0.000
################################################################################################
################################################################################################
Epoch 39 validation (2026-08-31T22:12:20)
Object metrics @ IoU=0.50, score>=0.50
################################################################################################
what           :         AP     AP_50%     AP_25%     Recall   Precision    F1-Score
################################################################################################
fallentree     :      0.000      0.000      0.000      0.000       0.000       0.000
------------------------------------------------------------------------------------------------
average        :      0.000      0.000      0.000      0.000       0.000       0.000
################################################################################################
################################################################################################
Epoch 40 validation (2026-08-31T22:13:14)
Object metrics @ IoU=0.50, score>=0.50
################################################################################################
what           :         AP     AP_50%     AP_25%     Recall   Precision    F1-Score
################################################################################################
fallentree     :      0.000      0.000      0.000      0.000       0.000       0.000
------------------------------------------------------------------------------------------------
average        :      0.000      0.000      0.000      0.000       0.000       0.000
################################################################################################
################################################################################################
Epoch 41 validation (2026-08-31T22:14:17)
Object metrics @ IoU=0.50, score>=0.50
################################################################################################
what           :         AP     AP_50%     AP_25%     Recall   Precision    F1-Score
################################################################################################
fallentree     :      0.000      0.000      0.000      0.000       0.000       0.000
------------------------------------------------------------------------------------------------
average        :      0.000      0.000      0.000      0.000       0.000       0.000
################################################################################################
################################################################################################
Epoch 42 validation (2026-08-31T22:15:06)
Object metrics @ IoU=0.50, score>=0.50
################################################################################################
what           :         AP     AP_50%     AP_25%     Recall   Precision    F1-Score
################################################################################################
fallentree     :      0.000      0.000      0.000      0.000       0.000       0.000
------------------------------------------------------------------------------------------------
average        :      0.000      0.000      0.000      0.000       0.000       0.000
################################################################################################
################################################################################################
Epoch 43 validation (2026-08-31T22:15:59)
Object metrics @ IoU=0.50, score>=0.50
################################################################################################
what           :         AP     AP_50%     AP_25%     Recall   Precision    F1-Score
################################################################################################
fallentree     :      0.000      0.000      0.000      0.000       0.000       0.000
------------------------------------------------------------------------------------------------
average        :      0.000      0.000      0.000      0.000       0.000       0.000
################################################################################################
################################################################################################
Epoch 44 validation (2026-08-31T22:17:02)
Object metrics @ IoU=0.50, score>=0.50
################################################################################################
what           :         AP     AP_50%     AP_25%     Recall   Precision    F1-Score
################################################################################################
fallentree     :      0.000      0.000      0.000      0.000       0.000       0.000
------------------------------------------------------------------------------------------------
average        :      0.000      0.000      0.000      0.000       0.000       0.000
################################################################################################
################################################################################################
Epoch 45 validation (2026-08-31T22:17:54)
Object metrics @ IoU=0.50, score>=0.50
################################################################################################
what           :         AP     AP_50%     AP_25%     Recall   Precision    F1-Score
################################################################################################
fallentree     :      0.000      0.000      0.000      0.000       0.000       0.000
------------------------------------------------------------------------------------------------
average        :      0.000      0.000      0.000      0.000       0.000       0.000
################################################################################################
################################################################################################
Epoch 46 validation (2026-08-31T22:18:57)
Object metrics @ IoU=0.50, score>=0.50
################################################################################################
what           :         AP     AP_50%     AP_25%     Recall   Precision    F1-Score
################################################################################################
fallentree     :      0.000      0.000      0.000      0.000       0.000       0.000
------------------------------------------------------------------------------------------------
average        :      0.000      0.000      0.000      0.000       0.000       0.000
################################################################################################
################################################################################################
Epoch 47 validation (2026-08-31T22:19:56)
Object metrics @ IoU=0.50, score>=0.50
################################################################################################
what           :         AP     AP_50%     AP_25%     Recall   Precision    F1-Score
################################################################################################
fallentree     :      0.000      0.000      0.000      0.000       0.000       0.000
------------------------------------------------------------------------------------------------
average        :      0.000      0.000      0.000      0.000       0.000       0.000
################################################################################################
################################################################################################
Epoch 48 validation (2026-08-31T22:20:49)
Object metrics @ IoU=0.50, score>=0.50
################################################################################################
what           :         AP     AP_50%     AP_25%     Recall   Precision    F1-Score
################################################################################################
fallentree     :      0.000      0.000      0.000      0.000       0.000       0.000
------------------------------------------------------------------------------------------------
average        :      0.000      0.000      0.000      0.000       0.000       0.000
################################################################################################
################################################################################################
Epoch 49 validation (2026-08-31T22:21:44)
Object metrics @ IoU=0.50, score>=0.50
################################################################################################
what           :         AP     AP_50%     AP_25%     Recall   Precision    F1-Score
################################################################################################
fallentree     :      0.000      0.000      0.000      0.000       0.000       0.000
------------------------------------------------------------------------------------------------
average        :      0.000      0.000      0.000      0.000       0.000       0.000
################################################################################################
################################################################################################
Epoch 50 validation (2026-08-31T22:22:23)
Object metrics @ IoU=0.50, score>=0.50
################################################################################################
what           :         AP     AP_50%     AP_25%     Recall   Precision    F1-Score
################################################################################################
fallentree     :      0.000      0.000      0.000      0.000       0.000       0.000
------------------------------------------------------------------------------------------------
average        :      0.000      0.000      0.000      0.000       0.000       0.000
################################################################################################
################################################################################################
Epoch 51 validation (2026-08-31T22:23:29)
Object metrics @ IoU=0.50, score>=0.50
################################################################################################
what           :         AP     AP_50%     AP_25%     Recall   Precision    F1-Score
################################################################################################
fallentree     :      0.000      0.000      0.000      0.000       0.000       0.000
------------------------------------------------------------------------------------------------
average        :      0.000      0.000      0.000      0.000       0.000       0.000
################################################################################################
################################################################################################
Epoch 52 validation (2026-08-31T22:24:18)
Object metrics @ IoU=0.50, score>=0.50
################################################################################################
what           :         AP     AP_50%     AP_25%     Recall   Precision    F1-Score
################################################################################################
fallentree     :      0.000      0.000      0.000      0.000       0.000       0.000
------------------------------------------------------------------------------------------------
average        :      0.000      0.000      0.000      0.000       0.000       0.000
################################################################################################
################################################################################################
Epoch 53 validation (2026-08-31T22:24:51)
Object metrics @ IoU=0.50, score>=0.50
################################################################################################
what           :         AP     AP_50%     AP_25%     Recall   Precision    F1-Score
################################################################################################
fallentree     :      0.000      0.000      0.000      0.000       0.000       0.000
------------------------------------------------------------------------------------------------
average        :      0.000      0.000      0.000      0.000       0.000       0.000
################################################################################################
################################################################################################
Epoch 54 validation (2026-08-31T22:25:57)
Object metrics @ IoU=0.50, score>=0.50
################################################################################################
what           :         AP     AP_50%     AP_25%     Recall   Precision    F1-Score
################################################################################################
fallentree     :      0.000      0.000      0.000      0.000       0.000       0.000
------------------------------------------------------------------------------------------------
average        :      0.000      0.000      0.000      0.000       0.000       0.000
################################################################################################
################################################################################################
Epoch 55 validation (2026-08-31T22:26:47)
Object metrics @ IoU=0.50, score>=0.50
################################################################################################
what           :         AP     AP_50%     AP_25%     Recall   Precision    F1-Score
################################################################################################
fallentree     :      0.000      0.000      0.000      0.000       0.000       0.000
------------------------------------------------------------------------------------------------
average        :      0.000      0.000      0.000      0.000       0.000       0.000
################################################################################################
################################################################################################
Epoch 56 validation (2026-08-31T22:27:52)
Object metrics @ IoU=0.50, score>=0.50
################################################################################################
what           :         AP     AP_50%     AP_25%     Recall   Precision    F1-Score
################################################################################################
fallentree     :      0.000      0.000      0.000      0.000       0.000       0.000
------------------------------------------------------------------------------------------------
average        :      0.000      0.000      0.000      0.000       0.000       0.000
################################################################################################
################################################################################################
Epoch 57 validation (2026-08-31T22:28:33)
Object metrics @ IoU=0.50, score>=0.50
################################################################################################
what           :         AP     AP_50%     AP_25%     Recall   Precision    F1-Score
################################################################################################
fallentree     :      0.000      0.000      0.000      0.000       0.000       0.000
------------------------------------------------------------------------------------------------
average        :      0.000      0.000      0.000      0.000       0.000       0.000
################################################################################################
################################################################################################
Epoch 58 validation (2026-08-31T22:29:41)
Object metrics @ IoU=0.50, score>=0.50
################################################################################################
what           :         AP     AP_50%     AP_25%     Recall   Precision    F1-Score
################################################################################################
fallentree     :      0.000      0.000      0.000      0.000       0.000       0.000
------------------------------------------------------------------------------------------------
average        :      0.000      0.000      0.000      0.000       0.000       0.000
################################################################################################
################################################################################################
Epoch 59 validation (2026-08-31T22:30:42)
Object metrics @ IoU=0.50, score>=0.50
################################################################################################
what           :         AP     AP_50%     AP_25%     Recall   Precision    F1-Score
################################################################################################
fallentree     :      0.000      0.000      0.000      0.000       0.000       0.000
------------------------------------------------------------------------------------------------
average        :      0.000      0.000      0.000      0.000       0.000       0.000
################################################################################################
################################################################################################
Epoch 60 validation (2026-08-31T22:31:33)
Object metrics @ IoU=0.50, score>=0.50
################################################################################################
what           :         AP     AP_50%     AP_25%     Recall   Precision    F1-Score
################################################################################################
fallentree     :      0.000      0.000      0.000      0.000       0.000       0.000
------------------------------------------------------------------------------------------------
average        :      0.000      0.000      0.000      0.000       0.000       0.000
################################################################################################
################################################################################################
Epoch 61 validation (2026-08-31T22:32:41)
Object metrics @ IoU=0.50, score>=0.50
################################################################################################
what           :         AP     AP_50%     AP_25%     Recall   Precision    F1-Score
################################################################################################
fallentree     :      0.000      0.000      0.000      0.000       0.000       0.000
------------------------------------------------------------------------------------------------
average        :      0.000      0.000      0.000      0.000       0.000       0.000
################################################################################################
################################################################################################
Epoch 62 validation (2026-08-31T22:33:41)
Object metrics @ IoU=0.50, score>=0.50
################################################################################################
what           :         AP     AP_50%     AP_25%     Recall   Precision    F1-Score
################################################################################################
fallentree     :      0.000      0.000      0.000      0.000       0.000       0.000
------------------------------------------------------------------------------------------------
average        :      0.000      0.000      0.000      0.000       0.000       0.000
################################################################################################
################################################################################################
Epoch 63 validation (2026-08-31T22:34:36)
Object metrics @ IoU=0.50, score>=0.50
################################################################################################
what           :         AP     AP_50%     AP_25%     Recall   Precision    F1-Score
################################################################################################
fallentree     :      0.000      0.000      0.000      0.000       0.000       0.000
------------------------------------------------------------------------------------------------
average        :      0.000      0.000      0.000      0.000       0.000       0.000
################################################################################################
################################################################################################
Epoch 64 validation (2026-08-31T22:35:30)
Object metrics @ IoU=0.50, score>=0.50
################################################################################################
what           :         AP     AP_50%     AP_25%     Recall   Precision    F1-Score
################################################################################################
fallentree     :      0.000      0.000      0.000      0.000       0.000       0.000
------------------------------------------------------------------------------------------------
average        :      0.000      0.000      0.000      0.000       0.000       0.000
################################################################################################
################################################################################################
Epoch 65 validation (2026-08-31T22:36:20)
Object metrics @ IoU=0.50, score>=0.50
################################################################################################
what           :         AP     AP_50%     AP_25%     Recall   Precision    F1-Score
################################################################################################
fallentree     :      0.000      0.000      0.000      0.000       0.000       0.000
------------------------------------------------------------------------------------------------
average        :      0.000      0.000      0.000      0.000       0.000       0.000
################################################################################################
################################################################################################
Epoch 66 validation (2026-08-31T22:37:22)
Object metrics @ IoU=0.50, score>=0.50
################################################################################################
what           :         AP     AP_50%     AP_25%     Recall   Precision    F1-Score
################################################################################################
fallentree     :      0.000      0.000      0.000      0.000       0.000       0.000
------------------------------------------------------------------------------------------------
average        :      0.000      0.000      0.000      0.000       0.000       0.000
################################################################################################
################################################################################################
Epoch 67 validation (2026-08-31T22:38:09)
Object metrics @ IoU=0.50, score>=0.50
################################################################################################
what           :         AP     AP_50%     AP_25%     Recall   Precision    F1-Score
################################################################################################
fallentree     :      0.000      0.000      0.000      0.000       0.000       0.000
------------------------------------------------------------------------------------------------
average        :      0.000      0.000      0.000      0.000       0.000       0.000
################################################################################################
################################################################################################
Epoch 68 validation (2026-08-31T22:39:10)
Object metrics @ IoU=0.50, score>=0.50
################################################################################################
what           :         AP     AP_50%     AP_25%     Recall   Precision    F1-Score
################################################################################################
fallentree     :      0.000      0.000      0.000      0.000       0.000       0.000
------------------------------------------------------------------------------------------------
average        :      0.000      0.000      0.000      0.000       0.000       0.000
################################################################################################
################################################################################################
Epoch 69 validation (2026-08-31T22:40:17)
Object metrics @ IoU=0.50, score>=0.50
################################################################################################
what           :         AP     AP_50%     AP_25%     Recall   Precision    F1-Score
################################################################################################
fallentree     :      0.000      0.000      0.000      0.000       0.000       0.000
------------------------------------------------------------------------------------------------
average        :      0.000      0.000      0.000      0.000       0.000       0.000
################################################################################################
################################################################################################
Epoch 70 validation (2026-08-31T22:41:18)
Object metrics @ IoU=0.50, score>=0.50
################################################################################################
what           :         AP     AP_50%     AP_25%     Recall   Precision    F1-Score
################################################################################################
fallentree     :      0.000      0.000      0.000      0.000       0.000       0.000
------------------------------------------------------------------------------------------------
average        :      0.000      0.000      0.000      0.000       0.000       0.000
################################################################################################
################################################################################################
Epoch 71 validation (2026-08-31T22:42:16)
Object metrics @ IoU=0.50, score>=0.50
################################################################################################
what           :         AP     AP_50%     AP_25%     Recall   Precision    F1-Score
################################################################################################
fallentree     :      0.000      0.000      0.000      0.000       0.000       0.000
------------------------------------------------------------------------------------------------
average        :      0.000      0.000      0.000      0.000       0.000       0.000
################################################################################################
################################################################################################
Epoch 72 validation (2026-08-31T22:43:23)
Object metrics @ IoU=0.50, score>=0.50
################################################################################################
what           :         AP     AP_50%     AP_25%     Recall   Precision    F1-Score
################################################################################################
fallentree     :      0.000      0.000      0.000      0.000       0.000       0.000
------------------------------------------------------------------------------------------------
average        :      0.000      0.000      0.000      0.000       0.000       0.000
################################################################################################
################################################################################################
Epoch 73 validation (2026-08-31T22:44:24)
Object metrics @ IoU=0.50, score>=0.50
################################################################################################
what           :         AP     AP_50%     AP_25%     Recall   Precision    F1-Score
################################################################################################
fallentree     :      0.000      0.000      0.000      0.000       0.000       0.000
------------------------------------------------------------------------------------------------
average        :      0.000      0.000      0.000      0.000       0.000       0.000
################################################################################################
################################################################################################
Epoch 74 validation (2026-08-31T22:45:27)
Object metrics @ IoU=0.50, score>=0.50
################################################################################################
what           :         AP     AP_50%     AP_25%     Recall   Precision    F1-Score
################################################################################################
fallentree     :      0.000      0.000      0.000      0.000       0.000       0.000
------------------------------------------------------------------------------------------------
average        :      0.000      0.000      0.000      0.000       0.000       0.000
################################################################################################
################################################################################################
Epoch 75 validation (2026-08-31T22:46:22)
Object metrics @ IoU=0.50, score>=0.50
################################################################################################
what           :         AP     AP_50%     AP_25%     Recall   Precision    F1-Score
################################################################################################
fallentree     :      0.000      0.000      0.000      0.000       0.000       0.000
------------------------------------------------------------------------------------------------
average        :      0.000      0.000      0.000      0.000       0.000       0.000
################################################################################################
################################################################################################
Epoch 76 validation (2026-08-31T22:47:30)
Object metrics @ IoU=0.50, score>=0.50
################################################################################################
what           :         AP     AP_50%     AP_25%     Recall   Precision    F1-Score
################################################################################################
fallentree     :      0.000      0.000      0.000      0.000       0.000       0.000
------------------------------------------------------------------------------------------------
average        :      0.000      0.000      0.000      0.000       0.000       0.000
################################################################################################
################################################################################################
Epoch 77 validation (2026-08-31T22:48:34)
Object metrics @ IoU=0.50, score>=0.50
################################################################################################
what           :         AP     AP_50%     AP_25%     Recall   Precision    F1-Score
################################################################################################
fallentree     :      0.000      0.000      0.000      0.000       0.000       0.000
------------------------------------------------------------------------------------------------
average        :      0.000      0.000      0.000      0.000       0.000       0.000
################################################################################################
################################################################################################
Epoch 78 validation (2026-08-31T22:49:30)
Object metrics @ IoU=0.50, score>=0.50
################################################################################################
what           :         AP     AP_50%     AP_25%     Recall   Precision    F1-Score
################################################################################################
fallentree     :      0.000      0.000      0.000      0.000       0.000       0.000
------------------------------------------------------------------------------------------------
average        :      0.000      0.000      0.000      0.000       0.000       0.000
################################################################################################
################################################################################################
Epoch 79 validation (2026-08-31T22:50:37)
Object metrics @ IoU=0.50, score>=0.50
################################################################################################
what           :         AP     AP_50%     AP_25%     Recall   Precision    F1-Score
################################################################################################
fallentree     :      0.000      0.000      0.000      0.000       0.000       0.000
------------------------------------------------------------------------------------------------
average        :      0.000      0.000      0.000      0.000       0.000       0.000
################################################################################################
################################################################################################
Epoch 80 validation (2026-08-31T22:51:36)
Object metrics @ IoU=0.50, score>=0.50
################################################################################################
what           :         AP     AP_50%     AP_25%     Recall   Precision    F1-Score
################################################################################################
fallentree     :      0.000      0.000      0.000      0.000       0.000       0.000
------------------------------------------------------------------------------------------------
average        :      0.000      0.000      0.000      0.000       0.000       0.000
################################################################################################
################################################################################################
Epoch 81 validation (2026-08-31T22:52:43)
Object metrics @ IoU=0.50, score>=0.50
################################################################################################
what           :         AP     AP_50%     AP_25%     Recall   Precision    F1-Score
################################################################################################
fallentree     :      0.000      0.000      0.000      0.000       0.000       0.000
------------------------------------------------------------------------------------------------
average        :      0.000      0.000      0.000      0.000       0.000       0.000
################################################################################################
################################################################################################
Epoch 82 validation (2026-08-31T22:53:38)
Object metrics @ IoU=0.50, score>=0.50
################################################################################################
what           :         AP     AP_50%     AP_25%     Recall   Precision    F1-Score
################################################################################################
fallentree     :      0.000      0.000      0.000      0.000       0.000       0.000
------------------------------------------------------------------------------------------------
average        :      0.000      0.000      0.000      0.000       0.000       0.000
################################################################################################
################################################################################################
Epoch 83 validation (2026-08-31T22:54:11)
Object metrics @ IoU=0.50, score>=0.50
################################################################################################
what           :         AP     AP_50%     AP_25%     Recall   Precision    F1-Score
################################################################################################
fallentree     :      0.000      0.000      0.000      0.000       0.000       0.000
------------------------------------------------------------------------------------------------
average        :      0.000      0.000      0.000      0.000       0.000       0.000
################################################################################################
################################################################################################
Epoch 84 validation (2026-08-31T22:55:11)
Object metrics @ IoU=0.50, score>=0.50
################################################################################################
what           :         AP     AP_50%     AP_25%     Recall   Precision    F1-Score
################################################################################################
fallentree     :      0.000      0.000      0.000      0.000       0.000       0.000
------------------------------------------------------------------------------------------------
average        :      0.000      0.000      0.000      0.000       0.000       0.000
################################################################################################
################################################################################################
Epoch 85 validation (2026-08-31T22:56:14)
Object metrics @ IoU=0.50, score>=0.50
################################################################################################
what           :         AP     AP_50%     AP_25%     Recall   Precision    F1-Score
################################################################################################
fallentree     :      0.000      0.000      0.000      0.000       0.000       0.000
------------------------------------------------------------------------------------------------
average        :      0.000      0.000      0.000      0.000       0.000       0.000
################################################################################################
################################################################################################
Epoch 86 validation (2026-08-31T22:57:23)
Object metrics @ IoU=0.50, score>=0.50
################################################################################################
what           :         AP     AP_50%     AP_25%     Recall   Precision    F1-Score
################################################################################################
fallentree     :      0.000      0.000      0.000      0.000       0.000       0.000
------------------------------------------------------------------------------------------------
average        :      0.000      0.000      0.000      0.000       0.000       0.000
################################################################################################
################################################################################################
Epoch 87 validation (2026-08-31T22:58:19)
Object metrics @ IoU=0.50, score>=0.50
################################################################################################
what           :         AP     AP_50%     AP_25%     Recall   Precision    F1-Score
################################################################################################
fallentree     :      0.000      0.000      0.000      0.000       0.000       0.000
------------------------------------------------------------------------------------------------
average        :      0.000      0.000      0.000      0.000       0.000       0.000
################################################################################################
################################################################################################
Epoch 88 validation (2026-08-31T22:59:11)
Object metrics @ IoU=0.50, score>=0.50
################################################################################################
what           :         AP     AP_50%     AP_25%     Recall   Precision    F1-Score
################################################################################################
fallentree     :      0.000      0.000      0.000      0.000       0.000       0.000
------------------------------------------------------------------------------------------------
average        :      0.000      0.000      0.000      0.000       0.000       0.000
################################################################################################
################################################################################################
Epoch 89 validation (2026-08-31T23:00:04)
Object metrics @ IoU=0.50, score>=0.50
################################################################################################
what           :         AP     AP_50%     AP_25%     Recall   Precision    F1-Score
################################################################################################
fallentree     :      0.000      0.000      0.000      0.000       0.000       0.000
------------------------------------------------------------------------------------------------
average        :      0.000      0.000      0.000      0.000       0.000       0.000
################################################################################################
################################################################################################
Epoch 90 validation (2026-08-31T23:01:11)
Object metrics @ IoU=0.50, score>=0.50
################################################################################################
what           :         AP     AP_50%     AP_25%     Recall   Precision    F1-Score
################################################################################################
fallentree     :      0.000      0.000      0.000      0.000       0.000       0.000
------------------------------------------------------------------------------------------------
average        :      0.000      0.000      0.000      0.000       0.000       0.000
################################################################################################
################################################################################################
Epoch 91 validation (2026-08-31T23:02:06)
Object metrics @ IoU=0.50, score>=0.50
################################################################################################
what           :         AP     AP_50%     AP_25%     Recall   Precision    F1-Score
################################################################################################
fallentree     :      0.000      0.000      0.000      0.000       0.000       0.000
------------------------------------------------------------------------------------------------
average        :      0.000      0.000      0.000      0.000       0.000       0.000
################################################################################################
################################################################################################
Epoch 92 validation (2026-08-31T23:02:47)
Object metrics @ IoU=0.50, score>=0.50
################################################################################################
what           :         AP     AP_50%     AP_25%     Recall   Precision    F1-Score
################################################################################################
fallentree     :      0.000      0.000      0.000      0.000       0.000       0.000
------------------------------------------------------------------------------------------------
average        :      0.000      0.000      0.000      0.000       0.000       0.000
################################################################################################
################################################################################################
Epoch 93 validation (2026-08-31T23:03:47)
Object metrics @ IoU=0.50, score>=0.50
################################################################################################
what           :         AP     AP_50%     AP_25%     Recall   Precision    F1-Score
################################################################################################
fallentree     :      0.000      0.000      0.000      0.000       0.000       0.000
------------------------------------------------------------------------------------------------
average        :      0.000      0.000      0.000      0.000       0.000       0.000
################################################################################################
################################################################################################
Epoch 94 validation (2026-08-31T23:04:34)
Object metrics @ IoU=0.50, score>=0.50
################################################################################################
what           :         AP     AP_50%     AP_25%     Recall   Precision    F1-Score
################################################################################################
fallentree     :      0.000      0.000      0.000      0.000       0.000       0.000
------------------------------------------------------------------------------------------------
average        :      0.000      0.000      0.000      0.000       0.000       0.000
################################################################################################
################################################################################################
Epoch 95 validation (2026-08-31T23:05:28)
Object metrics @ IoU=0.50, score>=0.50
################################################################################################
what           :         AP     AP_50%     AP_25%     Recall   Precision    F1-Score
################################################################################################
fallentree     :      0.000      0.000      0.000      0.000       0.000       0.000
------------------------------------------------------------------------------------------------
average        :      0.000      0.000      0.000      0.000       0.000       0.000
################################################################################################
################################################################################################
Epoch 96 validation (2026-08-31T23:06:31)
Object metrics @ IoU=0.50, score>=0.50
################################################################################################
what           :         AP     AP_50%     AP_25%     Recall   Precision    F1-Score
################################################################################################
fallentree     :      0.000      0.000      0.000      0.000       0.000       0.000
------------------------------------------------------------------------------------------------
average        :      0.000      0.000      0.000      0.000       0.000       0.000
################################################################################################
################################################################################################
Epoch 97 validation (2026-08-31T23:07:40)
Object metrics @ IoU=0.50, score>=0.50
################################################################################################
what           :         AP     AP_50%     AP_25%     Recall   Precision    F1-Score
################################################################################################
fallentree     :      0.000      0.000      0.000      0.000       0.000       0.000
------------------------------------------------------------------------------------------------
average        :      0.000      0.000      0.000      0.000       0.000       0.000
################################################################################################
################################################################################################
Epoch 98 validation (2026-08-31T23:08:35)
Object metrics @ IoU=0.50, score>=0.50
################################################################################################
what           :         AP     AP_50%     AP_25%     Recall   Precision    F1-Score
################################################################################################
fallentree     :      0.000      0.000      0.000      0.000       0.000       0.000
------------------------------------------------------------------------------------------------
average        :      0.000      0.000      0.000      0.000       0.000       0.000
################################################################################################
################################################################################################
Epoch 99 validation (2026-08-31T23:09:23)
Object metrics @ IoU=0.50, score>=0.50
################################################################################################
what           :         AP     AP_50%     AP_25%     Recall   Precision    F1-Score
################################################################################################
fallentree     :      0.000      0.000      0.000      0.000       0.000       0.000
------------------------------------------------------------------------------------------------
average        :      0.000      0.000      0.000      0.000       0.000       0.000
################################################################################################
################################################################################################
Epoch 100 validation (2026-08-31T23:10:28)
Object metrics @ IoU=0.50, score>=0.50
################################################################################################
what           :         AP     AP_50%     AP_25%     Recall   Precision    F1-Score
################################################################################################
fallentree     :      0.000      0.000      0.000      0.000       0.000       0.000
------------------------------------------------------------------------------------------------
average        :      0.000      0.000      0.000      0.000       0.000       0.000
################################################################################################
################################################################################################
Epoch 101 validation (2026-08-31T23:11:31)
Object metrics @ IoU=0.50, score>=0.50
################################################################################################
what           :         AP     AP_50%     AP_25%     Recall   Precision    F1-Score
################################################################################################
fallentree     :      0.000      0.000      0.000      0.000       0.000       0.000
------------------------------------------------------------------------------------------------
average        :      0.000      0.000      0.000      0.000       0.000       0.000
################################################################################################
################################################################################################
Epoch 102 validation (2026-08-31T23:12:42)
Object metrics @ IoU=0.50, score>=0.50
################################################################################################
what           :         AP     AP_50%     AP_25%     Recall   Precision    F1-Score
################################################################################################
fallentree     :      0.000      0.000      0.000      0.000       0.000       0.000
------------------------------------------------------------------------------------------------
average        :      0.000      0.000      0.000      0.000       0.000       0.000
################################################################################################
################################################################################################
Epoch 103 validation (2026-08-31T23:13:30)
Object metrics @ IoU=0.50, score>=0.50
################################################################################################
what           :         AP     AP_50%     AP_25%     Recall   Precision    F1-Score
################################################################################################
fallentree     :      0.000      0.000      0.000      0.000       0.000       0.000
------------------------------------------------------------------------------------------------
average        :      0.000      0.000      0.000      0.000       0.000       0.000
################################################################################################
################################################################################################
Epoch 104 validation (2026-08-31T23:14:33)
Object metrics @ IoU=0.50, score>=0.50
################################################################################################
what           :         AP     AP_50%     AP_25%     Recall   Precision    F1-Score
################################################################################################
fallentree     :      0.000      0.000      0.000      0.000       0.000       0.000
------------------------------------------------------------------------------------------------
average        :      0.000      0.000      0.000      0.000       0.000       0.000
################################################################################################
################################################################################################
Epoch 105 validation (2026-08-31T23:15:09)
Object metrics @ IoU=0.50, score>=0.50
################################################################################################
what           :         AP     AP_50%     AP_25%     Recall   Precision    F1-Score
################################################################################################
fallentree     :      0.000      0.000      0.000      0.000       0.000       0.000
------------------------------------------------------------------------------------------------
average        :      0.000      0.000      0.000      0.000       0.000       0.000
################################################################################################
################################################################################################
Epoch 106 validation (2026-08-31T23:15:58)
Object metrics @ IoU=0.50, score>=0.50
################################################################################################
what           :         AP     AP_50%     AP_25%     Recall   Precision    F1-Score
################################################################################################
fallentree     :      0.000      0.000      0.000      0.000       0.000       0.000
------------------------------------------------------------------------------------------------
average        :      0.000      0.000      0.000      0.000       0.000       0.000
################################################################################################
################################################################################################
Epoch 107 validation (2026-08-31T23:17:00)
Object metrics @ IoU=0.50, score>=0.50
################################################################################################
what           :         AP     AP_50%     AP_25%     Recall   Precision    F1-Score
################################################################################################
fallentree     :      0.000      0.000      0.000      0.000       0.000       0.000
------------------------------------------------------------------------------------------------
average        :      0.000      0.000      0.000      0.000       0.000       0.000
################################################################################################
################################################################################################
Epoch 108 validation (2026-08-31T23:17:54)
Object metrics @ IoU=0.50, score>=0.50
################################################################################################
what           :         AP     AP_50%     AP_25%     Recall   Precision    F1-Score
################################################################################################
fallentree     :      0.000      0.000      0.000      0.000       0.000       0.000
------------------------------------------------------------------------------------------------
average        :      0.000      0.000      0.000      0.000       0.000       0.000
################################################################################################
################################################################################################
Epoch 109 validation (2026-08-31T23:18:57)
Object metrics @ IoU=0.50, score>=0.50
################################################################################################
what           :         AP     AP_50%     AP_25%     Recall   Precision    F1-Score
################################################################################################
fallentree     :      0.000      0.000      0.000      0.000       0.000       0.000
------------------------------------------------------------------------------------------------
average        :      0.000      0.000      0.000      0.000       0.000       0.000
################################################################################################
################################################################################################
Epoch 110 validation (2026-08-31T23:19:44)
Object metrics @ IoU=0.50, score>=0.50
################################################################################################
what           :         AP     AP_50%     AP_25%     Recall   Precision    F1-Score
################################################################################################
fallentree     :      0.000      0.000      0.000      0.000       0.000       0.000
------------------------------------------------------------------------------------------------
average        :      0.000      0.000      0.000      0.000       0.000       0.000
################################################################################################
################################################################################################
Epoch 111 validation (2026-08-31T23:20:46)
Object metrics @ IoU=0.50, score>=0.50
################################################################################################
what           :         AP     AP_50%     AP_25%     Recall   Precision    F1-Score
################################################################################################
fallentree     :      0.000      0.000      0.000      0.000       0.000       0.000
------------------------------------------------------------------------------------------------
average        :      0.000      0.000      0.000      0.000       0.000       0.000
################################################################################################
################################################################################################
Epoch 112 validation (2026-08-31T23:21:55)
Object metrics @ IoU=0.50, score>=0.50
################################################################################################
what           :         AP     AP_50%     AP_25%     Recall   Precision    F1-Score
################################################################################################
fallentree     :      0.000      0.000      0.000      0.000       0.000       0.000
------------------------------------------------------------------------------------------------
average        :      0.000      0.000      0.000      0.000       0.000       0.000
################################################################################################
################################################################################################
Epoch 113 validation (2026-08-31T23:23:03)
Object metrics @ IoU=0.50, score>=0.50
################################################################################################
what           :         AP     AP_50%     AP_25%     Recall   Precision    F1-Score
################################################################################################
fallentree     :      0.000      0.000      0.000      0.000       0.000       0.000
------------------------------------------------------------------------------------------------
average        :      0.000      0.000      0.000      0.000       0.000       0.000
################################################################################################
################################################################################################
Epoch 114 validation (2026-08-31T23:24:12)
Object metrics @ IoU=0.50, score>=0.50
################################################################################################
what           :         AP     AP_50%     AP_25%     Recall   Precision    F1-Score
################################################################################################
fallentree     :      0.000      0.000      0.000      0.000       0.000       0.000
------------------------------------------------------------------------------------------------
average        :      0.000      0.000      0.000      0.000       0.000       0.000
################################################################################################
################################################################################################
Epoch 115 validation (2026-08-31T23:25:15)
Object metrics @ IoU=0.50, score>=0.50
################################################################################################
what           :         AP     AP_50%     AP_25%     Recall   Precision    F1-Score
################################################################################################
fallentree     :      0.000      0.000      0.000      0.000       0.000       0.000
------------------------------------------------------------------------------------------------
average        :      0.000      0.000      0.000      0.000       0.000       0.000
################################################################################################
################################################################################################
Epoch 116 validation (2026-08-31T23:26:04)
Object metrics @ IoU=0.50, score>=0.50
################################################################################################
what           :         AP     AP_50%     AP_25%     Recall   Precision    F1-Score
################################################################################################
fallentree     :      0.000      0.000      0.000      0.000       0.000       0.000
------------------------------------------------------------------------------------------------
average        :      0.000      0.000      0.000      0.000       0.000       0.000
################################################################################################
################################################################################################
Epoch 117 validation (2026-08-31T23:27:13)
Object metrics @ IoU=0.50, score>=0.50
################################################################################################
what           :         AP     AP_50%     AP_25%     Recall   Precision    F1-Score
################################################################################################
fallentree     :      0.000      0.000      0.000      0.000       0.000       0.000
------------------------------------------------------------------------------------------------
average        :      0.000      0.000      0.000      0.000       0.000       0.000
################################################################################################
################################################################################################
Epoch 118 validation (2026-08-31T23:28:06)
Object metrics @ IoU=0.50, score>=0.50
################################################################################################
what           :         AP     AP_50%     AP_25%     Recall   Precision    F1-Score
################################################################################################
fallentree     :      0.000      0.000      0.000      0.000       0.000       0.000
------------------------------------------------------------------------------------------------
average        :      0.000      0.000      0.000      0.000       0.000       0.000
################################################################################################
################################################################################################
Epoch 119 validation (2026-08-31T23:28:53)
Object metrics @ IoU=0.50, score>=0.50
################################################################################################
what           :         AP     AP_50%     AP_25%     Recall   Precision    F1-Score
################################################################################################
fallentree     :      0.000      0.000      0.000      0.000       0.000       0.000
------------------------------------------------------------------------------------------------
average        :      0.000      0.000      0.000      0.000       0.000       0.000
################################################################################################
################################################################################################
Epoch 120 validation (2026-08-31T23:29:42)
Object metrics @ IoU=0.50, score>=0.50
################################################################################################
what           :         AP     AP_50%     AP_25%     Recall   Precision    F1-Score
################################################################################################
fallentree     :      0.000      0.000      0.000      0.000       0.000       0.000
------------------------------------------------------------------------------------------------
average        :      0.000      0.000      0.000      0.000       0.000       0.000
################################################################################################
################################################################################################
Epoch 121 validation (2026-08-31T23:30:36)
Object metrics @ IoU=0.50, score>=0.50
################################################################################################
what           :         AP     AP_50%     AP_25%     Recall   Precision    F1-Score
################################################################################################
fallentree     :      0.000      0.000      0.000      0.000       0.000       0.000
------------------------------------------------------------------------------------------------
average        :      0.000      0.000      0.000      0.000       0.000       0.000
################################################################################################
################################################################################################
Epoch 122 validation (2026-08-31T23:31:41)
Object metrics @ IoU=0.50, score>=0.50
################################################################################################
what           :         AP     AP_50%     AP_25%     Recall   Precision    F1-Score
################################################################################################
fallentree     :      0.000      0.000      0.000      0.000       0.000       0.000
------------------------------------------------------------------------------------------------
average        :      0.000      0.000      0.000      0.000       0.000       0.000
################################################################################################
################################################################################################
Epoch 123 validation (2026-08-31T23:32:31)
Object metrics @ IoU=0.50, score>=0.50
################################################################################################
what           :         AP     AP_50%     AP_25%     Recall   Precision    F1-Score
################################################################################################
fallentree     :      0.000      0.000      0.000      0.000       0.000       0.000
------------------------------------------------------------------------------------------------
average        :      0.000      0.000      0.000      0.000       0.000       0.000
################################################################################################
################################################################################################
Epoch 124 validation (2026-08-31T23:33:34)
Object metrics @ IoU=0.50, score>=0.50
################################################################################################
what           :         AP     AP_50%     AP_25%     Recall   Precision    F1-Score
################################################################################################
fallentree     :      0.000      0.000      0.000      0.000       0.000       0.000
------------------------------------------------------------------------------------------------
average        :      0.000      0.000      0.000      0.000       0.000       0.000
################################################################################################
################################################################################################
Epoch 125 validation (2026-08-31T23:34:20)
Object metrics @ IoU=0.50, score>=0.50
################################################################################################
what           :         AP     AP_50%     AP_25%     Recall   Precision    F1-Score
################################################################################################
fallentree     :      0.000      0.000      0.000      0.000       0.000       0.000
------------------------------------------------------------------------------------------------
average        :      0.000      0.000      0.000      0.000       0.000       0.000
################################################################################################
################################################################################################
Epoch 126 validation (2026-08-31T23:35:09)
Object metrics @ IoU=0.50, score>=0.50
################################################################################################
what           :         AP     AP_50%     AP_25%     Recall   Precision    F1-Score
################################################################################################
fallentree     :      0.000      0.000      0.000      0.000       0.000       0.000
------------------------------------------------------------------------------------------------
average        :      0.000      0.000      0.000      0.000       0.000       0.000
################################################################################################
################################################################################################
Epoch 127 validation (2026-08-31T23:36:19)
Object metrics @ IoU=0.50, score>=0.50
################################################################################################
what           :         AP     AP_50%     AP_25%     Recall   Precision    F1-Score
################################################################################################
fallentree     :      0.000      0.000      0.000      0.000       0.000       0.000
------------------------------------------------------------------------------------------------
average        :      0.000      0.000      0.000      0.000       0.000       0.000
################################################################################################
################################################################################################
Epoch 128 validation (2026-08-31T23:37:16)
Object metrics @ IoU=0.50, score>=0.50
################################################################################################
what           :         AP     AP_50%     AP_25%     Recall   Precision    F1-Score
################################################################################################
fallentree     :      0.000      0.000      0.000      0.000       0.000       0.000
------------------------------------------------------------------------------------------------
average        :      0.000      0.000      0.000      0.000       0.000       0.000
################################################################################################
################################################################################################
Epoch 129 validation (2026-08-31T23:38:20)
Object metrics @ IoU=0.50, score>=0.50
################################################################################################
what           :         AP     AP_50%     AP_25%     Recall   Precision    F1-Score
################################################################################################
fallentree     :      0.000      0.000      0.000      0.000       0.000       0.000
------------------------------------------------------------------------------------------------
average        :      0.000      0.000      0.000      0.000       0.000       0.000
################################################################################################
################################################################################################
Epoch 130 validation (2026-08-31T23:39:23)
Object metrics @ IoU=0.50, score>=0.50
################################################################################################
what           :         AP     AP_50%     AP_25%     Recall   Precision    F1-Score
################################################################################################
fallentree     :      0.000      0.000      0.000      0.000       0.000       0.000
------------------------------------------------------------------------------------------------
average        :      0.000      0.000      0.000      0.000       0.000       0.000
################################################################################################
################################################################################################
Epoch 131 validation (2026-08-31T23:40:22)
Object metrics @ IoU=0.50, score>=0.50
################################################################################################
what           :         AP     AP_50%     AP_25%     Recall   Precision    F1-Score
################################################################################################
fallentree     :      0.000      0.000      0.000      0.000       0.000       0.000
------------------------------------------------------------------------------------------------
average        :      0.000      0.000      0.000      0.000       0.000       0.000
################################################################################################
################################################################################################
Epoch 132 validation (2026-08-31T23:41:24)
Object metrics @ IoU=0.50, score>=0.50
################################################################################################
what           :         AP     AP_50%     AP_25%     Recall   Precision    F1-Score
################################################################################################
fallentree     :      0.000      0.000      0.000      0.000       0.000       0.000
------------------------------------------------------------------------------------------------
average        :      0.000      0.000      0.000      0.000       0.000       0.000
################################################################################################
################################################################################################
Epoch 133 validation (2026-08-31T23:42:25)
Object metrics @ IoU=0.50, score>=0.50
################################################################################################
what           :         AP     AP_50%     AP_25%     Recall   Precision    F1-Score
################################################################################################
fallentree     :      0.000      0.000      0.000      0.000       0.000       0.000
------------------------------------------------------------------------------------------------
average        :      0.000      0.000      0.000      0.000       0.000       0.000
################################################################################################
################################################################################################
Epoch 134 validation (2026-08-31T23:43:19)
Object metrics @ IoU=0.50, score>=0.50
################################################################################################
what           :         AP     AP_50%     AP_25%     Recall   Precision    F1-Score
################################################################################################
fallentree     :      0.000      0.000      0.000      0.000       0.000       0.000
------------------------------------------------------------------------------------------------
average        :      0.000      0.000      0.000      0.000       0.000       0.000
################################################################################################
################################################################################################
Epoch 135 validation (2026-08-31T23:44:13)
Object metrics @ IoU=0.50, score>=0.50
################################################################################################
what           :         AP     AP_50%     AP_25%     Recall   Precision    F1-Score
################################################################################################
fallentree     :      0.000      0.000      0.000      0.000       0.000       0.000
------------------------------------------------------------------------------------------------
average        :      0.000      0.000      0.000      0.000       0.000       0.000
################################################################################################
################################################################################################
Epoch 136 validation (2026-08-31T23:45:06)
Object metrics @ IoU=0.50, score>=0.50
################################################################################################
what           :         AP     AP_50%     AP_25%     Recall   Precision    F1-Score
################################################################################################
fallentree     :      0.000      0.000      0.000      0.000       0.000       0.000
------------------------------------------------------------------------------------------------
average        :      0.000      0.000      0.000      0.000       0.000       0.000
################################################################################################
################################################################################################
Epoch 137 validation (2026-08-31T23:46:12)
Object metrics @ IoU=0.50, score>=0.50
################################################################################################
what           :         AP     AP_50%     AP_25%     Recall   Precision    F1-Score
################################################################################################
fallentree     :      0.000      0.000      0.000      0.000       0.000       0.000
------------------------------------------------------------------------------------------------
average        :      0.000      0.000      0.000      0.000       0.000       0.000
################################################################################################
################################################################################################
Epoch 138 validation (2026-08-31T23:47:19)
Object metrics @ IoU=0.50, score>=0.50
################################################################################################
what           :         AP     AP_50%     AP_25%     Recall   Precision    F1-Score
################################################################################################
fallentree     :      0.000      0.000      0.000      0.000       0.000       0.000
------------------------------------------------------------------------------------------------
average        :      0.000      0.000      0.000      0.000       0.000       0.000
################################################################################################
################################################################################################
Epoch 139 validation (2026-08-31T23:48:06)
Object metrics @ IoU=0.50, score>=0.50
################################################################################################
what           :         AP     AP_50%     AP_25%     Recall   Precision    F1-Score
################################################################################################
fallentree     :      0.000      0.000      0.000      0.000       0.000       0.000
------------------------------------------------------------------------------------------------
average        :      0.000      0.000      0.000      0.000       0.000       0.000
################################################################################################
################################################################################################
Epoch 140 validation (2026-08-31T23:48:57)
Object metrics @ IoU=0.50, score>=0.50
################################################################################################
what           :         AP     AP_50%     AP_25%     Recall   Precision    F1-Score
################################################################################################
fallentree     :      0.000      0.000      0.000      0.000       0.000       0.000
------------------------------------------------------------------------------------------------
average        :      0.000      0.000      0.000      0.000       0.000       0.000
################################################################################################
################################################################################################
Epoch 141 validation (2026-08-31T23:49:49)
Object metrics @ IoU=0.50, score>=0.50
################################################################################################
what           :         AP     AP_50%     AP_25%     Recall   Precision    F1-Score
################################################################################################
fallentree     :      0.000      0.000      0.000      0.000       0.000       0.000
------------------------------------------------------------------------------------------------
average        :      0.000      0.000      0.000      0.000       0.000       0.000
################################################################################################
################################################################################################
Epoch 142 validation (2026-08-31T23:50:45)
Object metrics @ IoU=0.50, score>=0.50
################################################################################################
what           :         AP     AP_50%     AP_25%     Recall   Precision    F1-Score
################################################################################################
fallentree     :      0.000      0.000      0.000      0.000       0.000       0.000
------------------------------------------------------------------------------------------------
average        :      0.000      0.000      0.000      0.000       0.000       0.000
################################################################################################
################################################################################################
Epoch 143 validation (2026-08-31T23:51:32)
Object metrics @ IoU=0.50, score>=0.50
################################################################################################
what           :         AP     AP_50%     AP_25%     Recall   Precision    F1-Score
################################################################################################
fallentree     :      0.000      0.000      0.000      0.000       0.000       0.000
------------------------------------------------------------------------------------------------
average        :      0.000      0.000      0.000      0.000       0.000       0.000
################################################################################################
################################################################################################
Epoch 144 validation (2026-08-31T23:52:22)
Object metrics @ IoU=0.50, score>=0.50
################################################################################################
what           :         AP     AP_50%     AP_25%     Recall   Precision    F1-Score
################################################################################################
fallentree     :      0.000      0.000      0.000      0.000       0.000       0.000
------------------------------------------------------------------------------------------------
average        :      0.000      0.000      0.000      0.000       0.000       0.000
################################################################################################
################################################################################################
Epoch 145 validation (2026-08-31T23:53:10)
Object metrics @ IoU=0.50, score>=0.50
################################################################################################
what           :         AP     AP_50%     AP_25%     Recall   Precision    F1-Score
################################################################################################
fallentree     :      0.000      0.000      0.000      0.000       0.000       0.000
------------------------------------------------------------------------------------------------
average        :      0.000      0.000      0.000      0.000       0.000       0.000
################################################################################################
################################################################################################
Epoch 146 validation (2026-08-31T23:54:01)
Object metrics @ IoU=0.50, score>=0.50
################################################################################################
what           :         AP     AP_50%     AP_25%     Recall   Precision    F1-Score
################################################################################################
fallentree     :      0.000      0.000      0.000      0.000       0.000       0.000
------------------------------------------------------------------------------------------------
average        :      0.000      0.000      0.000      0.000       0.000       0.000
################################################################################################
################################################################################################
Epoch 147 validation (2026-08-31T23:55:04)
Object metrics @ IoU=0.50, score>=0.50
################################################################################################
what           :         AP     AP_50%     AP_25%     Recall   Precision    F1-Score
################################################################################################
fallentree     :      0.000      0.000      0.000      0.000       0.000       0.000
------------------------------------------------------------------------------------------------
average        :      0.000      0.000      0.000      0.000       0.000       0.000
################################################################################################
################################################################################################
Epoch 148 validation (2026-08-31T23:56:05)
Object metrics @ IoU=0.50, score>=0.50
################################################################################################
what           :         AP     AP_50%     AP_25%     Recall   Precision    F1-Score
################################################################################################
fallentree     :      0.000      0.000      0.000      0.000       0.000       0.000
------------------------------------------------------------------------------------------------
average        :      0.000      0.000      0.000      0.000       0.000       0.000
################################################################################################
################################################################################################
Epoch 149 validation (2026-08-31T23:56:40)
Object metrics @ IoU=0.50, score>=0.50
################################################################################################
what           :         AP     AP_50%     AP_25%     Recall   Precision    F1-Score
################################################################################################
fallentree     :      0.000      0.000      0.000      0.000       0.000       0.000
------------------------------------------------------------------------------------------------
average        :      0.000      0.000      0.000      0.000       0.000       0.000
################################################################################################
################################################################################################
Epoch 150 validation (2026-08-31T23:57:17)
Object metrics @ IoU=0.50, score>=0.50
################################################################################################
what           :         AP     AP_50%     AP_25%     Recall   Precision    F1-Score
################################################################################################
fallentree     :      0.000      0.000      0.000      0.000       0.000       0.000
------------------------------------------------------------------------------------------------
average        :      0.000      0.000      0.000      0.000       0.000       0.000
################################################################################################
################################################################################################
Epoch 151 validation (2026-08-31T23:58:05)
Object metrics @ IoU=0.50, score>=0.50
################################################################################################
what           :         AP     AP_50%     AP_25%     Recall   Precision    F1-Score
################################################################################################
fallentree     :      0.000      0.000      0.000      0.000       0.000       0.000
------------------------------------------------------------------------------------------------
average        :      0.000      0.000      0.000      0.000       0.000       0.000
################################################################################################
################################################################################################
Epoch 152 validation (2026-08-31T23:58:37)
Object metrics @ IoU=0.50, score>=0.50
################################################################################################
what           :         AP     AP_50%     AP_25%     Recall   Precision    F1-Score
################################################################################################
fallentree     :      0.000      0.000      0.000      0.000       0.000       0.000
------------------------------------------------------------------------------------------------
average        :      0.000      0.000      0.000      0.000       0.000       0.000
################################################################################################
################################################################################################
Epoch 153 validation (2026-08-31T23:59:38)
Object metrics @ IoU=0.50, score>=0.50
################################################################################################
what           :         AP     AP_50%     AP_25%     Recall   Precision    F1-Score
################################################################################################
fallentree     :      0.000      0.000      0.000      0.000       0.000       0.000
------------------------------------------------------------------------------------------------
average        :      0.000      0.000      0.000      0.000       0.000       0.000
################################################################################################
################################################################################################
Epoch 154 validation (2026-09-01T00:00:44)
Object metrics @ IoU=0.50, score>=0.50
################################################################################################
what           :         AP     AP_50%     AP_25%     Recall   Precision    F1-Score
################################################################################################
fallentree     :      0.000      0.000      0.000      0.000       0.000       0.000
------------------------------------------------------------------------------------------------
average        :      0.000      0.000      0.000      0.000       0.000       0.000
################################################################################################
################################################################################################
Epoch 155 validation (2026-09-01T00:01:39)
Object metrics @ IoU=0.50, score>=0.50
################################################################################################
what           :         AP     AP_50%     AP_25%     Recall   Precision    F1-Score
################################################################################################
fallentree     :      0.000      0.000      0.000      0.000       0.000       0.000
------------------------------------------------------------------------------------------------
average        :      0.000      0.000      0.000      0.000       0.000       0.000
################################################################################################
################################################################################################
Epoch 156 validation (2026-09-01T00:02:31)
Object metrics @ IoU=0.50, score>=0.50
################################################################################################
what           :         AP     AP_50%     AP_25%     Recall   Precision    F1-Score
################################################################################################
fallentree     :      0.000      0.000      0.000      0.000       0.000       0.000
------------------------------------------------------------------------------------------------
average        :      0.000      0.000      0.000      0.000       0.000       0.000
################################################################################################
################################################################################################
Epoch 157 validation (2026-09-01T00:03:30)
Object metrics @ IoU=0.50, score>=0.50
################################################################################################
what           :         AP     AP_50%     AP_25%     Recall   Precision    F1-Score
################################################################################################
fallentree     :      0.000      0.000      0.000      0.000       0.000       0.000
------------------------------------------------------------------------------------------------
average        :      0.000      0.000      0.000      0.000       0.000       0.000
################################################################################################
################################################################################################
Epoch 158 validation (2026-09-01T00:04:25)
Object metrics @ IoU=0.50, score>=0.50
################################################################################################
what           :         AP     AP_50%     AP_25%     Recall   Precision    F1-Score
################################################################################################
fallentree     :      0.000      0.000      0.000      0.000       0.000       0.000
------------------------------------------------------------------------------------------------
average        :      0.000      0.000      0.000      0.000       0.000       0.000
################################################################################################
################################################################################################
Epoch 159 validation (2026-09-01T00:05:25)
Object metrics @ IoU=0.50, score>=0.50
################################################################################################
what           :         AP     AP_50%     AP_25%     Recall   Precision    F1-Score
################################################################################################
fallentree     :      0.000      0.000      0.000      0.000       0.000       0.000
------------------------------------------------------------------------------------------------
average        :      0.000      0.000      0.000      0.000       0.000       0.000
################################################################################################
################################################################################################
Epoch 160 validation (2026-09-01T00:06:18)
Object metrics @ IoU=0.50, score>=0.50
################################################################################################
what           :         AP     AP_50%     AP_25%     Recall   Precision    F1-Score
################################################################################################
fallentree     :      0.000      0.000      0.000      0.000       0.000       0.000
------------------------------------------------------------------------------------------------
average        :      0.000      0.000      0.000      0.000       0.000       0.000
################################################################################################
################################################################################################
Epoch 161 validation (2026-09-01T00:07:11)
Object metrics @ IoU=0.50, score>=0.50
################################################################################################
what           :         AP     AP_50%     AP_25%     Recall   Precision    F1-Score
################################################################################################
fallentree     :      0.000      0.000      0.000      0.000       0.000       0.000
------------------------------------------------------------------------------------------------
average        :      0.000      0.000      0.000      0.000       0.000       0.000
################################################################################################
################################################################################################
Epoch 162 validation (2026-09-01T00:08:05)
Object metrics @ IoU=0.50, score>=0.50
################################################################################################
what           :         AP     AP_50%     AP_25%     Recall   Precision    F1-Score
################################################################################################
fallentree     :      0.000      0.000      0.000      0.000       0.000       0.000
------------------------------------------------------------------------------------------------
average        :      0.000      0.000      0.000      0.000       0.000       0.000
################################################################################################
################################################################################################
Epoch 163 validation (2026-09-01T00:09:05)
Object metrics @ IoU=0.50, score>=0.50
################################################################################################
what           :         AP     AP_50%     AP_25%     Recall   Precision    F1-Score
################################################################################################
fallentree     :      0.000      0.000      0.000      0.000       0.000       0.000
------------------------------------------------------------------------------------------------
average        :      0.000      0.000      0.000      0.000       0.000       0.000
################################################################################################
################################################################################################
Epoch 164 validation (2026-09-01T00:09:39)
Object metrics @ IoU=0.50, score>=0.50
################################################################################################
what           :         AP     AP_50%     AP_25%     Recall   Precision    F1-Score
################################################################################################
fallentree     :      0.000      0.000      0.000      0.000       0.000       0.000
------------------------------------------------------------------------------------------------
average        :      0.000      0.000      0.000      0.000       0.000       0.000
################################################################################################
################################################################################################
Epoch 165 validation (2026-09-01T00:10:47)
Object metrics @ IoU=0.50, score>=0.50
################################################################################################
what           :         AP     AP_50%     AP_25%     Recall   Precision    F1-Score
################################################################################################
fallentree     :      0.000      0.000      0.000      0.000       0.000       0.000
------------------------------------------------------------------------------------------------
average        :      0.000      0.000      0.000      0.000       0.000       0.000
################################################################################################
################################################################################################
Epoch 166 validation (2026-09-01T00:11:48)
Object metrics @ IoU=0.50, score>=0.50
################################################################################################
what           :         AP     AP_50%     AP_25%     Recall   Precision    F1-Score
################################################################################################
fallentree     :      0.000      0.000      0.000      0.000       0.000       0.000
------------------------------------------------------------------------------------------------
average        :      0.000      0.000      0.000      0.000       0.000       0.000
################################################################################################
################################################################################################
Epoch 167 validation (2026-09-01T00:12:37)
Object metrics @ IoU=0.50, score>=0.50
################################################################################################
what           :         AP     AP_50%     AP_25%     Recall   Precision    F1-Score
################################################################################################
fallentree     :      0.000      0.000      0.000      0.000       0.000       0.000
------------------------------------------------------------------------------------------------
average        :      0.000      0.000      0.000      0.000       0.000       0.000
################################################################################################
################################################################################################
Epoch 168 validation (2026-09-01T00:13:22)
Object metrics @ IoU=0.50, score>=0.50
################################################################################################
what           :         AP     AP_50%     AP_25%     Recall   Precision    F1-Score
################################################################################################
fallentree     :      0.000      0.000      0.000      0.000       0.000       0.000
------------------------------------------------------------------------------------------------
average        :      0.000      0.000      0.000      0.000       0.000       0.000
################################################################################################
################################################################################################
Epoch 169 validation (2026-09-01T00:14:11)
Object metrics @ IoU=0.50, score>=0.50
################################################################################################
what           :         AP     AP_50%     AP_25%     Recall   Precision    F1-Score
################################################################################################
fallentree     :      0.000      0.000      0.000      0.000       0.000       0.000
------------------------------------------------------------------------------------------------
average        :      0.000      0.000      0.000      0.000       0.000       0.000
################################################################################################
################################################################################################
Epoch 170 validation (2026-09-01T00:14:59)
Object metrics @ IoU=0.50, score>=0.50
################################################################################################
what           :         AP     AP_50%     AP_25%     Recall   Precision    F1-Score
################################################################################################
fallentree     :      0.000      0.000      0.000      0.000       0.000       0.000
------------------------------------------------------------------------------------------------
average        :      0.000      0.000      0.000      0.000       0.000       0.000
################################################################################################
################################################################################################
Epoch 171 validation (2026-09-01T00:16:07)
Object metrics @ IoU=0.50, score>=0.50
################################################################################################
what           :         AP     AP_50%     AP_25%     Recall   Precision    F1-Score
################################################################################################
fallentree     :      0.000      0.000      0.000      0.000       0.000       0.000
------------------------------------------------------------------------------------------------
average        :      0.000      0.000      0.000      0.000       0.000       0.000
################################################################################################
################################################################################################
Epoch 172 validation (2026-09-01T00:17:06)
Object metrics @ IoU=0.50, score>=0.50
################################################################################################
what           :         AP     AP_50%     AP_25%     Recall   Precision    F1-Score
################################################################################################
fallentree     :      0.000      0.000      0.000      0.000       0.000       0.000
------------------------------------------------------------------------------------------------
average        :      0.000      0.000      0.000      0.000       0.000       0.000
################################################################################################
################################################################################################
Epoch 173 validation (2026-09-01T00:17:57)
Object metrics @ IoU=0.50, score>=0.50
################################################################################################
what           :         AP     AP_50%     AP_25%     Recall   Precision    F1-Score
################################################################################################
fallentree     :      0.000      0.000      0.000      0.000       0.000       0.000
------------------------------------------------------------------------------------------------
average        :      0.000      0.000      0.000      0.000       0.000       0.000
################################################################################################
################################################################################################
Epoch 174 validation (2026-09-01T00:18:45)
Object metrics @ IoU=0.50, score>=0.50
################################################################################################
what           :         AP     AP_50%     AP_25%     Recall   Precision    F1-Score
################################################################################################
fallentree     :      0.000      0.000      0.000      0.000       0.000       0.000
------------------------------------------------------------------------------------------------
average        :      0.000      0.000      0.000      0.000       0.000       0.000
################################################################################################
################################################################################################
Epoch 175 validation (2026-09-01T00:19:33)
Object metrics @ IoU=0.50, score>=0.50
################################################################################################
what           :         AP     AP_50%     AP_25%     Recall   Precision    F1-Score
################################################################################################
fallentree     :      0.000      0.000      0.000      0.000       0.000       0.000
------------------------------------------------------------------------------------------------
average        :      0.000      0.000      0.000      0.000       0.000       0.000
################################################################################################
################################################################################################
Epoch 176 validation (2026-09-01T00:20:19)
Object metrics @ IoU=0.50, score>=0.50
################################################################################################
what           :         AP     AP_50%     AP_25%     Recall   Precision    F1-Score
################################################################################################
fallentree     :      0.000      0.000      0.000      0.000       0.000       0.000
------------------------------------------------------------------------------------------------
average        :      0.000      0.000      0.000      0.000       0.000       0.000
################################################################################################
################################################################################################
Epoch 177 validation (2026-09-01T00:21:28)
Object metrics @ IoU=0.50, score>=0.50
################################################################################################
what           :         AP     AP_50%     AP_25%     Recall   Precision    F1-Score
################################################################################################
fallentree     :      0.000      0.000      0.000      0.000       0.000       0.000
------------------------------------------------------------------------------------------------
average        :      0.000      0.000      0.000      0.000       0.000       0.000
################################################################################################
################################################################################################
Epoch 178 validation (2026-09-01T00:22:15)
Object metrics @ IoU=0.50, score>=0.50
################################################################################################
what           :         AP     AP_50%     AP_25%     Recall   Precision    F1-Score
################################################################################################
fallentree     :      0.000      0.000      0.000      0.000       0.000       0.000
------------------------------------------------------------------------------------------------
average        :      0.000      0.000      0.000      0.000       0.000       0.000
################################################################################################
################################################################################################
Epoch 179 validation (2026-09-01T00:23:15)
Object metrics @ IoU=0.50, score>=0.50
################################################################################################
what           :         AP     AP_50%     AP_25%     Recall   Precision    F1-Score
################################################################################################
fallentree     :      0.000      0.000      0.000      0.000       0.000       0.000
------------------------------------------------------------------------------------------------
average        :      0.000      0.000      0.000      0.000       0.000       0.000
################################################################################################
################################################################################################
Epoch 180 validation (2026-09-01T00:24:09)
Object metrics @ IoU=0.50, score>=0.50
################################################################################################
what           :         AP     AP_50%     AP_25%     Recall   Precision    F1-Score
################################################################################################
fallentree     :      0.000      0.000      0.000      0.000       0.000       0.000
------------------------------------------------------------------------------------------------
average        :      0.000      0.000      0.000      0.000       0.000       0.000
################################################################################################
################################################################################################
Epoch 181 validation (2026-09-01T00:25:12)
Object metrics @ IoU=0.50, score>=0.50
################################################################################################
what           :         AP     AP_50%     AP_25%     Recall   Precision    F1-Score
################################################################################################
fallentree     :      0.000      0.000      0.000      0.000       0.000       0.000
------------------------------------------------------------------------------------------------
average        :      0.000      0.000      0.000      0.000       0.000       0.000
################################################################################################
################################################################################################
Epoch 182 validation (2026-09-01T00:25:58)
Object metrics @ IoU=0.50, score>=0.50
################################################################################################
what           :         AP     AP_50%     AP_25%     Recall   Precision    F1-Score
################################################################################################
fallentree     :      0.000      0.000      0.000      0.000       0.000       0.000
------------------------------------------------------------------------------------------------
average        :      0.000      0.000      0.000      0.000       0.000       0.000
################################################################################################
################################################################################################
Epoch 183 validation (2026-09-01T00:26:47)
Object metrics @ IoU=0.50, score>=0.50
################################################################################################
what           :         AP     AP_50%     AP_25%     Recall   Precision    F1-Score
################################################################################################
fallentree     :      0.000      0.000      0.000      0.000       0.000       0.000
------------------------------------------------------------------------------------------------
average        :      0.000      0.000      0.000      0.000       0.000       0.000
################################################################################################
################################################################################################
Epoch 184 validation (2026-09-01T00:27:34)
Object metrics @ IoU=0.50, score>=0.50
################################################################################################
what           :         AP     AP_50%     AP_25%     Recall   Precision    F1-Score
################################################################################################
fallentree     :      0.000      0.000      0.000      0.000       0.000       0.000
------------------------------------------------------------------------------------------------
average        :      0.000      0.000      0.000      0.000       0.000       0.000
################################################################################################
################################################################################################
Epoch 185 validation (2026-09-01T00:28:36)
Object metrics @ IoU=0.50, score>=0.50
################################################################################################
what           :         AP     AP_50%     AP_25%     Recall   Precision    F1-Score
################################################################################################
fallentree     :      0.000      0.000      0.000      0.000       0.000       0.000
------------------------------------------------------------------------------------------------
average        :      0.000      0.000      0.000      0.000       0.000       0.000
################################################################################################
################################################################################################
Epoch 186 validation (2026-09-01T00:29:25)
Object metrics @ IoU=0.50, score>=0.50
################################################################################################
what           :         AP     AP_50%     AP_25%     Recall   Precision    F1-Score
################################################################################################
fallentree     :      0.000      0.000      0.000      0.000       0.000       0.000
------------------------------------------------------------------------------------------------
average        :      0.000      0.000      0.000      0.000       0.000       0.000
################################################################################################
################################################################################################
Epoch 187 validation (2026-09-01T00:30:16)
Object metrics @ IoU=0.50, score>=0.50
################################################################################################
what           :         AP     AP_50%     AP_25%     Recall   Precision    F1-Score
################################################################################################
fallentree     :      0.000      0.000      0.000      0.000       0.000       0.000
------------------------------------------------------------------------------------------------
average        :      0.000      0.000      0.000      0.000       0.000       0.000
################################################################################################
################################################################################################
Epoch 188 validation (2026-09-01T00:31:17)
Object metrics @ IoU=0.50, score>=0.50
################################################################################################
what           :         AP     AP_50%     AP_25%     Recall   Precision    F1-Score
################################################################################################
fallentree     :      0.000      0.000      0.000      0.000       0.000       0.000
------------------------------------------------------------------------------------------------
average        :      0.000      0.000      0.000      0.000       0.000       0.000
################################################################################################
################################################################################################
Epoch 189 validation (2026-09-01T00:32:20)
Object metrics @ IoU=0.50, score>=0.50
################################################################################################
what           :         AP     AP_50%     AP_25%     Recall   Precision    F1-Score
################################################################################################
fallentree     :      0.000      0.000      0.000      0.000       0.000       0.000
------------------------------------------------------------------------------------------------
average        :      0.000      0.000      0.000      0.000       0.000       0.000
################################################################################################
################################################################################################
Epoch 190 validation (2026-09-01T00:32:54)
Object metrics @ IoU=0.50, score>=0.50
################################################################################################
what           :         AP     AP_50%     AP_25%     Recall   Precision    F1-Score
################################################################################################
fallentree     :      0.000      0.000      0.000      0.000       0.000       0.000
------------------------------------------------------------------------------------------------
average        :      0.000      0.000      0.000      0.000       0.000       0.000
################################################################################################
################################################################################################
Epoch 191 validation (2026-09-01T00:33:50)
Object metrics @ IoU=0.50, score>=0.50
################################################################################################
what           :         AP     AP_50%     AP_25%     Recall   Precision    F1-Score
################################################################################################
fallentree     :      0.000      0.000      0.000      0.000       0.000       0.000
------------------------------------------------------------------------------------------------
average        :      0.000      0.000      0.000      0.000       0.000       0.000
################################################################################################
################################################################################################
Epoch 192 validation (2026-09-01T00:34:23)
Object metrics @ IoU=0.50, score>=0.50
################################################################################################
what           :         AP     AP_50%     AP_25%     Recall   Precision    F1-Score
################################################################################################
fallentree     :      0.000      0.000      0.000      0.000       0.000       0.000
------------------------------------------------------------------------------------------------
average        :      0.000      0.000      0.000      0.000       0.000       0.000
################################################################################################
################################################################################################
Epoch 193 validation (2026-09-01T00:35:08)
Object metrics @ IoU=0.50, score>=0.50
################################################################################################
what           :         AP     AP_50%     AP_25%     Recall   Precision    F1-Score
################################################################################################
fallentree     :      0.000      0.000      0.000      0.000       0.000       0.000
------------------------------------------------------------------------------------------------
average        :      0.000      0.000      0.000      0.000       0.000       0.000
################################################################################################
################################################################################################
Epoch 194 validation (2026-09-01T00:35:54)
Object metrics @ IoU=0.50, score>=0.50
################################################################################################
what           :         AP     AP_50%     AP_25%     Recall   Precision    F1-Score
################################################################################################
fallentree     :      0.000      0.000      0.000      0.000       0.000       0.000
------------------------------------------------------------------------------------------------
average        :      0.000      0.000      0.000      0.000       0.000       0.000
################################################################################################
################################################################################################
Epoch 195 validation (2026-09-01T00:36:42)
Object metrics @ IoU=0.50, score>=0.50
################################################################################################
what           :         AP     AP_50%     AP_25%     Recall   Precision    F1-Score
################################################################################################
fallentree     :      0.000      0.000      0.000      0.000       0.000       0.000
------------------------------------------------------------------------------------------------
average        :      0.000      0.000      0.000      0.000       0.000       0.000
################################################################################################
################################################################################################
Epoch 196 validation (2026-09-01T00:37:39)
Object metrics @ IoU=0.50, score>=0.50
################################################################################################
what           :         AP     AP_50%     AP_25%     Recall   Precision    F1-Score
################################################################################################
fallentree     :      0.000      0.000      0.000      0.000       0.000       0.000
------------------------------------------------------------------------------------------------
average        :      0.000      0.000      0.000      0.000       0.000       0.000
################################################################################################
################################################################################################
Epoch 197 validation (2026-09-01T00:38:45)
Object metrics @ IoU=0.50, score>=0.50
################################################################################################
what           :         AP     AP_50%     AP_25%     Recall   Precision    F1-Score
################################################################################################
fallentree     :      0.000      0.000      0.000      0.000       0.000       0.000
------------------------------------------------------------------------------------------------
average        :      0.000      0.000      0.000      0.000       0.000       0.000
################################################################################################
################################################################################################
Epoch 198 validation (2026-09-01T00:39:48)
Object metrics @ IoU=0.50, score>=0.50
################################################################################################
what           :         AP     AP_50%     AP_25%     Recall   Precision    F1-Score
################################################################################################
fallentree     :      0.000      0.000      0.000      0.000       0.000       0.000
------------------------------------------------------------------------------------------------
average        :      0.000      0.000      0.000      0.000       0.000       0.000
################################################################################################
################################################################################################
Epoch 199 validation (2026-09-01T00:40:51)
Object metrics @ IoU=0.50, score>=0.50
################################################################################################
what           :         AP     AP_50%     AP_25%     Recall   Precision    F1-Score
################################################################################################
fallentree     :      0.000      0.000      0.000      0.000       0.000       0.000
------------------------------------------------------------------------------------------------
average        :      0.000      0.000      0.000      0.000       0.000       0.000
################################################################################################
################################################################################################
Epoch 200 validation (2026-09-01T00:41:59)
Object metrics @ IoU=0.50, score>=0.50
################################################################################################
what           :         AP     AP_50%     AP_25%     Recall   Precision    F1-Score
################################################################################################
fallentree     :      0.000      0.000      0.000      0.000       0.000       0.000
------------------------------------------------------------------------------------------------
average        :      0.000      0.000      0.000      0.000       0.000       0.000
################################################################################################
################################################################################################
Epoch 201 validation (2026-09-01T00:42:44)
Object metrics @ IoU=0.50, score>=0.50
################################################################################################
what           :         AP     AP_50%     AP_25%     Recall   Precision    F1-Score
################################################################################################
fallentree     :      0.000      0.000      0.000      0.000       0.000       0.000
------------------------------------------------------------------------------------------------
average        :      0.000      0.000      0.000      0.000       0.000       0.000
################################################################################################
################################################################################################
Epoch 202 validation (2026-09-01T00:43:34)
Object metrics @ IoU=0.50, score>=0.50
################################################################################################
what           :         AP     AP_50%     AP_25%     Recall   Precision    F1-Score
################################################################################################
fallentree     :      0.000      0.000      0.000      0.000       0.000       0.000
------------------------------------------------------------------------------------------------
average        :      0.000      0.000      0.000      0.000       0.000       0.000
################################################################################################
################################################################################################
Epoch 203 validation (2026-09-01T00:44:22)
Object metrics @ IoU=0.50, score>=0.50
################################################################################################
what           :         AP     AP_50%     AP_25%     Recall   Precision    F1-Score
################################################################################################
fallentree     :      0.000      0.000      0.000      0.000       0.000       0.000
------------------------------------------------------------------------------------------------
average        :      0.000      0.000      0.000      0.000       0.000       0.000
################################################################################################
################################################################################################
Epoch 204 validation (2026-09-01T00:45:08)
Object metrics @ IoU=0.50, score>=0.50
################################################################################################
what           :         AP     AP_50%     AP_25%     Recall   Precision    F1-Score
################################################################################################
fallentree     :      0.000      0.000      0.000      0.000       0.000       0.000
------------------------------------------------------------------------------------------------
average        :      0.000      0.000      0.000      0.000       0.000       0.000
################################################################################################
################################################################################################
Epoch 205 validation (2026-09-01T00:45:59)
Object metrics @ IoU=0.50, score>=0.50
################################################################################################
what           :         AP     AP_50%     AP_25%     Recall   Precision    F1-Score
################################################################################################
fallentree     :      0.000      0.000      0.000      0.000       0.000       0.000
------------------------------------------------------------------------------------------------
average        :      0.000      0.000      0.000      0.000       0.000       0.000
################################################################################################
################################################################################################
Epoch 206 validation (2026-09-01T00:47:03)
Object metrics @ IoU=0.50, score>=0.50
################################################################################################
what           :         AP     AP_50%     AP_25%     Recall   Precision    F1-Score
################################################################################################
fallentree     :      0.000      0.000      0.000      0.000       0.000       0.000
------------------------------------------------------------------------------------------------
average        :      0.000      0.000      0.000      0.000       0.000       0.000
################################################################################################
################################################################################################
Epoch 207 validation (2026-09-01T00:48:03)
Object metrics @ IoU=0.50, score>=0.50
################################################################################################
what           :         AP     AP_50%     AP_25%     Recall   Precision    F1-Score
################################################################################################
fallentree     :      0.000      0.000      0.000      0.000       0.000       0.000
------------------------------------------------------------------------------------------------
average        :      0.000      0.000      0.000      0.000       0.000       0.000
################################################################################################
################################################################################################
Epoch 208 validation (2026-09-01T00:49:03)
Object metrics @ IoU=0.50, score>=0.50
################################################################################################
what           :         AP     AP_50%     AP_25%     Recall   Precision    F1-Score
################################################################################################
fallentree     :      0.000      0.000      0.000      0.000       0.000       0.000
------------------------------------------------------------------------------------------------
average        :      0.000      0.000      0.000      0.000       0.000       0.000
################################################################################################
################################################################################################
Epoch 209 validation (2026-09-01T00:49:58)
Object metrics @ IoU=0.50, score>=0.50
################################################################################################
what           :         AP     AP_50%     AP_25%     Recall   Precision    F1-Score
################################################################################################
fallentree     :      0.000      0.000      0.000      0.000       0.000       0.000
------------------------------------------------------------------------------------------------
average        :      0.000      0.000      0.000      0.000       0.000       0.000
################################################################################################
################################################################################################
Epoch 210 validation (2026-09-01T00:51:01)
Object metrics @ IoU=0.50, score>=0.50
################################################################################################
what           :         AP     AP_50%     AP_25%     Recall   Precision    F1-Score
################################################################################################
fallentree     :      0.000      0.000      0.000      0.000       0.000       0.000
------------------------------------------------------------------------------------------------
average        :      0.000      0.000      0.000      0.000       0.000       0.000
################################################################################################
################################################################################################
Epoch 211 validation (2026-09-01T00:51:54)
Object metrics @ IoU=0.50, score>=0.50
################################################################################################
what           :         AP     AP_50%     AP_25%     Recall   Precision    F1-Score
################################################################################################
fallentree     :      0.000      0.000      0.000      0.000       0.000       0.000
------------------------------------------------------------------------------------------------
average        :      0.000      0.000      0.000      0.000       0.000       0.000
################################################################################################
################################################################################################
Epoch 212 validation (2026-09-01T00:52:48)
Object metrics @ IoU=0.50, score>=0.50
################################################################################################
what           :         AP     AP_50%     AP_25%     Recall   Precision    F1-Score
################################################################################################
fallentree     :      0.000      0.000      0.000      0.000       0.000       0.000
------------------------------------------------------------------------------------------------
average        :      0.000      0.000      0.000      0.000       0.000       0.000
################################################################################################
################################################################################################
Epoch 213 validation (2026-09-01T00:53:55)
Object metrics @ IoU=0.50, score>=0.50
################################################################################################
what           :         AP     AP_50%     AP_25%     Recall   Precision    F1-Score
################################################################################################
fallentree     :      0.000      0.000      0.000      0.000       0.000       0.000
------------------------------------------------------------------------------------------------
average        :      0.000      0.000      0.000      0.000       0.000       0.000
################################################################################################
################################################################################################
Epoch 214 validation (2026-09-01T00:55:02)
Object metrics @ IoU=0.50, score>=0.50
################################################################################################
what           :         AP     AP_50%     AP_25%     Recall   Precision    F1-Score
################################################################################################
fallentree     :      0.000      0.000      0.000      0.000       0.000       0.000
------------------------------------------------------------------------------------------------
average        :      0.000      0.000      0.000      0.000       0.000       0.000
################################################################################################
################################################################################################
Epoch 215 validation (2026-09-01T00:55:57)
Object metrics @ IoU=0.50, score>=0.50
################################################################################################
what           :         AP     AP_50%     AP_25%     Recall   Precision    F1-Score
################################################################################################
fallentree     :      0.000      0.000      0.000      0.000       0.000       0.000
------------------------------------------------------------------------------------------------
average        :      0.000      0.000      0.000      0.000       0.000       0.000
################################################################################################
################################################################################################
Epoch 216 validation (2026-09-01T00:57:04)
Object metrics @ IoU=0.50, score>=0.50
################################################################################################
what           :         AP     AP_50%     AP_25%     Recall   Precision    F1-Score
################################################################################################
fallentree     :      0.000      0.000      0.000      0.000       0.000       0.000
------------------------------------------------------------------------------------------------
average        :      0.000      0.000      0.000      0.000       0.000       0.000
################################################################################################
################################################################################################
Epoch 217 validation (2026-09-01T00:58:08)
Object metrics @ IoU=0.50, score>=0.50
################################################################################################
what           :         AP     AP_50%     AP_25%     Recall   Precision    F1-Score
################################################################################################
fallentree     :      0.000      0.000      0.000      0.000       0.000       0.000
------------------------------------------------------------------------------------------------
average        :      0.000      0.000      0.000      0.000       0.000       0.000
################################################################################################
################################################################################################
Epoch 218 validation (2026-09-01T00:59:01)
Object metrics @ IoU=0.50, score>=0.50
################################################################################################
what           :         AP     AP_50%     AP_25%     Recall   Precision    F1-Score
################################################################################################
fallentree     :      0.000      0.000      0.000      0.000       0.000       0.000
------------------------------------------------------------------------------------------------
average        :      0.000      0.000      0.000      0.000       0.000       0.000
################################################################################################
################################################################################################
Epoch 219 validation (2026-09-01T00:59:33)
Object metrics @ IoU=0.50, score>=0.50
################################################################################################
what           :         AP     AP_50%     AP_25%     Recall   Precision    F1-Score
################################################################################################
fallentree     :      0.000      0.000      0.000      0.000       0.000       0.000
------------------------------------------------------------------------------------------------
average        :      0.000      0.000      0.000      0.000       0.000       0.000
################################################################################################
################################################################################################
Epoch 220 validation (2026-09-01T01:00:25)
Object metrics @ IoU=0.50, score>=0.50
################################################################################################
what           :         AP     AP_50%     AP_25%     Recall   Precision    F1-Score
################################################################################################
fallentree     :      0.000      0.000      0.000      0.000       0.000       0.000
------------------------------------------------------------------------------------------------
average        :      0.000      0.000      0.000      0.000       0.000       0.000
################################################################################################
################################################################################################
Epoch 221 validation (2026-09-01T01:01:19)
Object metrics @ IoU=0.50, score>=0.50
################################################################################################
what           :         AP     AP_50%     AP_25%     Recall   Precision    F1-Score
################################################################################################
fallentree     :      0.000      0.000      0.000      0.000       0.000       0.000
------------------------------------------------------------------------------------------------
average        :      0.000      0.000      0.000      0.000       0.000       0.000
################################################################################################
################################################################################################
Epoch 222 validation (2026-09-01T01:02:06)
Object metrics @ IoU=0.50, score>=0.50
################################################################################################
what           :         AP     AP_50%     AP_25%     Recall   Precision    F1-Score
################################################################################################
fallentree     :      0.000      0.000      0.000      0.000       0.000       0.000
------------------------------------------------------------------------------------------------
average        :      0.000      0.000      0.000      0.000       0.000       0.000
################################################################################################
################################################################################################
Epoch 223 validation (2026-09-01T01:03:08)
Object metrics @ IoU=0.50, score>=0.50
################################################################################################
what           :         AP     AP_50%     AP_25%     Recall   Precision    F1-Score
################################################################################################
fallentree     :      0.000      0.000      0.000      0.000       0.000       0.000
------------------------------------------------------------------------------------------------
average        :      0.000      0.000      0.000      0.000       0.000       0.000
################################################################################################
################################################################################################
Epoch 224 validation (2026-09-01T01:04:10)
Object metrics @ IoU=0.50, score>=0.50
################################################################################################
what           :         AP     AP_50%     AP_25%     Recall   Precision    F1-Score
################################################################################################
fallentree     :      0.000      0.000      0.000      0.000       0.000       0.000
------------------------------------------------------------------------------------------------
average        :      0.000      0.000      0.000      0.000       0.000       0.000
################################################################################################
################################################################################################
Epoch 225 validation (2026-09-01T01:05:11)
Object metrics @ IoU=0.50, score>=0.50
################################################################################################
what           :         AP     AP_50%     AP_25%     Recall   Precision    F1-Score
################################################################################################
fallentree     :      0.000      0.000      0.000      0.000       0.000       0.000
------------------------------------------------------------------------------------------------
average        :      0.000      0.000      0.000      0.000       0.000       0.000
################################################################################################
################################################################################################
Epoch 226 validation (2026-09-01T01:06:05)
Object metrics @ IoU=0.50, score>=0.50
################################################################################################
what           :         AP     AP_50%     AP_25%     Recall   Precision    F1-Score
################################################################################################
fallentree     :      0.000      0.000      0.000      0.000       0.000       0.000
------------------------------------------------------------------------------------------------
average        :      0.000      0.000      0.000      0.000       0.000       0.000
################################################################################################
################################################################################################
Epoch 227 validation (2026-09-01T01:06:56)
Object metrics @ IoU=0.50, score>=0.50
################################################################################################
what           :         AP     AP_50%     AP_25%     Recall   Precision    F1-Score
################################################################################################
fallentree     :      0.000      0.000      0.000      0.000       0.000       0.000
------------------------------------------------------------------------------------------------
average        :      0.000      0.000      0.000      0.000       0.000       0.000
################################################################################################
################################################################################################
Epoch 228 validation (2026-09-01T01:07:57)
Object metrics @ IoU=0.50, score>=0.50
################################################################################################
what           :         AP     AP_50%     AP_25%     Recall   Precision    F1-Score
################################################################################################
fallentree     :      0.000      0.000      0.000      0.000       0.000       0.000
------------------------------------------------------------------------------------------------
average        :      0.000      0.000      0.000      0.000       0.000       0.000
################################################################################################
################################################################################################
Epoch 229 validation (2026-09-01T01:08:46)
Object metrics @ IoU=0.50, score>=0.50
################################################################################################
what           :         AP     AP_50%     AP_25%     Recall   Precision    F1-Score
################################################################################################
fallentree     :      0.000      0.000      0.000      0.000       0.000       0.000
------------------------------------------------------------------------------------------------
average        :      0.000      0.000      0.000      0.000       0.000       0.000
################################################################################################
################################################################################################
Epoch 230 validation (2026-09-01T01:09:38)
Object metrics @ IoU=0.50, score>=0.50
################################################################################################
what           :         AP     AP_50%     AP_25%     Recall   Precision    F1-Score
################################################################################################
fallentree     :      0.000      0.000      0.000      0.000       0.000       0.000
------------------------------------------------------------------------------------------------
average        :      0.000      0.000      0.000      0.000       0.000       0.000
################################################################################################
################################################################################################
Epoch 231 validation (2026-09-01T01:10:21)
Object metrics @ IoU=0.50, score>=0.50
################################################################################################
what           :         AP     AP_50%     AP_25%     Recall   Precision    F1-Score
################################################################################################
fallentree     :      0.000      0.000      0.000      0.000       0.000       0.000
------------------------------------------------------------------------------------------------
average        :      0.000      0.000      0.000      0.000       0.000       0.000
################################################################################################
################################################################################################
Epoch 232 validation (2026-09-01T01:11:08)
Object metrics @ IoU=0.50, score>=0.50
################################################################################################
what           :         AP     AP_50%     AP_25%     Recall   Precision    F1-Score
################################################################################################
fallentree     :      0.000      0.000      0.000      0.000       0.000       0.000
------------------------------------------------------------------------------------------------
average        :      0.000      0.000      0.000      0.000       0.000       0.000
################################################################################################
################################################################################################
Epoch 233 validation (2026-09-01T01:11:50)
Object metrics @ IoU=0.50, score>=0.50
################################################################################################
what           :         AP     AP_50%     AP_25%     Recall   Precision    F1-Score
################################################################################################
fallentree     :      0.000      0.000      0.000      0.000       0.000       0.000
------------------------------------------------------------------------------------------------
average        :      0.000      0.000      0.000      0.000       0.000       0.000
################################################################################################
################################################################################################
Epoch 234 validation (2026-09-01T01:12:49)
Object metrics @ IoU=0.50, score>=0.50
################################################################################################
what           :         AP     AP_50%     AP_25%     Recall   Precision    F1-Score
################################################################################################
fallentree     :      0.000      0.000      0.000      0.000       0.000       0.000
------------------------------------------------------------------------------------------------
average        :      0.000      0.000      0.000      0.000       0.000       0.000
################################################################################################
################################################################################################
Epoch 235 validation (2026-09-01T01:13:42)
Object metrics @ IoU=0.50, score>=0.50
################################################################################################
what           :         AP     AP_50%     AP_25%     Recall   Precision    F1-Score
################################################################################################
fallentree     :      0.000      0.000      0.000      0.000       0.000       0.000
------------------------------------------------------------------------------------------------
average        :      0.000      0.000      0.000      0.000       0.000       0.000
################################################################################################
################################################################################################
Epoch 236 validation (2026-09-01T01:14:27)
Object metrics @ IoU=0.50, score>=0.50
################################################################################################
what           :         AP     AP_50%     AP_25%     Recall   Precision    F1-Score
################################################################################################
fallentree     :      0.000      0.000      0.000      0.000       0.000       0.000
------------------------------------------------------------------------------------------------
average        :      0.000      0.000      0.000      0.000       0.000       0.000
################################################################################################
################################################################################################
Epoch 237 validation (2026-09-01T01:15:15)
Object metrics @ IoU=0.50, score>=0.50
################################################################################################
what           :         AP     AP_50%     AP_25%     Recall   Precision    F1-Score
################################################################################################
fallentree     :      0.000      0.000      0.000      0.000       0.000       0.000
------------------------------------------------------------------------------------------------
average        :      0.000      0.000      0.000      0.000       0.000       0.000
################################################################################################
################################################################################################
Epoch 238 validation (2026-09-01T01:15:59)
Object metrics @ IoU=0.50, score>=0.50
################################################################################################
what           :         AP     AP_50%     AP_25%     Recall   Precision    F1-Score
################################################################################################
fallentree     :      0.000      0.000      0.000      0.000       0.000       0.000
------------------------------------------------------------------------------------------------
average        :      0.000      0.000      0.000      0.000       0.000       0.000
################################################################################################
################################################################################################
Epoch 239 validation (2026-09-01T01:17:04)
Object metrics @ IoU=0.50, score>=0.50
################################################################################################
what           :         AP     AP_50%     AP_25%     Recall   Precision    F1-Score
################################################################################################
fallentree     :      0.000      0.000      0.000      0.000       0.000       0.000
------------------------------------------------------------------------------------------------
average        :      0.000      0.000      0.000      0.000       0.000       0.000
################################################################################################
################################################################################################
Epoch 240 validation (2026-09-01T01:17:58)
Object metrics @ IoU=0.50, score>=0.50
################################################################################################
what           :         AP     AP_50%     AP_25%     Recall   Precision    F1-Score
################################################################################################
fallentree     :      0.000      0.000      0.000      0.000       0.000       0.000
------------------------------------------------------------------------------------------------
average        :      0.000      0.000      0.000      0.000       0.000       0.000
################################################################################################
################################################################################################
Epoch 241 validation (2026-09-01T01:19:00)
Object metrics @ IoU=0.50, score>=0.50
################################################################################################
what           :         AP     AP_50%     AP_25%     Recall   Precision    F1-Score
################################################################################################
fallentree     :      0.000      0.000      0.000      0.000       0.000       0.000
------------------------------------------------------------------------------------------------
average        :      0.000      0.000      0.000      0.000       0.000       0.000
################################################################################################
################################################################################################
Epoch 242 validation (2026-09-01T01:19:39)
Object metrics @ IoU=0.50, score>=0.50
################################################################################################
what           :         AP     AP_50%     AP_25%     Recall   Precision    F1-Score
################################################################################################
fallentree     :      0.000      0.000      0.000      0.000       0.000       0.000
------------------------------------------------------------------------------------------------
average        :      0.000      0.000      0.000      0.000       0.000       0.000
################################################################################################
################################################################################################
Epoch 243 validation (2026-09-01T01:20:25)
Object metrics @ IoU=0.50, score>=0.50
################################################################################################
what           :         AP     AP_50%     AP_25%     Recall   Precision    F1-Score
################################################################################################
fallentree     :      0.000      0.000      0.000      0.000       0.000       0.000
------------------------------------------------------------------------------------------------
average        :      0.000      0.000      0.000      0.000       0.000       0.000
################################################################################################
################################################################################################
Epoch 244 validation (2026-09-01T01:21:13)
Object metrics @ IoU=0.50, score>=0.50
################################################################################################
what           :         AP     AP_50%     AP_25%     Recall   Precision    F1-Score
################################################################################################
fallentree     :      0.000      0.000      0.000      0.000       0.000       0.000
------------------------------------------------------------------------------------------------
average        :      0.000      0.000      0.000      0.000       0.000       0.000
################################################################################################
################################################################################################
Epoch 245 validation (2026-09-01T01:22:20)
Object metrics @ IoU=0.50, score>=0.50
################################################################################################
what           :         AP     AP_50%     AP_25%     Recall   Precision    F1-Score
################################################################################################
fallentree     :      0.000      0.000      0.000      0.000       0.000       0.000
------------------------------------------------------------------------------------------------
average        :      0.000      0.000      0.000      0.000       0.000       0.000
################################################################################################
################################################################################################
Epoch 246 validation (2026-09-01T01:23:20)
Object metrics @ IoU=0.50, score>=0.50
################################################################################################
what           :         AP     AP_50%     AP_25%     Recall   Precision    F1-Score
################################################################################################
fallentree     :      0.000      0.000      0.000      0.000       0.000       0.000
------------------------------------------------------------------------------------------------
average        :      0.000      0.000      0.000      0.000       0.000       0.000
################################################################################################
################################################################################################
Epoch 247 validation (2026-09-01T01:24:06)
Object metrics @ IoU=0.50, score>=0.50
################################################################################################
what           :         AP     AP_50%     AP_25%     Recall   Precision    F1-Score
################################################################################################
fallentree     :      0.000      0.000      0.000      0.000       0.000       0.000
------------------------------------------------------------------------------------------------
average        :      0.000      0.000      0.000      0.000       0.000       0.000
################################################################################################
################################################################################################
Epoch 248 validation (2026-09-01T01:24:55)
Object metrics @ IoU=0.50, score>=0.50
################################################################################################
what           :         AP     AP_50%     AP_25%     Recall   Precision    F1-Score
################################################################################################
fallentree     :      0.000      0.000      0.000      0.000       0.000       0.000
------------------------------------------------------------------------------------------------
average        :      0.000      0.000      0.000      0.000       0.000       0.000
################################################################################################
################################################################################################
Epoch 249 validation (2026-09-01T01:25:43)
Object metrics @ IoU=0.50, score>=0.50
################################################################################################
what           :         AP     AP_50%     AP_25%     Recall   Precision    F1-Score
################################################################################################
fallentree     :      0.000      0.000      0.000      0.000       0.000       0.000
------------------------------------------------------------------------------------------------
average        :      0.000      0.000      0.000      0.000       0.000       0.000
################################################################################################
################################################################################################
Epoch 250 validation (2026-09-01T01:26:33)
Object metrics @ IoU=0.50, score>=0.50
################################################################################################
what           :         AP     AP_50%     AP_25%     Recall   Precision    F1-Score
################################################################################################
fallentree     :      0.000      0.000      0.000      0.000       0.000       0.000
------------------------------------------------------------------------------------------------
average        :      0.000      0.000      0.000      0.000       0.000       0.000
################################################################################################
################################################################################################
Epoch 251 validation (2026-09-01T01:27:27)
Object metrics @ IoU=0.50, score>=0.50
################################################################################################
what           :         AP     AP_50%     AP_25%     Recall   Precision    F1-Score
################################################################################################
fallentree     :      0.000      0.000      0.000      0.000       0.000       0.000
------------------------------------------------------------------------------------------------
average        :      0.000      0.000      0.000      0.000       0.000       0.000
################################################################################################
################################################################################################
Epoch 252 validation (2026-09-01T01:28:29)
Object metrics @ IoU=0.50, score>=0.50
################################################################################################
what           :         AP     AP_50%     AP_25%     Recall   Precision    F1-Score
################################################################################################
fallentree     :      0.000      0.000      0.000      0.000       0.000       0.000
------------------------------------------------------------------------------------------------
average        :      0.000      0.000      0.000      0.000       0.000       0.000
################################################################################################
################################################################################################
Epoch 253 validation (2026-09-01T01:29:15)
Object metrics @ IoU=0.50, score>=0.50
################################################################################################
what           :         AP     AP_50%     AP_25%     Recall   Precision    F1-Score
################################################################################################
fallentree     :      0.000      0.000      0.000      0.000       0.000       0.000
------------------------------------------------------------------------------------------------
average        :      0.000      0.000      0.000      0.000       0.000       0.000
################################################################################################
################################################################################################
Epoch 254 validation (2026-09-01T01:30:21)
Object metrics @ IoU=0.50, score>=0.50
################################################################################################
what           :         AP     AP_50%     AP_25%     Recall   Precision    F1-Score
################################################################################################
fallentree     :      0.000      0.000      0.000      0.000       0.000       0.000
------------------------------------------------------------------------------------------------
average        :      0.000      0.000      0.000      0.000       0.000       0.000
################################################################################################
################################################################################################
Epoch 255 validation (2026-09-01T01:31:05)
Object metrics @ IoU=0.50, score>=0.50
################################################################################################
what           :         AP     AP_50%     AP_25%     Recall   Precision    F1-Score
################################################################################################
fallentree     :      0.000      0.000      0.000      0.000       0.000       0.000
------------------------------------------------------------------------------------------------
average        :      0.000      0.000      0.000      0.000       0.000       0.000
################################################################################################
################################################################################################
Epoch 256 validation (2026-09-01T01:32:09)
Object metrics @ IoU=0.50, score>=0.50
################################################################################################
what           :         AP     AP_50%     AP_25%     Recall   Precision    F1-Score
################################################################################################
fallentree     :      0.000      0.000      0.000      0.000       0.000       0.000
------------------------------------------------------------------------------------------------
average        :      0.000      0.000      0.000      0.000       0.000       0.000
################################################################################################
################################################################################################
Epoch 257 validation (2026-09-01T01:32:57)
Object metrics @ IoU=0.50, score>=0.50
################################################################################################
what           :         AP     AP_50%     AP_25%     Recall   Precision    F1-Score
################################################################################################
fallentree     :      0.000      0.000      0.000      0.000       0.000       0.000
------------------------------------------------------------------------------------------------
average        :      0.000      0.000      0.000      0.000       0.000       0.000
################################################################################################
################################################################################################
Epoch 258 validation (2026-09-01T01:34:05)
Object metrics @ IoU=0.50, score>=0.50
################################################################################################
what           :         AP     AP_50%     AP_25%     Recall   Precision    F1-Score
################################################################################################
fallentree     :      0.000      0.000      0.000      0.000       0.000       0.000
------------------------------------------------------------------------------------------------
average        :      0.000      0.000      0.000      0.000       0.000       0.000
################################################################################################
################################################################################################
Epoch 259 validation (2026-09-01T01:34:53)
Object metrics @ IoU=0.50, score>=0.50
################################################################################################
what           :         AP     AP_50%     AP_25%     Recall   Precision    F1-Score
################################################################################################
fallentree     :      0.000      0.000      0.000      0.000       0.000       0.000
------------------------------------------------------------------------------------------------
average        :      0.000      0.000      0.000      0.000       0.000       0.000
################################################################################################
################################################################################################
Epoch 260 validation (2026-09-01T01:36:00)
Object metrics @ IoU=0.50, score>=0.50
################################################################################################
what           :         AP     AP_50%     AP_25%     Recall   Precision    F1-Score
################################################################################################
fallentree     :      0.000      0.000      0.000      0.000       0.000       0.000
------------------------------------------------------------------------------------------------
average        :      0.000      0.000      0.000      0.000       0.000       0.000
################################################################################################
################################################################################################
Epoch 261 validation (2026-09-01T01:37:03)
Object metrics @ IoU=0.50, score>=0.50
################################################################################################
what           :         AP     AP_50%     AP_25%     Recall   Precision    F1-Score
################################################################################################
fallentree     :      0.000      0.000      0.000      0.000       0.000       0.000
------------------------------------------------------------------------------------------------
average        :      0.000      0.000      0.000      0.000       0.000       0.000
################################################################################################
################################################################################################
Epoch 262 validation (2026-09-01T01:38:08)
Object metrics @ IoU=0.50, score>=0.50
################################################################################################
what           :         AP     AP_50%     AP_25%     Recall   Precision    F1-Score
################################################################################################
fallentree     :      0.000      0.000      0.000      0.000       0.000       0.000
------------------------------------------------------------------------------------------------
average        :      0.000      0.000      0.000      0.000       0.000       0.000
################################################################################################
################################################################################################
Epoch 263 validation (2026-09-01T01:39:11)
Object metrics @ IoU=0.50, score>=0.50
################################################################################################
what           :         AP     AP_50%     AP_25%     Recall   Precision    F1-Score
################################################################################################
fallentree     :      0.000      0.000      0.000      0.000       0.000       0.000
------------------------------------------------------------------------------------------------
average        :      0.000      0.000      0.000      0.000       0.000       0.000
################################################################################################
################################################################################################
Epoch 264 validation (2026-09-01T01:40:04)
Object metrics @ IoU=0.50, score>=0.50
################################################################################################
what           :         AP     AP_50%     AP_25%     Recall   Precision    F1-Score
################################################################################################
fallentree     :      0.000      0.000      0.000      0.000       0.000       0.000
------------------------------------------------------------------------------------------------
average        :      0.000      0.000      0.000      0.000       0.000       0.000
################################################################################################
################################################################################################
Epoch 265 validation (2026-09-01T01:41:10)
Object metrics @ IoU=0.50, score>=0.50
################################################################################################
what           :         AP     AP_50%     AP_25%     Recall   Precision    F1-Score
################################################################################################
fallentree     :      0.000      0.000      0.000      0.000       0.000       0.000
------------------------------------------------------------------------------------------------
average        :      0.000      0.000      0.000      0.000       0.000       0.000
################################################################################################
################################################################################################
Epoch 266 validation (2026-09-01T01:41:58)
Object metrics @ IoU=0.50, score>=0.50
################################################################################################
what           :         AP     AP_50%     AP_25%     Recall   Precision    F1-Score
################################################################################################
fallentree     :      0.000      0.000      0.000      0.000       0.000       0.000
------------------------------------------------------------------------------------------------
average        :      0.000      0.000      0.000      0.000       0.000       0.000
################################################################################################
################################################################################################
Epoch 267 validation (2026-09-01T01:42:50)
Object metrics @ IoU=0.50, score>=0.50
################################################################################################
what           :         AP     AP_50%     AP_25%     Recall   Precision    F1-Score
################################################################################################
fallentree     :      0.000      0.000      0.000      0.000       0.000       0.000
------------------------------------------------------------------------------------------------
average        :      0.000      0.000      0.000      0.000       0.000       0.000
################################################################################################
################################################################################################
Epoch 268 validation (2026-09-01T01:43:38)
Object metrics @ IoU=0.50, score>=0.50
################################################################################################
what           :         AP     AP_50%     AP_25%     Recall   Precision    F1-Score
################################################################################################
fallentree     :      0.000      0.000      0.000      0.000       0.000       0.000
------------------------------------------------------------------------------------------------
average        :      0.000      0.000      0.000      0.000       0.000       0.000
################################################################################################
################################################################################################
Epoch 269 validation (2026-09-01T01:44:25)
Object metrics @ IoU=0.50, score>=0.50
################################################################################################
what           :         AP     AP_50%     AP_25%     Recall   Precision    F1-Score
################################################################################################
fallentree     :      0.000      0.000      0.000      0.000       0.000       0.000
------------------------------------------------------------------------------------------------
average        :      0.000      0.000      0.000      0.000       0.000       0.000
################################################################################################
################################################################################################
Epoch 270 validation (2026-09-01T01:45:27)
Object metrics @ IoU=0.50, score>=0.50
################################################################################################
what           :         AP     AP_50%     AP_25%     Recall   Precision    F1-Score
################################################################################################
fallentree     :      0.000      0.000      0.000      0.000       0.000       0.000
------------------------------------------------------------------------------------------------
average        :      0.000      0.000      0.000      0.000       0.000       0.000
################################################################################################
################################################################################################
Epoch 271 validation (2026-09-01T01:46:26)
Object metrics @ IoU=0.50, score>=0.50
################################################################################################
what           :         AP     AP_50%     AP_25%     Recall   Precision    F1-Score
################################################################################################
fallentree     :      0.000      0.000      0.000      0.000       0.000       0.000
------------------------------------------------------------------------------------------------
average        :      0.000      0.000      0.000      0.000       0.000       0.000
################################################################################################
################################################################################################
Epoch 272 validation (2026-09-01T01:47:11)
Object metrics @ IoU=0.50, score>=0.50
################################################################################################
what           :         AP     AP_50%     AP_25%     Recall   Precision    F1-Score
################################################################################################
fallentree     :      0.000      0.000      0.000      0.000       0.000       0.000
------------------------------------------------------------------------------------------------
average        :      0.000      0.000      0.000      0.000       0.000       0.000
################################################################################################
################################################################################################
Epoch 273 validation (2026-09-01T01:47:57)
Object metrics @ IoU=0.50, score>=0.50
################################################################################################
what           :         AP     AP_50%     AP_25%     Recall   Precision    F1-Score
################################################################################################
fallentree     :      0.000      0.000      0.000      0.000       0.000       0.000
------------------------------------------------------------------------------------------------
average        :      0.000      0.000      0.000      0.000       0.000       0.000
################################################################################################
################################################################################################
Epoch 274 validation (2026-09-01T01:48:59)
Object metrics @ IoU=0.50, score>=0.50
################################################################################################
what           :         AP     AP_50%     AP_25%     Recall   Precision    F1-Score
################################################################################################
fallentree     :      0.000      0.000      0.000      0.000       0.000       0.000
------------------------------------------------------------------------------------------------
average        :      0.000      0.000      0.000      0.000       0.000       0.000
################################################################################################
################################################################################################
Epoch 275 validation (2026-09-01T01:50:07)
Object metrics @ IoU=0.50, score>=0.50
################################################################################################
what           :         AP     AP_50%     AP_25%     Recall   Precision    F1-Score
################################################################################################
fallentree     :      0.000      0.000      0.000      0.000       0.000       0.000
------------------------------------------------------------------------------------------------
average        :      0.000      0.000      0.000      0.000       0.000       0.000
################################################################################################
################################################################################################
Epoch 276 validation (2026-09-01T01:51:16)
Object metrics @ IoU=0.50, score>=0.50
################################################################################################
what           :         AP     AP_50%     AP_25%     Recall   Precision    F1-Score
################################################################################################
fallentree     :      0.000      0.000      0.000      0.000       0.000       0.000
------------------------------------------------------------------------------------------------
average        :      0.000      0.000      0.000      0.000       0.000       0.000
################################################################################################
################################################################################################
Epoch 277 validation (2026-09-01T01:52:22)
Object metrics @ IoU=0.50, score>=0.50
################################################################################################
what           :         AP     AP_50%     AP_25%     Recall   Precision    F1-Score
################################################################################################
fallentree     :      0.000      0.000      0.000      0.000       0.000       0.000
------------------------------------------------------------------------------------------------
average        :      0.000      0.000      0.000      0.000       0.000       0.000
################################################################################################
################################################################################################
Epoch 278 validation (2026-09-01T01:53:30)
Object metrics @ IoU=0.50, score>=0.50
################################################################################################
what           :         AP     AP_50%     AP_25%     Recall   Precision    F1-Score
################################################################################################
fallentree     :      0.000      0.000      0.000      0.000       0.000       0.000
------------------------------------------------------------------------------------------------
average        :      0.000      0.000      0.000      0.000       0.000       0.000
################################################################################################
################################################################################################
Epoch 279 validation (2026-09-01T01:54:22)
Object metrics @ IoU=0.50, score>=0.50
################################################################################################
what           :         AP     AP_50%     AP_25%     Recall   Precision    F1-Score
################################################################################################
fallentree     :      0.000      0.000      0.000      0.000       0.000       0.000
------------------------------------------------------------------------------------------------
average        :      0.000      0.000      0.000      0.000       0.000       0.000
################################################################################################
################################################################################################
Epoch 280 validation (2026-09-01T01:55:15)
Object metrics @ IoU=0.50, score>=0.50
################################################################################################
what           :         AP     AP_50%     AP_25%     Recall   Precision    F1-Score
################################################################################################
fallentree     :      0.000      0.000      0.000      0.000       0.000       0.000
------------------------------------------------------------------------------------------------
average        :      0.000      0.000      0.000      0.000       0.000       0.000
################################################################################################
################################################################################################
Epoch 281 validation (2026-09-01T01:56:06)
Object metrics @ IoU=0.50, score>=0.50
################################################################################################
what           :         AP     AP_50%     AP_25%     Recall   Precision    F1-Score
################################################################################################
fallentree     :      0.000      0.000      0.000      0.000       0.000       0.000
------------------------------------------------------------------------------------------------
average        :      0.000      0.000      0.000      0.000       0.000       0.000
################################################################################################
################################################################################################
Epoch 282 validation (2026-09-01T01:56:50)
Object metrics @ IoU=0.50, score>=0.50
################################################################################################
what           :         AP     AP_50%     AP_25%     Recall   Precision    F1-Score
################################################################################################
fallentree     :      0.000      0.000      0.000      0.000       0.000       0.000
------------------------------------------------------------------------------------------------
average        :      0.000      0.000      0.000      0.000       0.000       0.000
################################################################################################
################################################################################################
Epoch 283 validation (2026-09-01T01:57:52)
Object metrics @ IoU=0.50, score>=0.50
################################################################################################
what           :         AP     AP_50%     AP_25%     Recall   Precision    F1-Score
################################################################################################
fallentree     :      0.000      0.000      0.000      0.000       0.000       0.000
------------------------------------------------------------------------------------------------
average        :      0.000      0.000      0.000      0.000       0.000       0.000
################################################################################################
################################################################################################
Epoch 284 validation (2026-09-01T01:58:42)
Object metrics @ IoU=0.50, score>=0.50
################################################################################################
what           :         AP     AP_50%     AP_25%     Recall   Precision    F1-Score
################################################################################################
fallentree     :      0.000      0.000      0.000      0.000       0.000       0.000
------------------------------------------------------------------------------------------------
average        :      0.000      0.000      0.000      0.000       0.000       0.000
################################################################################################
################################################################################################
Epoch 285 validation (2026-09-01T01:59:27)
Object metrics @ IoU=0.50, score>=0.50
################################################################################################
what           :         AP     AP_50%     AP_25%     Recall   Precision    F1-Score
################################################################################################
fallentree     :      0.000      0.000      0.000      0.000       0.000       0.000
------------------------------------------------------------------------------------------------
average        :      0.000      0.000      0.000      0.000       0.000       0.000
################################################################################################
################################################################################################
Epoch 286 validation (2026-09-01T02:00:20)
Object metrics @ IoU=0.50, score>=0.50
################################################################################################
what           :         AP     AP_50%     AP_25%     Recall   Precision    F1-Score
################################################################################################
fallentree     :      0.000      0.000      0.000      0.000       0.000       0.000
------------------------------------------------------------------------------------------------
average        :      0.000      0.000      0.000      0.000       0.000       0.000
################################################################################################
################################################################################################
Epoch 287 validation (2026-09-01T02:01:28)
Object metrics @ IoU=0.50, score>=0.50
################################################################################################
what           :         AP     AP_50%     AP_25%     Recall   Precision    F1-Score
################################################################################################
fallentree     :      0.000      0.000      0.000      0.000       0.000       0.000
------------------------------------------------------------------------------------------------
average        :      0.000      0.000      0.000      0.000       0.000       0.000
################################################################################################
################################################################################################
Epoch 288 validation (2026-09-01T02:02:20)
Object metrics @ IoU=0.50, score>=0.50
################################################################################################
what           :         AP     AP_50%     AP_25%     Recall   Precision    F1-Score
################################################################################################
fallentree     :      0.000      0.000      0.000      0.000       0.000       0.000
------------------------------------------------------------------------------------------------
average        :      0.000      0.000      0.000      0.000       0.000       0.000
################################################################################################
################################################################################################
Epoch 289 validation (2026-09-01T02:02:56)
Object metrics @ IoU=0.50, score>=0.50
################################################################################################
what           :         AP     AP_50%     AP_25%     Recall   Precision    F1-Score
################################################################################################
fallentree     :      0.000      0.000      0.000      0.000       0.000       0.000
------------------------------------------------------------------------------------------------
average        :      0.000      0.000      0.000      0.000       0.000       0.000
################################################################################################
################################################################################################
Epoch 290 validation (2026-09-01T02:03:46)
Object metrics @ IoU=0.50, score>=0.50
################################################################################################
what           :         AP     AP_50%     AP_25%     Recall   Precision    F1-Score
################################################################################################
fallentree     :      0.000      0.000      0.000      0.000       0.000       0.000
------------------------------------------------------------------------------------------------
average        :      0.000      0.000      0.000      0.000       0.000       0.000
################################################################################################
################################################################################################
Epoch 291 validation (2026-09-01T02:04:40)
Object metrics @ IoU=0.50, score>=0.50
################################################################################################
what           :         AP     AP_50%     AP_25%     Recall   Precision    F1-Score
################################################################################################
fallentree     :      0.000      0.000      0.000      0.000       0.000       0.000
------------------------------------------------------------------------------------------------
average        :      0.000      0.000      0.000      0.000       0.000       0.000
################################################################################################
################################################################################################
Epoch 292 validation (2026-09-01T02:05:42)
Object metrics @ IoU=0.50, score>=0.50
################################################################################################
what           :         AP     AP_50%     AP_25%     Recall   Precision    F1-Score
################################################################################################
fallentree     :      0.000      0.000      0.000      0.000       0.000       0.000
------------------------------------------------------------------------------------------------
average        :      0.000      0.000      0.000      0.000       0.000       0.000
################################################################################################
################################################################################################
Epoch 293 validation (2026-09-01T02:06:33)
Object metrics @ IoU=0.50, score>=0.50
################################################################################################
what           :         AP     AP_50%     AP_25%     Recall   Precision    F1-Score
################################################################################################
fallentree     :      0.000      0.000      0.000      0.000       0.000       0.000
------------------------------------------------------------------------------------------------
average        :      0.000      0.000      0.000      0.000       0.000       0.000
################################################################################################
################################################################################################
Epoch 294 validation (2026-09-01T02:07:23)
Object metrics @ IoU=0.50, score>=0.50
################################################################################################
what           :         AP     AP_50%     AP_25%     Recall   Precision    F1-Score
################################################################################################
fallentree     :      0.000      0.000      0.000      0.000       0.000       0.000
------------------------------------------------------------------------------------------------
average        :      0.000      0.000      0.000      0.000       0.000       0.000
################################################################################################
################################################################################################
Epoch 295 validation (2026-09-01T02:08:08)
Object metrics @ IoU=0.50, score>=0.50
################################################################################################
what           :         AP     AP_50%     AP_25%     Recall   Precision    F1-Score
################################################################################################
fallentree     :      0.000      0.000      0.000      0.000       0.000       0.000
------------------------------------------------------------------------------------------------
average        :      0.000      0.000      0.000      0.000       0.000       0.000
################################################################################################
################################################################################################
Epoch 296 validation (2026-09-01T02:09:09)
Object metrics @ IoU=0.50, score>=0.50
################################################################################################
what           :         AP     AP_50%     AP_25%     Recall   Precision    F1-Score
################################################################################################
fallentree     :      0.000      0.000      0.000      0.000       0.000       0.000
------------------------------------------------------------------------------------------------
average        :      0.000      0.000      0.000      0.000       0.000       0.000
################################################################################################
################################################################################################
Epoch 297 validation (2026-09-01T02:10:10)
Object metrics @ IoU=0.50, score>=0.50
################################################################################################
what           :         AP     AP_50%     AP_25%     Recall   Precision    F1-Score
################################################################################################
fallentree     :      0.000      0.000      0.000      0.000       0.000       0.000
------------------------------------------------------------------------------------------------
average        :      0.000      0.000      0.000      0.000       0.000       0.000
################################################################################################
################################################################################################
Epoch 298 validation (2026-09-01T02:11:08)
Object metrics @ IoU=0.50, score>=0.50
################################################################################################
what           :         AP     AP_50%     AP_25%     Recall   Precision    F1-Score
################################################################################################
fallentree     :      0.000      0.000      0.000      0.000       0.000       0.000
------------------------------------------------------------------------------------------------
average        :      0.000      0.000      0.000      0.000       0.000       0.000
################################################################################################
################################################################################################
Epoch 299 validation (2026-09-01T02:12:00)
Object metrics @ IoU=0.50, score>=0.50
################################################################################################
what           :         AP     AP_50%     AP_25%     Recall   Precision    F1-Score
################################################################################################
fallentree     :      0.000      0.000      0.000      0.000       0.000       0.000
------------------------------------------------------------------------------------------------
average        :      0.000      0.000      0.000      0.000       0.000       0.000
################################################################################################
################################################################################################
Epoch 300 validation (2026-09-01T02:12:54)
Object metrics @ IoU=0.50, score>=0.50
################################################################################################
what           :         AP     AP_50%     AP_25%     Recall   Precision    F1-Score
################################################################################################
fallentree     :      0.000      0.000      0.000      0.000       0.000       0.000
------------------------------------------------------------------------------------------------
average        :      0.000      0.000      0.000      0.000       0.000       0.000
################################################################################################
################################################################################################
Epoch 301 validation (2026-09-01T02:13:46)
Object metrics @ IoU=0.50, score>=0.50
################################################################################################
what           :         AP     AP_50%     AP_25%     Recall   Precision    F1-Score
################################################################################################
fallentree     :      0.000      0.000      0.000      0.000       0.000       0.000
------------------------------------------------------------------------------------------------
average        :      0.000      0.000      0.000      0.000       0.000       0.000
################################################################################################
################################################################################################
Epoch 302 validation (2026-09-01T02:14:49)
Object metrics @ IoU=0.50, score>=0.50
################################################################################################
what           :         AP     AP_50%     AP_25%     Recall   Precision    F1-Score
################################################################################################
fallentree     :      0.000      0.000      0.000      0.000       0.000       0.000
------------------------------------------------------------------------------------------------
average        :      0.000      0.000      0.000      0.000       0.000       0.000
################################################################################################
################################################################################################
Epoch 303 validation (2026-09-01T02:15:35)
Object metrics @ IoU=0.50, score>=0.50
################################################################################################
what           :         AP     AP_50%     AP_25%     Recall   Precision    F1-Score
################################################################################################
fallentree     :      0.000      0.000      0.000      0.000       0.000       0.000
------------------------------------------------------------------------------------------------
average        :      0.000      0.000      0.000      0.000       0.000       0.000
################################################################################################
################################################################################################
Epoch 304 validation (2026-09-01T02:16:36)
Object metrics @ IoU=0.50, score>=0.50
################################################################################################
what           :         AP     AP_50%     AP_25%     Recall   Precision    F1-Score
################################################################################################
fallentree     :      0.000      0.000      0.000      0.000       0.000       0.000
------------------------------------------------------------------------------------------------
average        :      0.000      0.000      0.000      0.000       0.000       0.000
################################################################################################
################################################################################################
Epoch 305 validation (2026-09-01T02:17:37)
Object metrics @ IoU=0.50, score>=0.50
################################################################################################
what           :         AP     AP_50%     AP_25%     Recall   Precision    F1-Score
################################################################################################
fallentree     :      0.000      0.000      0.000      0.000       0.000       0.000
------------------------------------------------------------------------------------------------
average        :      0.000      0.000      0.000      0.000       0.000       0.000
################################################################################################
################################################################################################
Epoch 306 validation (2026-09-01T02:18:30)
Object metrics @ IoU=0.50, score>=0.50
################################################################################################
what           :         AP     AP_50%     AP_25%     Recall   Precision    F1-Score
################################################################################################
fallentree     :      0.000      0.000      0.000      0.000       0.000       0.000
------------------------------------------------------------------------------------------------
average        :      0.000      0.000      0.000      0.000       0.000       0.000
################################################################################################
################################################################################################
Epoch 307 validation (2026-09-01T02:19:37)
Object metrics @ IoU=0.50, score>=0.50
################################################################################################
what           :         AP     AP_50%     AP_25%     Recall   Precision    F1-Score
################################################################################################
fallentree     :      0.000      0.000      0.000      0.000       0.000       0.000
------------------------------------------------------------------------------------------------
average        :      0.000      0.000      0.000      0.000       0.000       0.000
################################################################################################
################################################################################################
Epoch 308 validation (2026-09-01T02:20:19)
Object metrics @ IoU=0.50, score>=0.50
################################################################################################
what           :         AP     AP_50%     AP_25%     Recall   Precision    F1-Score
################################################################################################
fallentree     :      0.000      0.000      0.000      0.000       0.000       0.000
------------------------------------------------------------------------------------------------
average        :      0.000      0.000      0.000      0.000       0.000       0.000
################################################################################################
################################################################################################
Epoch 309 validation (2026-09-01T02:21:27)
Object metrics @ IoU=0.50, score>=0.50
################################################################################################
what           :         AP     AP_50%     AP_25%     Recall   Precision    F1-Score
################################################################################################
fallentree     :      0.000      0.000      0.000      0.000       0.000       0.000
------------------------------------------------------------------------------------------------
average        :      0.000      0.000      0.000      0.000       0.000       0.000
################################################################################################
################################################################################################
Epoch 310 validation (2026-09-01T02:22:24)
Object metrics @ IoU=0.50, score>=0.50
################################################################################################
what           :         AP     AP_50%     AP_25%     Recall   Precision    F1-Score
################################################################################################
fallentree     :      0.000      0.000      0.000      0.000       0.000       0.000
------------------------------------------------------------------------------------------------
average        :      0.000      0.000      0.000      0.000       0.000       0.000
################################################################################################
################################################################################################
Epoch 311 validation (2026-09-01T02:23:32)
Object metrics @ IoU=0.50, score>=0.50
################################################################################################
what           :         AP     AP_50%     AP_25%     Recall   Precision    F1-Score
################################################################################################
fallentree     :      0.000      0.000      0.000      0.000       0.000       0.000
------------------------------------------------------------------------------------------------
average        :      0.000      0.000      0.000      0.000       0.000       0.000
################################################################################################
################################################################################################
Epoch 312 validation (2026-09-01T02:24:33)
Object metrics @ IoU=0.50, score>=0.50
################################################################################################
what           :         AP     AP_50%     AP_25%     Recall   Precision    F1-Score
################################################################################################
fallentree     :      0.000      0.000      0.000      0.000       0.000       0.000
------------------------------------------------------------------------------------------------
average        :      0.000      0.000      0.000      0.000       0.000       0.000
################################################################################################
################################################################################################
Epoch 313 validation (2026-09-01T02:25:41)
Object metrics @ IoU=0.50, score>=0.50
################################################################################################
what           :         AP     AP_50%     AP_25%     Recall   Precision    F1-Score
################################################################################################
fallentree     :      0.000      0.000      0.000      0.000       0.000       0.000
------------------------------------------------------------------------------------------------
average        :      0.000      0.000      0.000      0.000       0.000       0.000
################################################################################################
################################################################################################
Epoch 314 validation (2026-09-01T02:26:40)
Object metrics @ IoU=0.50, score>=0.50
################################################################################################
what           :         AP     AP_50%     AP_25%     Recall   Precision    F1-Score
################################################################################################
fallentree     :      0.000      0.000      0.000      0.000       0.000       0.000
------------------------------------------------------------------------------------------------
average        :      0.000      0.000      0.000      0.000       0.000       0.000
################################################################################################
################################################################################################
Epoch 315 validation (2026-09-01T02:27:28)
Object metrics @ IoU=0.50, score>=0.50
################################################################################################
what           :         AP     AP_50%     AP_25%     Recall   Precision    F1-Score
################################################################################################
fallentree     :      0.000      0.000      0.000      0.000       0.000       0.000
------------------------------------------------------------------------------------------------
average        :      0.000      0.000      0.000      0.000       0.000       0.000
################################################################################################
################################################################################################
Epoch 316 validation (2026-09-01T02:28:29)
Object metrics @ IoU=0.50, score>=0.50
################################################################################################
what           :         AP     AP_50%     AP_25%     Recall   Precision    F1-Score
################################################################################################
fallentree     :      0.000      0.000      0.000      0.000       0.000       0.000
------------------------------------------------------------------------------------------------
average        :      0.000      0.000      0.000      0.000       0.000       0.000
################################################################################################
################################################################################################
Epoch 317 validation (2026-09-01T02:29:31)
Object metrics @ IoU=0.50, score>=0.50
################################################################################################
what           :         AP     AP_50%     AP_25%     Recall   Precision    F1-Score
################################################################################################
fallentree     :      0.000      0.000      0.000      0.000       0.000       0.000
------------------------------------------------------------------------------------------------
average        :      0.000      0.000      0.000      0.000       0.000       0.000
################################################################################################
################################################################################################
Epoch 318 validation (2026-09-01T02:30:40)
Object metrics @ IoU=0.50, score>=0.50
################################################################################################
what           :         AP     AP_50%     AP_25%     Recall   Precision    F1-Score
################################################################################################
fallentree     :      0.000      0.000      0.000      0.000       0.000       0.000
------------------------------------------------------------------------------------------------
average        :      0.000      0.000      0.000      0.000       0.000       0.000
################################################################################################
################################################################################################
Epoch 319 validation (2026-09-01T02:31:31)
Object metrics @ IoU=0.50, score>=0.50
################################################################################################
what           :         AP     AP_50%     AP_25%     Recall   Precision    F1-Score
################################################################################################
fallentree     :      0.000      0.000      0.000      0.000       0.000       0.000
------------------------------------------------------------------------------------------------
average        :      0.000      0.000      0.000      0.000       0.000       0.000
################################################################################################
################################################################################################
Epoch 320 validation (2026-09-01T02:32:03)
Object metrics @ IoU=0.50, score>=0.50
################################################################################################
what           :         AP     AP_50%     AP_25%     Recall   Precision    F1-Score
################################################################################################
fallentree     :      0.000      0.000      0.000      0.000       0.000       0.000
------------------------------------------------------------------------------------------------
average        :      0.000      0.000      0.000      0.000       0.000       0.000
################################################################################################
################################################################################################
Epoch 321 validation (2026-09-01T02:32:51)
Object metrics @ IoU=0.50, score>=0.50
################################################################################################
what           :         AP     AP_50%     AP_25%     Recall   Precision    F1-Score
################################################################################################
fallentree     :      0.000      0.000      0.000      0.000       0.000       0.000
------------------------------------------------------------------------------------------------
average        :      0.000      0.000      0.000      0.000       0.000       0.000
################################################################################################
################################################################################################
Epoch 322 validation (2026-09-01T02:33:43)
Object metrics @ IoU=0.50, score>=0.50
################################################################################################
what           :         AP     AP_50%     AP_25%     Recall   Precision    F1-Score
################################################################################################
fallentree     :      0.000      0.000      0.000      0.000       0.000       0.000
------------------------------------------------------------------------------------------------
average        :      0.000      0.000      0.000      0.000       0.000       0.000
################################################################################################
################################################################################################
Epoch 323 validation (2026-09-01T02:34:43)
Object metrics @ IoU=0.50, score>=0.50
################################################################################################
what           :         AP     AP_50%     AP_25%     Recall   Precision    F1-Score
################################################################################################
fallentree     :      0.000      0.000      0.000      0.000       0.000       0.000
------------------------------------------------------------------------------------------------
average        :      0.000      0.000      0.000      0.000       0.000       0.000
################################################################################################
################################################################################################
Epoch 324 validation (2026-09-01T02:35:37)
Object metrics @ IoU=0.50, score>=0.50
################################################################################################
what           :         AP     AP_50%     AP_25%     Recall   Precision    F1-Score
################################################################################################
fallentree     :      0.000      0.000      0.000      0.000       0.000       0.000
------------------------------------------------------------------------------------------------
average        :      0.000      0.000      0.000      0.000       0.000       0.000
################################################################################################
################################################################################################
Epoch 325 validation (2026-09-01T02:36:30)
Object metrics @ IoU=0.50, score>=0.50
################################################################################################
what           :         AP     AP_50%     AP_25%     Recall   Precision    F1-Score
################################################################################################
fallentree     :      0.000      0.000      0.000      0.000       0.000       0.000
------------------------------------------------------------------------------------------------
average        :      0.000      0.000      0.000      0.000       0.000       0.000
################################################################################################
################################################################################################
Epoch 326 validation (2026-09-01T02:37:19)
Object metrics @ IoU=0.50, score>=0.50
################################################################################################
what           :         AP     AP_50%     AP_25%     Recall   Precision    F1-Score
################################################################################################
fallentree     :      0.000      0.000      0.000      0.000       0.000       0.000
------------------------------------------------------------------------------------------------
average        :      0.000      0.000      0.000      0.000       0.000       0.000
################################################################################################
################################################################################################
Epoch 327 validation (2026-09-01T02:38:05)
Object metrics @ IoU=0.50, score>=0.50
################################################################################################
what           :         AP     AP_50%     AP_25%     Recall   Precision    F1-Score
################################################################################################
fallentree     :      0.000      0.000      0.000      0.000       0.000       0.000
------------------------------------------------------------------------------------------------
average        :      0.000      0.000      0.000      0.000       0.000       0.000
################################################################################################
################################################################################################
Epoch 328 validation (2026-09-01T02:39:07)
Object metrics @ IoU=0.50, score>=0.50
################################################################################################
what           :         AP     AP_50%     AP_25%     Recall   Precision    F1-Score
################################################################################################
fallentree     :      0.000      0.000      0.000      0.000       0.000       0.000
------------------------------------------------------------------------------------------------
average        :      0.000      0.000      0.000      0.000       0.000       0.000
################################################################################################
################################################################################################
Epoch 329 validation (2026-09-01T02:40:02)
Object metrics @ IoU=0.50, score>=0.50
################################################################################################
what           :         AP     AP_50%     AP_25%     Recall   Precision    F1-Score
################################################################################################
fallentree     :      0.000      0.000      0.000      0.000       0.000       0.000
------------------------------------------------------------------------------------------------
average        :      0.000      0.000      0.000      0.000       0.000       0.000
################################################################################################
################################################################################################
Epoch 330 validation (2026-09-01T02:40:55)
Object metrics @ IoU=0.50, score>=0.50
################################################################################################
what           :         AP     AP_50%     AP_25%     Recall   Precision    F1-Score
################################################################################################
fallentree     :      0.000      0.000      0.000      0.000       0.000       0.000
------------------------------------------------------------------------------------------------
average        :      0.000      0.000      0.000      0.000       0.000       0.000
################################################################################################
################################################################################################
Epoch 331 validation (2026-09-01T02:41:48)
Object metrics @ IoU=0.50, score>=0.50
################################################################################################
what           :         AP     AP_50%     AP_25%     Recall   Precision    F1-Score
################################################################################################
fallentree     :      0.000      0.000      0.000      0.000       0.000       0.000
------------------------------------------------------------------------------------------------
average        :      0.000      0.000      0.000      0.000       0.000       0.000
################################################################################################
################################################################################################
Epoch 332 validation (2026-09-01T02:42:46)
Object metrics @ IoU=0.50, score>=0.50
################################################################################################
what           :         AP     AP_50%     AP_25%     Recall   Precision    F1-Score
################################################################################################
fallentree     :      0.000      0.000      0.000      0.000       0.000       0.000
------------------------------------------------------------------------------------------------
average        :      0.000      0.000      0.000      0.000       0.000       0.000
################################################################################################
################################################################################################
Epoch 333 validation (2026-09-01T02:43:49)
Object metrics @ IoU=0.50, score>=0.50
################################################################################################
what           :         AP     AP_50%     AP_25%     Recall   Precision    F1-Score
################################################################################################
fallentree     :      0.000      0.000      0.000      0.000       0.000       0.000
------------------------------------------------------------------------------------------------
average        :      0.000      0.000      0.000      0.000       0.000       0.000
################################################################################################
################################################################################################
Epoch 334 validation (2026-09-01T02:44:35)
Object metrics @ IoU=0.50, score>=0.50
################################################################################################
what           :         AP     AP_50%     AP_25%     Recall   Precision    F1-Score
################################################################################################
fallentree     :      0.000      0.000      0.000      0.000       0.000       0.000
------------------------------------------------------------------------------------------------
average        :      0.000      0.000      0.000      0.000       0.000       0.000
################################################################################################
################################################################################################
Epoch 335 validation (2026-09-01T02:45:22)
Object metrics @ IoU=0.50, score>=0.50
################################################################################################
what           :         AP     AP_50%     AP_25%     Recall   Precision    F1-Score
################################################################################################
fallentree     :      0.000      0.000      0.000      0.000       0.000       0.000
------------------------------------------------------------------------------------------------
average        :      0.000      0.000      0.000      0.000       0.000       0.000
################################################################################################
################################################################################################
Epoch 336 validation (2026-09-01T02:46:26)
Object metrics @ IoU=0.50, score>=0.50
################################################################################################
what           :         AP     AP_50%     AP_25%     Recall   Precision    F1-Score
################################################################################################
fallentree     :      0.000      0.000      0.000      0.000       0.000       0.000
------------------------------------------------------------------------------------------------
average        :      0.000      0.000      0.000      0.000       0.000       0.000
################################################################################################
################################################################################################
Epoch 337 validation (2026-09-01T02:47:18)
Object metrics @ IoU=0.50, score>=0.50
################################################################################################
what           :         AP     AP_50%     AP_25%     Recall   Precision    F1-Score
################################################################################################
fallentree     :      0.000      0.000      0.000      0.000       0.000       0.000
------------------------------------------------------------------------------------------------
average        :      0.000      0.000      0.000      0.000       0.000       0.000
################################################################################################
################################################################################################
Epoch 338 validation (2026-09-01T02:48:19)
Object metrics @ IoU=0.50, score>=0.50
################################################################################################
what           :         AP     AP_50%     AP_25%     Recall   Precision    F1-Score
################################################################################################
fallentree     :      0.000      0.000      0.000      0.000       0.000       0.000
------------------------------------------------------------------------------------------------
average        :      0.000      0.000      0.000      0.000       0.000       0.000
################################################################################################
################################################################################################
Epoch 339 validation (2026-09-01T02:49:15)
Object metrics @ IoU=0.50, score>=0.50
################################################################################################
what           :         AP     AP_50%     AP_25%     Recall   Precision    F1-Score
################################################################################################
fallentree     :      0.000      0.000      0.000      0.000       0.000       0.000
------------------------------------------------------------------------------------------------
average        :      0.000      0.000      0.000      0.000       0.000       0.000
################################################################################################
################################################################################################
Epoch 340 validation (2026-09-01T02:50:16)
Object metrics @ IoU=0.50, score>=0.50
################################################################################################
what           :         AP     AP_50%     AP_25%     Recall   Precision    F1-Score
################################################################################################
fallentree     :      0.000      0.000      0.000      0.000       0.000       0.000
------------------------------------------------------------------------------------------------
average        :      0.000      0.000      0.000      0.000       0.000       0.000
################################################################################################
################################################################################################
Epoch 341 validation (2026-09-01T02:51:19)
Object metrics @ IoU=0.50, score>=0.50
################################################################################################
what           :         AP     AP_50%     AP_25%     Recall   Precision    F1-Score
################################################################################################
fallentree     :      0.000      0.000      0.000      0.000       0.000       0.000
------------------------------------------------------------------------------------------------
average        :      0.000      0.000      0.000      0.000       0.000       0.000
################################################################################################
################################################################################################
Epoch 342 validation (2026-09-01T02:52:21)
Object metrics @ IoU=0.50, score>=0.50
################################################################################################
what           :         AP     AP_50%     AP_25%     Recall   Precision    F1-Score
################################################################################################
fallentree     :      0.000      0.000      0.000      0.000       0.000       0.000
------------------------------------------------------------------------------------------------
average        :      0.000      0.000      0.000      0.000       0.000       0.000
################################################################################################
################################################################################################
Epoch 343 validation (2026-09-01T02:53:08)
Object metrics @ IoU=0.50, score>=0.50
################################################################################################
what           :         AP     AP_50%     AP_25%     Recall   Precision    F1-Score
################################################################################################
fallentree     :      0.000      0.000      0.000      0.000       0.000       0.000
------------------------------------------------------------------------------------------------
average        :      0.000      0.000      0.000      0.000       0.000       0.000
################################################################################################
################################################################################################
Epoch 344 validation (2026-09-01T02:54:11)
Object metrics @ IoU=0.50, score>=0.50
################################################################################################
what           :         AP     AP_50%     AP_25%     Recall   Precision    F1-Score
################################################################################################
fallentree     :      0.000      0.000      0.000      0.000       0.000       0.000
------------------------------------------------------------------------------------------------
average        :      0.000      0.000      0.000      0.000       0.000       0.000
################################################################################################
################################################################################################
Epoch 345 validation (2026-09-01T02:55:11)
Object metrics @ IoU=0.50, score>=0.50
################################################################################################
what           :         AP     AP_50%     AP_25%     Recall   Precision    F1-Score
################################################################################################
fallentree     :      0.000      0.000      0.000      0.000       0.000       0.000
------------------------------------------------------------------------------------------------
average        :      0.000      0.000      0.000      0.000       0.000       0.000
################################################################################################
################################################################################################
Epoch 346 validation (2026-09-01T02:56:09)
Object metrics @ IoU=0.50, score>=0.50
################################################################################################
what           :         AP     AP_50%     AP_25%     Recall   Precision    F1-Score
################################################################################################
fallentree     :      0.000      0.000      0.000      0.000       0.000       0.000
------------------------------------------------------------------------------------------------
average        :      0.000      0.000      0.000      0.000       0.000       0.000
################################################################################################
################################################################################################
Epoch 347 validation (2026-09-01T02:57:09)
Object metrics @ IoU=0.50, score>=0.50
################################################################################################
what           :         AP     AP_50%     AP_25%     Recall   Precision    F1-Score
################################################################################################
fallentree     :      0.000      0.000      0.000      0.000       0.000       0.000
------------------------------------------------------------------------------------------------
average        :      0.000      0.000      0.000      0.000       0.000       0.000
################################################################################################
################################################################################################
Epoch 348 validation (2026-09-01T02:58:07)
Object metrics @ IoU=0.50, score>=0.50
################################################################################################
what           :         AP     AP_50%     AP_25%     Recall   Precision    F1-Score
################################################################################################
fallentree     :      0.000      0.000      0.000      0.000       0.000       0.000
------------------------------------------------------------------------------------------------
average        :      0.000      0.000      0.000      0.000       0.000       0.000
################################################################################################
################################################################################################
Epoch 349 validation (2026-09-01T02:59:09)
Object metrics @ IoU=0.50, score>=0.50
################################################################################################
what           :         AP     AP_50%     AP_25%     Recall   Precision    F1-Score
################################################################################################
fallentree     :      0.000      0.000      0.000      0.000       0.000       0.000
------------------------------------------------------------------------------------------------
average        :      0.000      0.000      0.000      0.000       0.000       0.000
################################################################################################
################################################################################################
Epoch 350 validation (2026-09-01T02:59:56)
Object metrics @ IoU=0.50, score>=0.50
################################################################################################
what           :         AP     AP_50%     AP_25%     Recall   Precision    F1-Score
################################################################################################
fallentree     :      0.000      0.000      0.000      0.000       0.000       0.000
------------------------------------------------------------------------------------------------
average        :      0.000      0.000      0.000      0.000       0.000       0.000
################################################################################################
################################################################################################
Epoch 351 validation (2026-09-01T03:00:49)
Object metrics @ IoU=0.50, score>=0.50
################################################################################################
what           :         AP     AP_50%     AP_25%     Recall   Precision    F1-Score
################################################################################################
fallentree     :      0.000      0.000      0.000      0.000       0.000       0.000
------------------------------------------------------------------------------------------------
average        :      0.000      0.000      0.000      0.000       0.000       0.000
################################################################################################
################################################################################################
Epoch 352 validation (2026-09-01T03:01:37)
Object metrics @ IoU=0.50, score>=0.50
################################################################################################
what           :         AP     AP_50%     AP_25%     Recall   Precision    F1-Score
################################################################################################
fallentree     :      0.000      0.000      0.000      0.000       0.000       0.000
------------------------------------------------------------------------------------------------
average        :      0.000      0.000      0.000      0.000       0.000       0.000
################################################################################################
################################################################################################
Epoch 353 validation (2026-09-01T03:02:26)
Object metrics @ IoU=0.50, score>=0.50
################################################################################################
what           :         AP     AP_50%     AP_25%     Recall   Precision    F1-Score
################################################################################################
fallentree     :      0.000      0.000      0.000      0.000       0.000       0.000
------------------------------------------------------------------------------------------------
average        :      0.000      0.000      0.000      0.000       0.000       0.000
################################################################################################
################################################################################################
Epoch 354 validation (2026-09-01T03:03:32)
Object metrics @ IoU=0.50, score>=0.50
################################################################################################
what           :         AP     AP_50%     AP_25%     Recall   Precision    F1-Score
################################################################################################
fallentree     :      0.000      0.000      0.000      0.000       0.000       0.000
------------------------------------------------------------------------------------------------
average        :      0.000      0.000      0.000      0.000       0.000       0.000
################################################################################################
################################################################################################
Epoch 355 validation (2026-09-01T03:04:24)
Object metrics @ IoU=0.50, score>=0.50
################################################################################################
what           :         AP     AP_50%     AP_25%     Recall   Precision    F1-Score
################################################################################################
fallentree     :      0.000      0.000      0.000      0.000       0.000       0.000
------------------------------------------------------------------------------------------------
average        :      0.000      0.000      0.000      0.000       0.000       0.000
################################################################################################
################################################################################################
Epoch 356 validation (2026-09-01T03:04:58)
Object metrics @ IoU=0.50, score>=0.50
################################################################################################
what           :         AP     AP_50%     AP_25%     Recall   Precision    F1-Score
################################################################################################
fallentree     :      0.000      0.000      0.000      0.000       0.000       0.000
------------------------------------------------------------------------------------------------
average        :      0.000      0.000      0.000      0.000       0.000       0.000
################################################################################################
################################################################################################
Epoch 357 validation (2026-09-01T03:05:45)
Object metrics @ IoU=0.50, score>=0.50
################################################################################################
what           :         AP     AP_50%     AP_25%     Recall   Precision    F1-Score
################################################################################################
fallentree     :      0.000      0.000      0.000      0.000       0.000       0.000
------------------------------------------------------------------------------------------------
average        :      0.000      0.000      0.000      0.000       0.000       0.000
################################################################################################
################################################################################################
Epoch 358 validation (2026-09-01T03:06:51)
Object metrics @ IoU=0.50, score>=0.50
################################################################################################
what           :         AP     AP_50%     AP_25%     Recall   Precision    F1-Score
################################################################################################
fallentree     :      0.000      0.000      0.000      0.000       0.000       0.000
------------------------------------------------------------------------------------------------
average        :      0.000      0.000      0.000      0.000       0.000       0.000
################################################################################################
################################################################################################
Epoch 359 validation (2026-09-01T03:07:57)
Object metrics @ IoU=0.50, score>=0.50
################################################################################################
what           :         AP     AP_50%     AP_25%     Recall   Precision    F1-Score
################################################################################################
fallentree     :      0.000      0.000      0.000      0.000       0.000       0.000
------------------------------------------------------------------------------------------------
average        :      0.000      0.000      0.000      0.000       0.000       0.000
################################################################################################
################################################################################################
Epoch 360 validation (2026-09-01T03:08:56)
Object metrics @ IoU=0.50, score>=0.50
################################################################################################
what           :         AP     AP_50%     AP_25%     Recall   Precision    F1-Score
################################################################################################
fallentree     :      0.000      0.000      0.000      0.000       0.000       0.000
------------------------------------------------------------------------------------------------
average        :      0.000      0.000      0.000      0.000       0.000       0.000
################################################################################################
################################################################################################
Epoch 361 validation (2026-09-01T03:10:00)
Object metrics @ IoU=0.50, score>=0.50
################################################################################################
what           :         AP     AP_50%     AP_25%     Recall   Precision    F1-Score
################################################################################################
fallentree     :      0.000      0.000      0.000      0.000       0.000       0.000
------------------------------------------------------------------------------------------------
average        :      0.000      0.000      0.000      0.000       0.000       0.000
################################################################################################
################################################################################################
Epoch 362 validation (2026-09-01T03:10:52)
Object metrics @ IoU=0.50, score>=0.50
################################################################################################
what           :         AP     AP_50%     AP_25%     Recall   Precision    F1-Score
################################################################################################
fallentree     :      0.000      0.000      0.000      0.000       0.000       0.000
------------------------------------------------------------------------------------------------
average        :      0.000      0.000      0.000      0.000       0.000       0.000
################################################################################################
################################################################################################
Epoch 363 validation (2026-09-01T03:11:37)
Object metrics @ IoU=0.50, score>=0.50
################################################################################################
what           :         AP     AP_50%     AP_25%     Recall   Precision    F1-Score
################################################################################################
fallentree     :      0.000      0.000      0.000      0.000       0.000       0.000
------------------------------------------------------------------------------------------------
average        :      0.000      0.000      0.000      0.000       0.000       0.000
################################################################################################
################################################################################################
Epoch 364 validation (2026-09-01T03:12:40)
Object metrics @ IoU=0.50, score>=0.50
################################################################################################
what           :         AP     AP_50%     AP_25%     Recall   Precision    F1-Score
################################################################################################
fallentree     :      0.000      0.000      0.000      0.000       0.000       0.000
------------------------------------------------------------------------------------------------
average        :      0.000      0.000      0.000      0.000       0.000       0.000
################################################################################################
################################################################################################
Epoch 365 validation (2026-09-01T03:13:33)
Object metrics @ IoU=0.50, score>=0.50
################################################################################################
what           :         AP     AP_50%     AP_25%     Recall   Precision    F1-Score
################################################################################################
fallentree     :      0.000      0.000      0.000      0.000       0.000       0.000
------------------------------------------------------------------------------------------------
average        :      0.000      0.000      0.000      0.000       0.000       0.000
################################################################################################
################################################################################################
Epoch 366 validation (2026-09-01T03:14:19)
Object metrics @ IoU=0.50, score>=0.50
################################################################################################
what           :         AP     AP_50%     AP_25%     Recall   Precision    F1-Score
################################################################################################
fallentree     :      0.000      0.000      0.000      0.000       0.000       0.000
------------------------------------------------------------------------------------------------
average        :      0.000      0.000      0.000      0.000       0.000       0.000
################################################################################################
################################################################################################
Epoch 367 validation (2026-09-01T03:15:22)
Object metrics @ IoU=0.50, score>=0.50
################################################################################################
what           :         AP     AP_50%     AP_25%     Recall   Precision    F1-Score
################################################################################################
fallentree     :      0.000      0.000      0.000      0.000       0.000       0.000
------------------------------------------------------------------------------------------------
average        :      0.000      0.000      0.000      0.000       0.000       0.000
################################################################################################
################################################################################################
Epoch 368 validation (2026-09-01T03:16:24)
Object metrics @ IoU=0.50, score>=0.50
################################################################################################
what           :         AP     AP_50%     AP_25%     Recall   Precision    F1-Score
################################################################################################
fallentree     :      0.000      0.000      0.000      0.000       0.000       0.000
------------------------------------------------------------------------------------------------
average        :      0.000      0.000      0.000      0.000       0.000       0.000
################################################################################################
################################################################################################
Epoch 369 validation (2026-09-01T03:17:25)
Object metrics @ IoU=0.50, score>=0.50
################################################################################################
what           :         AP     AP_50%     AP_25%     Recall   Precision    F1-Score
################################################################################################
fallentree     :      0.000      0.000      0.000      0.000       0.000       0.000
------------------------------------------------------------------------------------------------
average        :      0.000      0.000      0.000      0.000       0.000       0.000
################################################################################################
################################################################################################
Epoch 370 validation (2026-09-01T03:18:27)
Object metrics @ IoU=0.50, score>=0.50
################################################################################################
what           :         AP     AP_50%     AP_25%     Recall   Precision    F1-Score
################################################################################################
fallentree     :      0.000      0.000      0.000      0.000       0.000       0.000
------------------------------------------------------------------------------------------------
average        :      0.000      0.000      0.000      0.000       0.000       0.000
################################################################################################
################################################################################################
Epoch 371 validation (2026-09-01T03:19:15)
Object metrics @ IoU=0.50, score>=0.50
################################################################################################
what           :         AP     AP_50%     AP_25%     Recall   Precision    F1-Score
################################################################################################
fallentree     :      0.000      0.000      0.000      0.000       0.000       0.000
------------------------------------------------------------------------------------------------
average        :      0.000      0.000      0.000      0.000       0.000       0.000
################################################################################################
################################################################################################
Epoch 372 validation (2026-09-01T03:20:09)
Object metrics @ IoU=0.50, score>=0.50
################################################################################################
what           :         AP     AP_50%     AP_25%     Recall   Precision    F1-Score
################################################################################################
fallentree     :      0.000      0.000      0.000      0.000       0.000       0.000
------------------------------------------------------------------------------------------------
average        :      0.000      0.000      0.000      0.000       0.000       0.000
################################################################################################
################################################################################################
Epoch 373 validation (2026-09-01T03:20:59)
Object metrics @ IoU=0.50, score>=0.50
################################################################################################
what           :         AP     AP_50%     AP_25%     Recall   Precision    F1-Score
################################################################################################
fallentree     :      0.000      0.000      0.000      0.000       0.000       0.000
------------------------------------------------------------------------------------------------
average        :      0.000      0.000      0.000      0.000       0.000       0.000
################################################################################################
################################################################################################
Epoch 374 validation (2026-09-01T03:21:46)
Object metrics @ IoU=0.50, score>=0.50
################################################################################################
what           :         AP     AP_50%     AP_25%     Recall   Precision    F1-Score
################################################################################################
fallentree     :      0.000      0.000      0.000      0.000       0.000       0.000
------------------------------------------------------------------------------------------------
average        :      0.000      0.000      0.000      0.000       0.000       0.000
################################################################################################
################################################################################################
Epoch 375 validation (2026-09-01T03:22:33)
Object metrics @ IoU=0.50, score>=0.50
################################################################################################
what           :         AP     AP_50%     AP_25%     Recall   Precision    F1-Score
################################################################################################
fallentree     :      0.000      0.000      0.000      0.000       0.000       0.000
------------------------------------------------------------------------------------------------
average        :      0.000      0.000      0.000      0.000       0.000       0.000
################################################################################################
################################################################################################
Epoch 376 validation (2026-09-01T03:23:28)
Object metrics @ IoU=0.50, score>=0.50
################################################################################################
what           :         AP     AP_50%     AP_25%     Recall   Precision    F1-Score
################################################################################################
fallentree     :      0.000      0.000      0.000      0.000       0.000       0.000
------------------------------------------------------------------------------------------------
average        :      0.000      0.000      0.000      0.000       0.000       0.000
################################################################################################
################################################################################################
Epoch 377 validation (2026-09-01T03:24:30)
Object metrics @ IoU=0.50, score>=0.50
################################################################################################
what           :         AP     AP_50%     AP_25%     Recall   Precision    F1-Score
################################################################################################
fallentree     :      0.000      0.000      0.000      0.000       0.000       0.000
------------------------------------------------------------------------------------------------
average        :      0.000      0.000      0.000      0.000       0.000       0.000
################################################################################################
################################################################################################
Epoch 378 validation (2026-09-01T03:25:24)
Object metrics @ IoU=0.50, score>=0.50
################################################################################################
what           :         AP     AP_50%     AP_25%     Recall   Precision    F1-Score
################################################################################################
fallentree     :      0.000      0.000      0.000      0.000       0.000       0.000
------------------------------------------------------------------------------------------------
average        :      0.000      0.000      0.000      0.000       0.000       0.000
################################################################################################
################################################################################################
Epoch 379 validation (2026-09-01T03:26:09)
Object metrics @ IoU=0.50, score>=0.50
################################################################################################
what           :         AP     AP_50%     AP_25%     Recall   Precision    F1-Score
################################################################################################
fallentree     :      0.000      0.000      0.000      0.000       0.000       0.000
------------------------------------------------------------------------------------------------
average        :      0.000      0.000      0.000      0.000       0.000       0.000
################################################################################################
################################################################################################
Epoch 380 validation (2026-09-01T03:26:56)
Object metrics @ IoU=0.50, score>=0.50
################################################################################################
what           :         AP     AP_50%     AP_25%     Recall   Precision    F1-Score
################################################################################################
fallentree     :      0.000      0.000      0.000      0.000       0.000       0.000
------------------------------------------------------------------------------------------------
average        :      0.000      0.000      0.000      0.000       0.000       0.000
################################################################################################
################################################################################################
Epoch 381 validation (2026-09-01T03:27:47)
Object metrics @ IoU=0.50, score>=0.50
################################################################################################
what           :         AP     AP_50%     AP_25%     Recall   Precision    F1-Score
################################################################################################
fallentree     :      0.000      0.000      0.000      0.000       0.000       0.000
------------------------------------------------------------------------------------------------
average        :      0.000      0.000      0.000      0.000       0.000       0.000
################################################################################################
################################################################################################
Epoch 382 validation (2026-09-01T03:28:47)
Object metrics @ IoU=0.50, score>=0.50
################################################################################################
what           :         AP     AP_50%     AP_25%     Recall   Precision    F1-Score
################################################################################################
fallentree     :      0.000      0.000      0.000      0.000       0.000       0.000
------------------------------------------------------------------------------------------------
average        :      0.000      0.000      0.000      0.000       0.000       0.000
################################################################################################
################################################################################################
Epoch 383 validation (2026-09-01T03:29:54)
Object metrics @ IoU=0.50, score>=0.50
################################################################################################
what           :         AP     AP_50%     AP_25%     Recall   Precision    F1-Score
################################################################################################
fallentree     :      0.000      0.000      0.000      0.000       0.000       0.000
------------------------------------------------------------------------------------------------
average        :      0.000      0.000      0.000      0.000       0.000       0.000
################################################################################################
################################################################################################
Epoch 384 validation (2026-09-01T03:30:43)
Object metrics @ IoU=0.50, score>=0.50
################################################################################################
what           :         AP     AP_50%     AP_25%     Recall   Precision    F1-Score
################################################################################################
fallentree     :      0.000      0.000      0.000      0.000       0.000       0.000
------------------------------------------------------------------------------------------------
average        :      0.000      0.000      0.000      0.000       0.000       0.000
################################################################################################
################################################################################################
Epoch 385 validation (2026-09-01T03:31:31)
Object metrics @ IoU=0.50, score>=0.50
################################################################################################
what           :         AP     AP_50%     AP_25%     Recall   Precision    F1-Score
################################################################################################
fallentree     :      0.000      0.000      0.000      0.000       0.000       0.000
------------------------------------------------------------------------------------------------
average        :      0.000      0.000      0.000      0.000       0.000       0.000
################################################################################################
################################################################################################
Epoch 386 validation (2026-09-01T03:32:20)
Object metrics @ IoU=0.50, score>=0.50
################################################################################################
what           :         AP     AP_50%     AP_25%     Recall   Precision    F1-Score
################################################################################################
fallentree     :      0.000      0.000      0.000      0.000       0.000       0.000
------------------------------------------------------------------------------------------------
average        :      0.000      0.000      0.000      0.000       0.000       0.000
################################################################################################
################################################################################################
Epoch 387 validation (2026-09-01T03:33:24)
Object metrics @ IoU=0.50, score>=0.50
################################################################################################
what           :         AP     AP_50%     AP_25%     Recall   Precision    F1-Score
################################################################################################
fallentree     :      0.000      0.000      0.000      0.000       0.000       0.000
------------------------------------------------------------------------------------------------
average        :      0.000      0.000      0.000      0.000       0.000       0.000
################################################################################################
################################################################################################
Epoch 388 validation (2026-09-01T03:34:29)
Object metrics @ IoU=0.50, score>=0.50
################################################################################################
what           :         AP     AP_50%     AP_25%     Recall   Precision    F1-Score
################################################################################################
fallentree     :      0.000      0.000      0.000      0.000       0.000       0.000
------------------------------------------------------------------------------------------------
average        :      0.000      0.000      0.000      0.000       0.000       0.000
################################################################################################
################################################################################################
Epoch 389 validation (2026-09-01T03:35:29)
Object metrics @ IoU=0.50, score>=0.50
################################################################################################
what           :         AP     AP_50%     AP_25%     Recall   Precision    F1-Score
################################################################################################
fallentree     :      0.000      0.000      0.000      0.000       0.000       0.000
------------------------------------------------------------------------------------------------
average        :      0.000      0.000      0.000      0.000       0.000       0.000
################################################################################################
################################################################################################
Epoch 390 validation (2026-09-01T03:36:24)
Object metrics @ IoU=0.50, score>=0.50
################################################################################################
what           :         AP     AP_50%     AP_25%     Recall   Precision    F1-Score
################################################################################################
fallentree     :      0.000      0.000      0.000      0.000       0.000       0.000
------------------------------------------------------------------------------------------------
average        :      0.000      0.000      0.000      0.000       0.000       0.000
################################################################################################
################################################################################################
Epoch 391 validation (2026-09-01T03:37:32)
Object metrics @ IoU=0.50, score>=0.50
################################################################################################
what           :         AP     AP_50%     AP_25%     Recall   Precision    F1-Score
################################################################################################
fallentree     :      0.000      0.000      0.000      0.000       0.000       0.000
------------------------------------------------------------------------------------------------
average        :      0.000      0.000      0.000      0.000       0.000       0.000
################################################################################################
################################################################################################
Epoch 392 validation (2026-09-01T03:38:32)
Object metrics @ IoU=0.50, score>=0.50
################################################################################################
what           :         AP     AP_50%     AP_25%     Recall   Precision    F1-Score
################################################################################################
fallentree     :      0.000      0.000      0.000      0.000       0.000       0.000
------------------------------------------------------------------------------------------------
average        :      0.000      0.000      0.000      0.000       0.000       0.000
################################################################################################
################################################################################################
Epoch 393 validation (2026-09-01T03:39:33)
Object metrics @ IoU=0.50, score>=0.50
################################################################################################
what           :         AP     AP_50%     AP_25%     Recall   Precision    F1-Score
################################################################################################
fallentree     :      0.000      0.000      0.000      0.000       0.000       0.000
------------------------------------------------------------------------------------------------
average        :      0.000      0.000      0.000      0.000       0.000       0.000
################################################################################################
################################################################################################
Epoch 394 validation (2026-09-01T03:40:20)
Object metrics @ IoU=0.50, score>=0.50
################################################################################################
what           :         AP     AP_50%     AP_25%     Recall   Precision    F1-Score
################################################################################################
fallentree     :      0.000      0.000      0.000      0.000       0.000       0.000
------------------------------------------------------------------------------------------------
average        :      0.000      0.000      0.000      0.000       0.000       0.000
################################################################################################
################################################################################################
Epoch 395 validation (2026-09-01T03:41:07)
Object metrics @ IoU=0.50, score>=0.50
################################################################################################
what           :         AP     AP_50%     AP_25%     Recall   Precision    F1-Score
################################################################################################
fallentree     :      0.000      0.000      0.000      0.000       0.000       0.000
------------------------------------------------------------------------------------------------
average        :      0.000      0.000      0.000      0.000       0.000       0.000
################################################################################################
################################################################################################
Epoch 396 validation (2026-09-01T03:41:51)
Object metrics @ IoU=0.50, score>=0.50
################################################################################################
what           :         AP     AP_50%     AP_25%     Recall   Precision    F1-Score
################################################################################################
fallentree     :      0.000      0.000      0.000      0.000       0.000       0.000
------------------------------------------------------------------------------------------------
average        :      0.000      0.000      0.000      0.000       0.000       0.000
################################################################################################
################################################################################################
Epoch 397 validation (2026-09-01T03:42:40)
Object metrics @ IoU=0.50, score>=0.50
################################################################################################
what           :         AP     AP_50%     AP_25%     Recall   Precision    F1-Score
################################################################################################
fallentree     :      0.000      0.000      0.000      0.000       0.000       0.000
------------------------------------------------------------------------------------------------
average        :      0.000      0.000      0.000      0.000       0.000       0.000
################################################################################################
################################################################################################
Epoch 398 validation (2026-09-01T03:43:47)
Object metrics @ IoU=0.50, score>=0.50
################################################################################################
what           :         AP     AP_50%     AP_25%     Recall   Precision    F1-Score
################################################################################################
fallentree     :      0.000      0.000      0.000      0.000       0.000       0.000
------------------------------------------------------------------------------------------------
average        :      0.000      0.000      0.000      0.000       0.000       0.000
################################################################################################
################################################################################################
Epoch 399 validation (2026-09-01T03:44:40)
Object metrics @ IoU=0.50, score>=0.50
################################################################################################
what           :         AP     AP_50%     AP_25%     Recall   Precision    F1-Score
################################################################################################
fallentree     :      0.000      0.000      0.000      0.000       0.000       0.000
------------------------------------------------------------------------------------------------
average        :      0.000      0.000      0.000      0.000       0.000       0.000
################################################################################################
################################################################################################
Epoch 400 validation (2026-09-01T03:45:29)
Object metrics @ IoU=0.50, score>=0.50
################################################################################################
what           :         AP     AP_50%     AP_25%     Recall   Precision    F1-Score
################################################################################################
fallentree     :      0.000      0.000      0.000      0.000       0.000       0.000
------------------------------------------------------------------------------------------------
average        :      0.000      0.000      0.000      0.000       0.000       0.000
################################################################################################
################################################################################################
Epoch 401 validation (2026-09-01T03:46:24)
Object metrics @ IoU=0.50, score>=0.50
################################################################################################
what           :         AP     AP_50%     AP_25%     Recall   Precision    F1-Score
################################################################################################
fallentree     :      0.000      0.000      0.000      0.000       0.000       0.000
------------------------------------------------------------------------------------------------
average        :      0.000      0.000      0.000      0.000       0.000       0.000
################################################################################################
################################################################################################
Epoch 402 validation (2026-09-01T03:47:16)
Object metrics @ IoU=0.50, score>=0.50
################################################################################################
what           :         AP     AP_50%     AP_25%     Recall   Precision    F1-Score
################################################################################################
fallentree     :      0.000      0.000      0.000      0.000       0.000       0.000
------------------------------------------------------------------------------------------------
average        :      0.000      0.000      0.000      0.000       0.000       0.000
################################################################################################
################################################################################################
Epoch 403 validation (2026-09-01T03:48:09)
Object metrics @ IoU=0.50, score>=0.50
################################################################################################
what           :         AP     AP_50%     AP_25%     Recall   Precision    F1-Score
################################################################################################
fallentree     :      0.000      0.000      0.000      0.000       0.000       0.000
------------------------------------------------------------------------------------------------
average        :      0.000      0.000      0.000      0.000       0.000       0.000
################################################################################################
################################################################################################
Epoch 404 validation (2026-09-01T03:49:02)
Object metrics @ IoU=0.50, score>=0.50
################################################################################################
what           :         AP     AP_50%     AP_25%     Recall   Precision    F1-Score
################################################################################################
fallentree     :      0.000      0.000      0.000      0.000       0.000       0.000
------------------------------------------------------------------------------------------------
average        :      0.000      0.000      0.000      0.000       0.000       0.000
################################################################################################
################################################################################################
Epoch 405 validation (2026-09-01T03:49:56)
Object metrics @ IoU=0.50, score>=0.50
################################################################################################
what           :         AP     AP_50%     AP_25%     Recall   Precision    F1-Score
################################################################################################
fallentree     :      0.000      0.000      0.000      0.000       0.000       0.000
------------------------------------------------------------------------------------------------
average        :      0.000      0.000      0.000      0.000       0.000       0.000
################################################################################################
################################################################################################
Epoch 406 validation (2026-09-01T03:50:48)
Object metrics @ IoU=0.50, score>=0.50
################################################################################################
what           :         AP     AP_50%     AP_25%     Recall   Precision    F1-Score
################################################################################################
fallentree     :      0.000      0.000      0.000      0.000       0.000       0.000
------------------------------------------------------------------------------------------------
average        :      0.000      0.000      0.000      0.000       0.000       0.000
################################################################################################
################################################################################################
Epoch 407 validation (2026-09-01T03:51:51)
Object metrics @ IoU=0.50, score>=0.50
################################################################################################
what           :         AP     AP_50%     AP_25%     Recall   Precision    F1-Score
################################################################################################
fallentree     :      0.000      0.000      0.000      0.000       0.000       0.000
------------------------------------------------------------------------------------------------
average        :      0.000      0.000      0.000      0.000       0.000       0.000
################################################################################################
################################################################################################
Epoch 408 validation (2026-09-01T03:52:43)
Object metrics @ IoU=0.50, score>=0.50
################################################################################################
what           :         AP     AP_50%     AP_25%     Recall   Precision    F1-Score
################################################################################################
fallentree     :      0.000      0.000      0.000      0.000       0.000       0.000
------------------------------------------------------------------------------------------------
average        :      0.000      0.000      0.000      0.000       0.000       0.000
################################################################################################
################################################################################################
Epoch 409 validation (2026-09-01T03:53:44)
Object metrics @ IoU=0.50, score>=0.50
################################################################################################
what           :         AP     AP_50%     AP_25%     Recall   Precision    F1-Score
################################################################################################
fallentree     :      0.000      0.000      0.000      0.000       0.000       0.000
------------------------------------------------------------------------------------------------
average        :      0.000      0.000      0.000      0.000       0.000       0.000
################################################################################################
################################################################################################
Epoch 410 validation (2026-09-01T03:54:34)
Object metrics @ IoU=0.50, score>=0.50
################################################################################################
what           :         AP     AP_50%     AP_25%     Recall   Precision    F1-Score
################################################################################################
fallentree     :      0.000      0.000      0.000      0.000       0.000       0.000
------------------------------------------------------------------------------------------------
average        :      0.000      0.000      0.000      0.000       0.000       0.000
################################################################################################
################################################################################################
Epoch 411 validation (2026-09-01T03:55:39)
Object metrics @ IoU=0.50, score>=0.50
################################################################################################
what           :         AP     AP_50%     AP_25%     Recall   Precision    F1-Score
################################################################################################
fallentree     :      0.000      0.000      0.000      0.000       0.000       0.000
------------------------------------------------------------------------------------------------
average        :      0.000      0.000      0.000      0.000       0.000       0.000
################################################################################################
################################################################################################
Epoch 412 validation (2026-09-01T03:56:49)
Object metrics @ IoU=0.50, score>=0.50
################################################################################################
what           :         AP     AP_50%     AP_25%     Recall   Precision    F1-Score
################################################################################################
fallentree     :      0.000      0.000      0.000      0.000       0.000       0.000
------------------------------------------------------------------------------------------------
average        :      0.000      0.000      0.000      0.000       0.000       0.000
################################################################################################
################################################################################################
Epoch 413 validation (2026-09-01T03:57:42)
Object metrics @ IoU=0.50, score>=0.50
################################################################################################
what           :         AP     AP_50%     AP_25%     Recall   Precision    F1-Score
################################################################################################
fallentree     :      0.000      0.000      0.000      0.000       0.000       0.000
------------------------------------------------------------------------------------------------
average        :      0.000      0.000      0.000      0.000       0.000       0.000
################################################################################################
################################################################################################
Epoch 414 validation (2026-09-01T03:58:31)
Object metrics @ IoU=0.50, score>=0.50
################################################################################################
what           :         AP     AP_50%     AP_25%     Recall   Precision    F1-Score
################################################################################################
fallentree     :      0.000      0.000      0.000      0.000       0.000       0.000
------------------------------------------------------------------------------------------------
average        :      0.000      0.000      0.000      0.000       0.000       0.000
################################################################################################
################################################################################################
Epoch 415 validation (2026-09-01T03:59:15)
Object metrics @ IoU=0.50, score>=0.50
################################################################################################
what           :         AP     AP_50%     AP_25%     Recall   Precision    F1-Score
################################################################################################
fallentree     :      0.000      0.000      0.000      0.000       0.000       0.000
------------------------------------------------------------------------------------------------
average        :      0.000      0.000      0.000      0.000       0.000       0.000
################################################################################################
################################################################################################
Epoch 416 validation (2026-09-01T04:00:17)
Object metrics @ IoU=0.50, score>=0.50
################################################################################################
what           :         AP     AP_50%     AP_25%     Recall   Precision    F1-Score
################################################################################################
fallentree     :      0.000      0.000      0.000      0.000       0.000       0.000
------------------------------------------------------------------------------------------------
average        :      0.000      0.000      0.000      0.000       0.000       0.000
################################################################################################
################################################################################################
Epoch 417 validation (2026-09-01T04:00:56)
Object metrics @ IoU=0.50, score>=0.50
################################################################################################
what           :         AP     AP_50%     AP_25%     Recall   Precision    F1-Score
################################################################################################
fallentree     :      0.000      0.000      0.000      0.000       0.000       0.000
------------------------------------------------------------------------------------------------
average        :      0.000      0.000      0.000      0.000       0.000       0.000
################################################################################################
################################################################################################
Epoch 418 validation (2026-09-01T04:01:43)
Object metrics @ IoU=0.50, score>=0.50
################################################################################################
what           :         AP     AP_50%     AP_25%     Recall   Precision    F1-Score
################################################################################################
fallentree     :      0.000      0.000      0.000      0.000       0.000       0.000
------------------------------------------------------------------------------------------------
average        :      0.000      0.000      0.000      0.000       0.000       0.000
################################################################################################
################################################################################################
Epoch 419 validation (2026-09-01T04:02:30)
Object metrics @ IoU=0.50, score>=0.50
################################################################################################
what           :         AP     AP_50%     AP_25%     Recall   Precision    F1-Score
################################################################################################
fallentree     :      0.000      0.000      0.000      0.000       0.000       0.000
------------------------------------------------------------------------------------------------
average        :      0.000      0.000      0.000      0.000       0.000       0.000
################################################################################################
################################################################################################
Epoch 420 validation (2026-09-01T04:03:36)
Object metrics @ IoU=0.50, score>=0.50
################################################################################################
what           :         AP     AP_50%     AP_25%     Recall   Precision    F1-Score
################################################################################################
fallentree     :      0.000      0.000      0.000      0.000       0.000       0.000
------------------------------------------------------------------------------------------------
average        :      0.000      0.000      0.000      0.000       0.000       0.000
################################################################################################
################################################################################################
Epoch 421 validation (2026-09-01T04:04:24)
Object metrics @ IoU=0.50, score>=0.50
################################################################################################
what           :         AP     AP_50%     AP_25%     Recall   Precision    F1-Score
################################################################################################
fallentree     :      0.000      0.000      0.000      0.000       0.000       0.000
------------------------------------------------------------------------------------------------
average        :      0.000      0.000      0.000      0.000       0.000       0.000
################################################################################################
################################################################################################
Epoch 422 validation (2026-09-01T04:05:10)
Object metrics @ IoU=0.50, score>=0.50
################################################################################################
what           :         AP     AP_50%     AP_25%     Recall   Precision    F1-Score
################################################################################################
fallentree     :      0.000      0.000      0.000      0.000       0.000       0.000
------------------------------------------------------------------------------------------------
average        :      0.000      0.000      0.000      0.000       0.000       0.000
################################################################################################
################################################################################################
Epoch 423 validation (2026-09-01T04:05:58)
Object metrics @ IoU=0.50, score>=0.50
################################################################################################
what           :         AP     AP_50%     AP_25%     Recall   Precision    F1-Score
################################################################################################
fallentree     :      0.000      0.000      0.000      0.000       0.000       0.000
------------------------------------------------------------------------------------------------
average        :      0.000      0.000      0.000      0.000       0.000       0.000
################################################################################################
################################################################################################
Epoch 424 validation (2026-09-01T04:06:54)
Object metrics @ IoU=0.50, score>=0.50
################################################################################################
what           :         AP     AP_50%     AP_25%     Recall   Precision    F1-Score
################################################################################################
fallentree     :      0.000      0.000      0.000      0.000       0.000       0.000
------------------------------------------------------------------------------------------------
average        :      0.000      0.000      0.000      0.000       0.000       0.000
################################################################################################
################################################################################################
Epoch 425 validation (2026-09-01T04:07:56)
Object metrics @ IoU=0.50, score>=0.50
################################################################################################
what           :         AP     AP_50%     AP_25%     Recall   Precision    F1-Score
################################################################################################
fallentree     :      0.000      0.000      0.000      0.000       0.000       0.000
------------------------------------------------------------------------------------------------
average        :      0.000      0.000      0.000      0.000       0.000       0.000
################################################################################################
################################################################################################
Epoch 426 validation (2026-09-01T04:08:57)
Object metrics @ IoU=0.50, score>=0.50
################################################################################################
what           :         AP     AP_50%     AP_25%     Recall   Precision    F1-Score
################################################################################################
fallentree     :      0.000      0.000      0.000      0.000       0.000       0.000
------------------------------------------------------------------------------------------------
average        :      0.000      0.000      0.000      0.000       0.000       0.000
################################################################################################
################################################################################################
Epoch 427 validation (2026-09-01T04:09:43)
Object metrics @ IoU=0.50, score>=0.50
################################################################################################
what           :         AP     AP_50%     AP_25%     Recall   Precision    F1-Score
################################################################################################
fallentree     :      0.000      0.000      0.000      0.000       0.000       0.000
------------------------------------------------------------------------------------------------
average        :      0.000      0.000      0.000      0.000       0.000       0.000
################################################################################################
################################################################################################
Epoch 428 validation (2026-09-01T04:10:43)
Object metrics @ IoU=0.50, score>=0.50
################################################################################################
what           :         AP     AP_50%     AP_25%     Recall   Precision    F1-Score
################################################################################################
fallentree     :      0.000      0.000      0.000      0.000       0.000       0.000
------------------------------------------------------------------------------------------------
average        :      0.000      0.000      0.000      0.000       0.000       0.000
################################################################################################
################################################################################################
Epoch 429 validation (2026-09-01T04:11:44)
Object metrics @ IoU=0.50, score>=0.50
################################################################################################
what           :         AP     AP_50%     AP_25%     Recall   Precision    F1-Score
################################################################################################
fallentree     :      0.000      0.000      0.000      0.000       0.000       0.000
------------------------------------------------------------------------------------------------
average        :      0.000      0.000      0.000      0.000       0.000       0.000
################################################################################################
################################################################################################
Epoch 430 validation (2026-09-01T04:12:45)
Object metrics @ IoU=0.50, score>=0.50
################################################################################################
what           :         AP     AP_50%     AP_25%     Recall   Precision    F1-Score
################################################################################################
fallentree     :      0.000      0.000      0.000      0.000       0.000       0.000
------------------------------------------------------------------------------------------------
average        :      0.000      0.000      0.000      0.000       0.000       0.000
################################################################################################
################################################################################################
Epoch 431 validation (2026-09-01T04:13:38)
Object metrics @ IoU=0.50, score>=0.50
################################################################################################
what           :         AP     AP_50%     AP_25%     Recall   Precision    F1-Score
################################################################################################
fallentree     :      0.000      0.000      0.000      0.000       0.000       0.000
------------------------------------------------------------------------------------------------
average        :      0.000      0.000      0.000      0.000       0.000       0.000
################################################################################################
################################################################################################
Epoch 432 validation (2026-09-01T04:14:40)
Object metrics @ IoU=0.50, score>=0.50
################################################################################################
what           :         AP     AP_50%     AP_25%     Recall   Precision    F1-Score
################################################################################################
fallentree     :      0.000      0.000      0.000      0.000       0.000       0.000
------------------------------------------------------------------------------------------------
average        :      0.000      0.000      0.000      0.000       0.000       0.000
################################################################################################
################################################################################################
Epoch 433 validation (2026-09-01T04:15:36)
Object metrics @ IoU=0.50, score>=0.50
################################################################################################
what           :         AP     AP_50%     AP_25%     Recall   Precision    F1-Score
################################################################################################
fallentree     :      0.000      0.000      0.000      0.000       0.000       0.000
------------------------------------------------------------------------------------------------
average        :      0.000      0.000      0.000      0.000       0.000       0.000
################################################################################################
################################################################################################
Epoch 434 validation (2026-09-01T04:16:22)
Object metrics @ IoU=0.50, score>=0.50
################################################################################################
what           :         AP     AP_50%     AP_25%     Recall   Precision    F1-Score
################################################################################################
fallentree     :      0.000      0.000      0.000      0.000       0.000       0.000
------------------------------------------------------------------------------------------------
average        :      0.000      0.000      0.000      0.000       0.000       0.000
################################################################################################
################################################################################################
Epoch 435 validation (2026-09-01T04:17:26)
Object metrics @ IoU=0.50, score>=0.50
################################################################################################
what           :         AP     AP_50%     AP_25%     Recall   Precision    F1-Score
################################################################################################
fallentree     :      0.000      0.000      0.000      0.000       0.000       0.000
------------------------------------------------------------------------------------------------
average        :      0.000      0.000      0.000      0.000       0.000       0.000
################################################################################################
################################################################################################
Epoch 436 validation (2026-09-01T04:18:33)
Object metrics @ IoU=0.50, score>=0.50
################################################################################################
what           :         AP     AP_50%     AP_25%     Recall   Precision    F1-Score
################################################################################################
fallentree     :      0.000      0.000      0.000      0.000       0.000       0.000
------------------------------------------------------------------------------------------------
average        :      0.000      0.000      0.000      0.000       0.000       0.000
################################################################################################
################################################################################################
Epoch 437 validation (2026-09-01T04:19:35)
Object metrics @ IoU=0.50, score>=0.50
################################################################################################
what           :         AP     AP_50%     AP_25%     Recall   Precision    F1-Score
################################################################################################
fallentree     :      0.000      0.000      0.000      0.000       0.000       0.000
------------------------------------------------------------------------------------------------
average        :      0.000      0.000      0.000      0.000       0.000       0.000
################################################################################################
################################################################################################
Epoch 438 validation (2026-09-01T04:20:36)
Object metrics @ IoU=0.50, score>=0.50
################################################################################################
what           :         AP     AP_50%     AP_25%     Recall   Precision    F1-Score
################################################################################################
fallentree     :      0.000      0.000      0.000      0.000       0.000       0.000
------------------------------------------------------------------------------------------------
average        :      0.000      0.000      0.000      0.000       0.000       0.000
################################################################################################
################################################################################################
Epoch 439 validation (2026-09-01T04:21:08)
Object metrics @ IoU=0.50, score>=0.50
################################################################################################
what           :         AP     AP_50%     AP_25%     Recall   Precision    F1-Score
################################################################################################
fallentree     :      0.000      0.000      0.000      0.000       0.000       0.000
------------------------------------------------------------------------------------------------
average        :      0.000      0.000      0.000      0.000       0.000       0.000
################################################################################################
################################################################################################
Epoch 440 validation (2026-09-01T04:21:57)
Object metrics @ IoU=0.50, score>=0.50
################################################################################################
what           :         AP     AP_50%     AP_25%     Recall   Precision    F1-Score
################################################################################################
fallentree     :      0.000      0.000      0.000      0.000       0.000       0.000
------------------------------------------------------------------------------------------------
average        :      0.000      0.000      0.000      0.000       0.000       0.000
################################################################################################
################################################################################################
Epoch 441 validation (2026-09-01T04:22:52)
Object metrics @ IoU=0.50, score>=0.50
################################################################################################
what           :         AP     AP_50%     AP_25%     Recall   Precision    F1-Score
################################################################################################
fallentree     :      0.000      0.000      0.000      0.000       0.000       0.000
------------------------------------------------------------------------------------------------
average        :      0.000      0.000      0.000      0.000       0.000       0.000
################################################################################################
################################################################################################
Epoch 442 validation (2026-09-01T04:23:52)
Object metrics @ IoU=0.50, score>=0.50
################################################################################################
what           :         AP     AP_50%     AP_25%     Recall   Precision    F1-Score
################################################################################################
fallentree     :      0.000      0.000      0.000      0.000       0.000       0.000
------------------------------------------------------------------------------------------------
average        :      0.000      0.000      0.000      0.000       0.000       0.000
################################################################################################
################################################################################################
Epoch 443 validation (2026-09-01T04:24:52)
Object metrics @ IoU=0.50, score>=0.50
################################################################################################
what           :         AP     AP_50%     AP_25%     Recall   Precision    F1-Score
################################################################################################
fallentree     :      0.000      0.000      0.000      0.000       0.000       0.000
------------------------------------------------------------------------------------------------
average        :      0.000      0.000      0.000      0.000       0.000       0.000
################################################################################################
################################################################################################
Epoch 444 validation (2026-09-01T04:26:01)
Object metrics @ IoU=0.50, score>=0.50
################################################################################################
what           :         AP     AP_50%     AP_25%     Recall   Precision    F1-Score
################################################################################################
fallentree     :      0.000      0.000      0.000      0.000       0.000       0.000
------------------------------------------------------------------------------------------------
average        :      0.000      0.000      0.000      0.000       0.000       0.000
################################################################################################
################################################################################################
Epoch 445 validation (2026-09-01T04:26:49)
Object metrics @ IoU=0.50, score>=0.50
################################################################################################
what           :         AP     AP_50%     AP_25%     Recall   Precision    F1-Score
################################################################################################
fallentree     :      0.000      0.000      0.000      0.000       0.000       0.000
------------------------------------------------------------------------------------------------
average        :      0.000      0.000      0.000      0.000       0.000       0.000
################################################################################################
################################################################################################
Epoch 446 validation (2026-09-01T04:27:43)
Object metrics @ IoU=0.50, score>=0.50
################################################################################################
what           :         AP     AP_50%     AP_25%     Recall   Precision    F1-Score
################################################################################################
fallentree     :      0.000      0.000      0.000      0.000       0.000       0.000
------------------------------------------------------------------------------------------------
average        :      0.000      0.000      0.000      0.000       0.000       0.000
################################################################################################
################################################################################################
Epoch 447 validation (2026-09-01T04:28:47)
Object metrics @ IoU=0.50, score>=0.50
################################################################################################
what           :         AP     AP_50%     AP_25%     Recall   Precision    F1-Score
################################################################################################
fallentree     :      0.000      0.000      0.000      0.000       0.000       0.000
------------------------------------------------------------------------------------------------
average        :      0.000      0.000      0.000      0.000       0.000       0.000
################################################################################################
################################################################################################
Epoch 448 validation (2026-09-01T04:29:42)
Object metrics @ IoU=0.50, score>=0.50
################################################################################################
what           :         AP     AP_50%     AP_25%     Recall   Precision    F1-Score
################################################################################################
fallentree     :      0.000      0.000      0.000      0.000       0.000       0.000
------------------------------------------------------------------------------------------------
average        :      0.000      0.000      0.000      0.000       0.000       0.000
################################################################################################
################################################################################################
Epoch 449 validation (2026-09-01T04:30:37)
Object metrics @ IoU=0.50, score>=0.50
################################################################################################
what           :         AP     AP_50%     AP_25%     Recall   Precision    F1-Score
################################################################################################
fallentree     :      0.000      0.000      0.000      0.000       0.000       0.000
------------------------------------------------------------------------------------------------
average        :      0.000      0.000      0.000      0.000       0.000       0.000
################################################################################################
################################################################################################
Epoch 450 validation (2026-09-01T04:31:39)
Object metrics @ IoU=0.50, score>=0.50
################################################################################################
what           :         AP     AP_50%     AP_25%     Recall   Precision    F1-Score
################################################################################################
fallentree     :      0.000      0.000      0.000      0.000       0.000       0.000
------------------------------------------------------------------------------------------------
average        :      0.000      0.000      0.000      0.000       0.000       0.000
################################################################################################
################################################################################################
Epoch 451 validation (2026-09-01T04:32:33)
Object metrics @ IoU=0.50, score>=0.50
################################################################################################
what           :         AP     AP_50%     AP_25%     Recall   Precision    F1-Score
################################################################################################
fallentree     :      0.000      0.000      0.000      0.000       0.000       0.000
------------------------------------------------------------------------------------------------
average        :      0.000      0.000      0.000      0.000       0.000       0.000
################################################################################################
################################################################################################
Epoch 452 validation (2026-09-01T04:33:22)
Object metrics @ IoU=0.50, score>=0.50
################################################################################################
what           :         AP     AP_50%     AP_25%     Recall   Precision    F1-Score
################################################################################################
fallentree     :      0.000      0.000      0.000      0.000       0.000       0.000
------------------------------------------------------------------------------------------------
average        :      0.000      0.000      0.000      0.000       0.000       0.000
################################################################################################
################################################################################################
Epoch 453 validation (2026-09-01T04:34:24)
Object metrics @ IoU=0.50, score>=0.50
################################################################################################
what           :         AP     AP_50%     AP_25%     Recall   Precision    F1-Score
################################################################################################
fallentree     :      0.000      0.000      0.000      0.000       0.000       0.000
------------------------------------------------------------------------------------------------
average        :      0.000      0.000      0.000      0.000       0.000       0.000
################################################################################################
################################################################################################
Epoch 454 validation (2026-09-01T04:35:23)
Object metrics @ IoU=0.50, score>=0.50
################################################################################################
what           :         AP     AP_50%     AP_25%     Recall   Precision    F1-Score
################################################################################################
fallentree     :      0.000      0.000      0.000      0.000       0.000       0.000
------------------------------------------------------------------------------------------------
average        :      0.000      0.000      0.000      0.000       0.000       0.000
################################################################################################
################################################################################################
Epoch 455 validation (2026-09-01T04:36:28)
Object metrics @ IoU=0.50, score>=0.50
################################################################################################
what           :         AP     AP_50%     AP_25%     Recall   Precision    F1-Score
################################################################################################
fallentree     :      0.000      0.000      0.000      0.000       0.000       0.000
------------------------------------------------------------------------------------------------
average        :      0.000      0.000      0.000      0.000       0.000       0.000
################################################################################################
################################################################################################
Epoch 456 validation (2026-09-01T04:37:16)
Object metrics @ IoU=0.50, score>=0.50
################################################################################################
what           :         AP     AP_50%     AP_25%     Recall   Precision    F1-Score
################################################################################################
fallentree     :      0.000      0.000      0.000      0.000       0.000       0.000
------------------------------------------------------------------------------------------------
average        :      0.000      0.000      0.000      0.000       0.000       0.000
################################################################################################
################################################################################################
Epoch 457 validation (2026-09-01T04:38:16)
Object metrics @ IoU=0.50, score>=0.50
################################################################################################
what           :         AP     AP_50%     AP_25%     Recall   Precision    F1-Score
################################################################################################
fallentree     :      0.000      0.000      0.000      0.000       0.000       0.000
------------------------------------------------------------------------------------------------
average        :      0.000      0.000      0.000      0.000       0.000       0.000
################################################################################################
################################################################################################
Epoch 458 validation (2026-09-01T04:39:17)
Object metrics @ IoU=0.50, score>=0.50
################################################################################################
what           :         AP     AP_50%     AP_25%     Recall   Precision    F1-Score
################################################################################################
fallentree     :      0.000      0.000      0.000      0.000       0.000       0.000
------------------------------------------------------------------------------------------------
average        :      0.000      0.000      0.000      0.000       0.000       0.000
################################################################################################
################################################################################################
Epoch 459 validation (2026-09-01T04:40:05)
Object metrics @ IoU=0.50, score>=0.50
################################################################################################
what           :         AP     AP_50%     AP_25%     Recall   Precision    F1-Score
################################################################################################
fallentree     :      0.000      0.000      0.000      0.000       0.000       0.000
------------------------------------------------------------------------------------------------
average        :      0.000      0.000      0.000      0.000       0.000       0.000
################################################################################################
################################################################################################
Epoch 460 validation (2026-09-01T04:40:54)
Object metrics @ IoU=0.50, score>=0.50
################################################################################################
what           :         AP     AP_50%     AP_25%     Recall   Precision    F1-Score
################################################################################################
fallentree     :      0.000      0.000      0.000      0.000       0.000       0.000
------------------------------------------------------------------------------------------------
average        :      0.000      0.000      0.000      0.000       0.000       0.000
################################################################################################
################################################################################################
Epoch 461 validation (2026-09-01T04:41:54)
Object metrics @ IoU=0.50, score>=0.50
################################################################################################
what           :         AP     AP_50%     AP_25%     Recall   Precision    F1-Score
################################################################################################
fallentree     :      0.000      0.000      0.000      0.000       0.000       0.000
------------------------------------------------------------------------------------------------
average        :      0.000      0.000      0.000      0.000       0.000       0.000
################################################################################################
################################################################################################
Epoch 462 validation (2026-09-01T04:42:53)
Object metrics @ IoU=0.50, score>=0.50
################################################################################################
what           :         AP     AP_50%     AP_25%     Recall   Precision    F1-Score
################################################################################################
fallentree     :      0.000      0.000      0.000      0.000       0.000       0.000
------------------------------------------------------------------------------------------------
average        :      0.000      0.000      0.000      0.000       0.000       0.000
################################################################################################
################################################################################################
Epoch 463 validation (2026-09-01T04:43:45)
Object metrics @ IoU=0.50, score>=0.50
################################################################################################
what           :         AP     AP_50%     AP_25%     Recall   Precision    F1-Score
################################################################################################
fallentree     :      0.000      0.000      0.000      0.000       0.000       0.000
------------------------------------------------------------------------------------------------
average        :      0.000      0.000      0.000      0.000       0.000       0.000
################################################################################################
################################################################################################
Epoch 464 validation (2026-09-01T04:44:51)
Object metrics @ IoU=0.50, score>=0.50
################################################################################################
what           :         AP     AP_50%     AP_25%     Recall   Precision    F1-Score
################################################################################################
fallentree     :      0.000      0.000      0.000      0.000       0.000       0.000
------------------------------------------------------------------------------------------------
average        :      0.000      0.000      0.000      0.000       0.000       0.000
################################################################################################
################################################################################################
Epoch 465 validation (2026-09-01T04:45:53)
Object metrics @ IoU=0.50, score>=0.50
################################################################################################
what           :         AP     AP_50%     AP_25%     Recall   Precision    F1-Score
################################################################################################
fallentree     :      0.000      0.000      0.000      0.000       0.000       0.000
------------------------------------------------------------------------------------------------
average        :      0.000      0.000      0.000      0.000       0.000       0.000
################################################################################################
################################################################################################
Epoch 466 validation (2026-09-01T04:46:48)
Object metrics @ IoU=0.50, score>=0.50
################################################################################################
what           :         AP     AP_50%     AP_25%     Recall   Precision    F1-Score
################################################################################################
fallentree     :      0.000      0.000      0.000      0.000       0.000       0.000
------------------------------------------------------------------------------------------------
average        :      0.000      0.000      0.000      0.000       0.000       0.000
################################################################################################
################################################################################################
Epoch 467 validation (2026-09-01T04:47:21)
Object metrics @ IoU=0.50, score>=0.50
################################################################################################
what           :         AP     AP_50%     AP_25%     Recall   Precision    F1-Score
################################################################################################
fallentree     :      0.000      0.000      0.000      0.000       0.000       0.000
------------------------------------------------------------------------------------------------
average        :      0.000      0.000      0.000      0.000       0.000       0.000
################################################################################################
################################################################################################
Epoch 468 validation (2026-09-01T04:48:29)
Object metrics @ IoU=0.50, score>=0.50
################################################################################################
what           :         AP     AP_50%     AP_25%     Recall   Precision    F1-Score
################################################################################################
fallentree     :      0.000      0.000      0.000      0.000       0.000       0.000
------------------------------------------------------------------------------------------------
average        :      0.000      0.000      0.000      0.000       0.000       0.000
################################################################################################
################################################################################################
Epoch 469 validation (2026-09-01T04:49:17)
Object metrics @ IoU=0.50, score>=0.50
################################################################################################
what           :         AP     AP_50%     AP_25%     Recall   Precision    F1-Score
################################################################################################
fallentree     :      0.000      0.000      0.000      0.000       0.000       0.000
------------------------------------------------------------------------------------------------
average        :      0.000      0.000      0.000      0.000       0.000       0.000
################################################################################################
################################################################################################
Epoch 470 validation (2026-09-01T04:50:24)
Object metrics @ IoU=0.50, score>=0.50
################################################################################################
what           :         AP     AP_50%     AP_25%     Recall   Precision    F1-Score
################################################################################################
fallentree     :      0.000      0.000      0.000      0.000       0.000       0.000
------------------------------------------------------------------------------------------------
average        :      0.000      0.000      0.000      0.000       0.000       0.000
################################################################################################
################################################################################################
Epoch 471 validation (2026-09-01T04:51:23)
Object metrics @ IoU=0.50, score>=0.50
################################################################################################
what           :         AP     AP_50%     AP_25%     Recall   Precision    F1-Score
################################################################################################
fallentree     :      0.000      0.000      0.000      0.000       0.000       0.000
------------------------------------------------------------------------------------------------
average        :      0.000      0.000      0.000      0.000       0.000       0.000
################################################################################################
################################################################################################
Epoch 472 validation (2026-09-01T04:52:29)
Object metrics @ IoU=0.50, score>=0.50
################################################################################################
what           :         AP     AP_50%     AP_25%     Recall   Precision    F1-Score
################################################################################################
fallentree     :      0.000      0.000      0.000      0.000       0.000       0.000
------------------------------------------------------------------------------------------------
average        :      0.000      0.000      0.000      0.000       0.000       0.000
################################################################################################
################################################################################################
Epoch 473 validation (2026-09-01T04:53:22)
Object metrics @ IoU=0.50, score>=0.50
################################################################################################
what           :         AP     AP_50%     AP_25%     Recall   Precision    F1-Score
################################################################################################
fallentree     :      0.000      0.000      0.000      0.000       0.000       0.000
------------------------------------------------------------------------------------------------
average        :      0.000      0.000      0.000      0.000       0.000       0.000
################################################################################################
################################################################################################
Epoch 474 validation (2026-09-01T04:54:10)
Object metrics @ IoU=0.50, score>=0.50
################################################################################################
what           :         AP     AP_50%     AP_25%     Recall   Precision    F1-Score
################################################################################################
fallentree     :      0.000      0.000      0.000      0.000       0.000       0.000
------------------------------------------------------------------------------------------------
average        :      0.000      0.000      0.000      0.000       0.000       0.000
################################################################################################
################################################################################################
Epoch 475 validation (2026-09-01T04:54:55)
Object metrics @ IoU=0.50, score>=0.50
################################################################################################
what           :         AP     AP_50%     AP_25%     Recall   Precision    F1-Score
################################################################################################
fallentree     :      0.000      0.000      0.000      0.000       0.000       0.000
------------------------------------------------------------------------------------------------
average        :      0.000      0.000      0.000      0.000       0.000       0.000
################################################################################################
################################################################################################
Epoch 476 validation (2026-09-01T04:56:03)
Object metrics @ IoU=0.50, score>=0.50
################################################################################################
what           :         AP     AP_50%     AP_25%     Recall   Precision    F1-Score
################################################################################################
fallentree     :      0.000      0.000      0.000      0.000       0.000       0.000
------------------------------------------------------------------------------------------------
average        :      0.000      0.000      0.000      0.000       0.000       0.000
################################################################################################
################################################################################################
Epoch 477 validation (2026-09-01T04:56:59)
Object metrics @ IoU=0.50, score>=0.50
################################################################################################
what           :         AP     AP_50%     AP_25%     Recall   Precision    F1-Score
################################################################################################
fallentree     :      0.000      0.000      0.000      0.000       0.000       0.000
------------------------------------------------------------------------------------------------
average        :      0.000      0.000      0.000      0.000       0.000       0.000
################################################################################################
################################################################################################
Epoch 478 validation (2026-09-01T04:57:52)
Object metrics @ IoU=0.50, score>=0.50
################################################################################################
what           :         AP     AP_50%     AP_25%     Recall   Precision    F1-Score
################################################################################################
fallentree     :      0.000      0.000      0.000      0.000       0.000       0.000
------------------------------------------------------------------------------------------------
average        :      0.000      0.000      0.000      0.000       0.000       0.000
################################################################################################
################################################################################################
Epoch 479 validation (2026-09-01T04:58:27)
Object metrics @ IoU=0.50, score>=0.50
################################################################################################
what           :         AP     AP_50%     AP_25%     Recall   Precision    F1-Score
################################################################################################
fallentree     :      0.000      0.000      0.000      0.000       0.000       0.000
------------------------------------------------------------------------------------------------
average        :      0.000      0.000      0.000      0.000       0.000       0.000
################################################################################################
################################################################################################
Epoch 480 validation (2026-09-01T04:59:21)
Object metrics @ IoU=0.50, score>=0.50
################################################################################################
what           :         AP     AP_50%     AP_25%     Recall   Precision    F1-Score
################################################################################################
fallentree     :      0.000      0.000      0.000      0.000       0.000       0.000
------------------------------------------------------------------------------------------------
average        :      0.000      0.000      0.000      0.000       0.000       0.000
################################################################################################
################################################################################################
Epoch 481 validation (2026-09-01T05:00:24)
Object metrics @ IoU=0.50, score>=0.50
################################################################################################
what           :         AP     AP_50%     AP_25%     Recall   Precision    F1-Score
################################################################################################
fallentree     :      0.000      0.000      0.000      0.000       0.000       0.000
------------------------------------------------------------------------------------------------
average        :      0.000      0.000      0.000      0.000       0.000       0.000
################################################################################################
################################################################################################
Epoch 482 validation (2026-09-01T05:01:25)
Object metrics @ IoU=0.50, score>=0.50
################################################################################################
what           :         AP     AP_50%     AP_25%     Recall   Precision    F1-Score
################################################################################################
fallentree     :      0.000      0.000      0.000      0.000       0.000       0.000
------------------------------------------------------------------------------------------------
average        :      0.000      0.000      0.000      0.000       0.000       0.000
################################################################################################
################################################################################################
Epoch 483 validation (2026-09-01T05:02:26)
Object metrics @ IoU=0.50, score>=0.50
################################################################################################
what           :         AP     AP_50%     AP_25%     Recall   Precision    F1-Score
################################################################################################
fallentree     :      0.000      0.000      0.000      0.000       0.000       0.000
------------------------------------------------------------------------------------------------
average        :      0.000      0.000      0.000      0.000       0.000       0.000
################################################################################################
################################################################################################
Epoch 484 validation (2026-09-01T05:03:20)
Object metrics @ IoU=0.50, score>=0.50
################################################################################################
what           :         AP     AP_50%     AP_25%     Recall   Precision    F1-Score
################################################################################################
fallentree     :      0.000      0.000      0.000      0.000       0.000       0.000
------------------------------------------------------------------------------------------------
average        :      0.000      0.000      0.000      0.000       0.000       0.000
################################################################################################
################################################################################################
Epoch 485 validation (2026-09-01T05:04:14)
Object metrics @ IoU=0.50, score>=0.50
################################################################################################
what           :         AP     AP_50%     AP_25%     Recall   Precision    F1-Score
################################################################################################
fallentree     :      0.000      0.000      0.000      0.000       0.000       0.000
------------------------------------------------------------------------------------------------
average        :      0.000      0.000      0.000      0.000       0.000       0.000
################################################################################################
################################################################################################
Epoch 486 validation (2026-09-01T05:05:03)
Object metrics @ IoU=0.50, score>=0.50
################################################################################################
what           :         AP     AP_50%     AP_25%     Recall   Precision    F1-Score
################################################################################################
fallentree     :      0.000      0.000      0.000      0.000       0.000       0.000
------------------------------------------------------------------------------------------------
average        :      0.000      0.000      0.000      0.000       0.000       0.000
################################################################################################
################################################################################################
Epoch 487 validation (2026-09-01T05:06:07)
Object metrics @ IoU=0.50, score>=0.50
################################################################################################
what           :         AP     AP_50%     AP_25%     Recall   Precision    F1-Score
################################################################################################
fallentree     :      0.000      0.000      0.000      0.000       0.000       0.000
------------------------------------------------------------------------------------------------
average        :      0.000      0.000      0.000      0.000       0.000       0.000
################################################################################################
################################################################################################
Epoch 488 validation (2026-09-01T05:06:59)
Object metrics @ IoU=0.50, score>=0.50
################################################################################################
what           :         AP     AP_50%     AP_25%     Recall   Precision    F1-Score
################################################################################################
fallentree     :      0.000      0.000      0.000      0.000       0.000       0.000
------------------------------------------------------------------------------------------------
average        :      0.000      0.000      0.000      0.000       0.000       0.000
################################################################################################
################################################################################################
Epoch 489 validation (2026-09-01T05:07:59)
Object metrics @ IoU=0.50, score>=0.50
################################################################################################
what           :         AP     AP_50%     AP_25%     Recall   Precision    F1-Score
################################################################################################
fallentree     :      0.000      0.000      0.000      0.000       0.000       0.000
------------------------------------------------------------------------------------------------
average        :      0.000      0.000      0.000      0.000       0.000       0.000
################################################################################################
################################################################################################
Epoch 490 validation (2026-09-01T05:09:01)
Object metrics @ IoU=0.50, score>=0.50
################################################################################################
what           :         AP     AP_50%     AP_25%     Recall   Precision    F1-Score
################################################################################################
fallentree     :      0.000      0.000      0.000      0.000       0.000       0.000
------------------------------------------------------------------------------------------------
average        :      0.000      0.000      0.000      0.000       0.000       0.000
################################################################################################
################################################################################################
Epoch 491 validation (2026-09-01T05:09:53)
Object metrics @ IoU=0.50, score>=0.50
################################################################################################
what           :         AP     AP_50%     AP_25%     Recall   Precision    F1-Score
################################################################################################
fallentree     :      0.000      0.000      0.000      0.000       0.000       0.000
------------------------------------------------------------------------------------------------
average        :      0.000      0.000      0.000      0.000       0.000       0.000
################################################################################################
################################################################################################
Epoch 492 validation (2026-09-01T05:10:54)
Object metrics @ IoU=0.50, score>=0.50
################################################################################################
what           :         AP     AP_50%     AP_25%     Recall   Precision    F1-Score
################################################################################################
fallentree     :      0.000      0.000      0.000      0.000       0.000       0.000
------------------------------------------------------------------------------------------------
average        :      0.000      0.000      0.000      0.000       0.000       0.000
################################################################################################
################################################################################################
Epoch 493 validation (2026-09-01T05:11:45)
Object metrics @ IoU=0.50, score>=0.50
################################################################################################
what           :         AP     AP_50%     AP_25%     Recall   Precision    F1-Score
################################################################################################
fallentree     :      0.000      0.000      0.000      0.000       0.000       0.000
------------------------------------------------------------------------------------------------
average        :      0.000      0.000      0.000      0.000       0.000       0.000
################################################################################################
################################################################################################
Epoch 494 validation (2026-09-01T05:12:39)
Object metrics @ IoU=0.50, score>=0.50
################################################################################################
what           :         AP     AP_50%     AP_25%     Recall   Precision    F1-Score
################################################################################################
fallentree     :      0.000      0.000      0.000      0.000       0.000       0.000
------------------------------------------------------------------------------------------------
average        :      0.000      0.000      0.000      0.000       0.000       0.000
################################################################################################
################################################################################################
Epoch 495 validation (2026-09-01T05:13:39)
Object metrics @ IoU=0.50, score>=0.50
################################################################################################
what           :         AP     AP_50%     AP_25%     Recall   Precision    F1-Score
################################################################################################
fallentree     :      0.000      0.000      0.000      0.000       0.000       0.000
------------------------------------------------------------------------------------------------
average        :      0.000      0.000      0.000      0.000       0.000       0.000
################################################################################################
################################################################################################
Epoch 496 validation (2026-09-01T05:14:33)
Object metrics @ IoU=0.50, score>=0.50
################################################################################################
what           :         AP     AP_50%     AP_25%     Recall   Precision    F1-Score
################################################################################################
fallentree     :      0.000      0.000      0.000      0.000       0.000       0.000
------------------------------------------------------------------------------------------------
average        :      0.000      0.000      0.000      0.000       0.000       0.000
################################################################################################
################################################################################################
Epoch 497 validation (2026-09-01T05:15:20)
Object metrics @ IoU=0.50, score>=0.50
################################################################################################
what           :         AP     AP_50%     AP_25%     Recall   Precision    F1-Score
################################################################################################
fallentree     :      0.000      0.000      0.000      0.000       0.000       0.000
------------------------------------------------------------------------------------------------
average        :      0.000      0.000      0.000      0.000       0.000       0.000
################################################################################################
################################################################################################
Epoch 498 validation (2026-09-01T05:16:08)
Object metrics @ IoU=0.50, score>=0.50
################################################################################################
what           :         AP     AP_50%     AP_25%     Recall   Precision    F1-Score
################################################################################################
fallentree     :      0.000      0.000      0.000      0.000       0.000       0.000
------------------------------------------------------------------------------------------------
average        :      0.000      0.000      0.000      0.000       0.000       0.000
################################################################################################
################################################################################################
Epoch 499 validation (2026-09-01T05:17:10)
Object metrics @ IoU=0.50, score>=0.50
################################################################################################
what           :         AP     AP_50%     AP_25%     Recall   Precision    F1-Score
################################################################################################
fallentree     :      0.000      0.000      0.000      0.000       0.000       0.000
------------------------------------------------------------------------------------------------
average        :      0.000      0.000      0.000      0.000       0.000       0.000
################################################################################################
################################################################################################
Epoch 500 validation (2026-09-01T05:17:56)
Object metrics @ IoU=0.50, score>=0.50
################################################################################################
what           :         AP     AP_50%     AP_25%     Recall   Precision    F1-Score
################################################################################################
fallentree     :      0.000      0.000      0.000      0.000       0.000       0.000
------------------------------------------------------------------------------------------------
average        :      0.000      0.000      0.000      0.000       0.000       0.000
################################################################################################
################################################################################################
Epoch 501 validation (2026-09-01T05:18:41)
Object metrics @ IoU=0.50, score>=0.50
################################################################################################
what           :         AP     AP_50%     AP_25%     Recall   Precision    F1-Score
################################################################################################
fallentree     :      0.000      0.000      0.000      0.000       0.000       0.000
------------------------------------------------------------------------------------------------
average        :      0.000      0.000      0.000      0.000       0.000       0.000
################################################################################################
################################################################################################
Epoch 502 validation (2026-09-01T05:19:44)
Object metrics @ IoU=0.50, score>=0.50
################################################################################################
what           :         AP     AP_50%     AP_25%     Recall   Precision    F1-Score
################################################################################################
fallentree     :      0.000      0.000      0.000      0.000       0.000       0.000
------------------------------------------------------------------------------------------------
average        :      0.000      0.000      0.000      0.000       0.000       0.000
################################################################################################
################################################################################################
Epoch 503 validation (2026-09-01T05:20:36)
Object metrics @ IoU=0.50, score>=0.50
################################################################################################
what           :         AP     AP_50%     AP_25%     Recall   Precision    F1-Score
################################################################################################
fallentree     :      0.000      0.000      0.000      0.000       0.000       0.000
------------------------------------------------------------------------------------------------
average        :      0.000      0.000      0.000      0.000       0.000       0.000
################################################################################################
################################################################################################
Epoch 504 validation (2026-09-01T05:21:22)
Object metrics @ IoU=0.50, score>=0.50
################################################################################################
what           :         AP     AP_50%     AP_25%     Recall   Precision    F1-Score
################################################################################################
fallentree     :      0.000      0.000      0.000      0.000       0.000       0.000
------------------------------------------------------------------------------------------------
average        :      0.000      0.000      0.000      0.000       0.000       0.000
################################################################################################
################################################################################################
Epoch 505 validation (2026-09-01T05:22:03)
Object metrics @ IoU=0.50, score>=0.50
################################################################################################
what           :         AP     AP_50%     AP_25%     Recall   Precision    F1-Score
################################################################################################
fallentree     :      0.000      0.000      0.000      0.000       0.000       0.000
------------------------------------------------------------------------------------------------
average        :      0.000      0.000      0.000      0.000       0.000       0.000
################################################################################################
################################################################################################
Epoch 506 validation (2026-09-01T05:23:03)
Object metrics @ IoU=0.50, score>=0.50
################################################################################################
what           :         AP     AP_50%     AP_25%     Recall   Precision    F1-Score
################################################################################################
fallentree     :      0.000      0.000      0.000      0.000       0.000       0.000
------------------------------------------------------------------------------------------------
average        :      0.000      0.000      0.000      0.000       0.000       0.000
################################################################################################
################################################################################################
Epoch 507 validation (2026-09-01T05:24:04)
Object metrics @ IoU=0.50, score>=0.50
################################################################################################
what           :         AP     AP_50%     AP_25%     Recall   Precision    F1-Score
################################################################################################
fallentree     :      0.000      0.000      0.000      0.000       0.000       0.000
------------------------------------------------------------------------------------------------
average        :      0.000      0.000      0.000      0.000       0.000       0.000
################################################################################################
################################################################################################
Epoch 508 validation (2026-09-01T05:25:12)
Object metrics @ IoU=0.50, score>=0.50
################################################################################################
what           :         AP     AP_50%     AP_25%     Recall   Precision    F1-Score
################################################################################################
fallentree     :      0.000      0.000      0.000      0.000       0.000       0.000
------------------------------------------------------------------------------------------------
average        :      0.000      0.000      0.000      0.000       0.000       0.000
################################################################################################
################################################################################################
Epoch 509 validation (2026-09-01T05:26:15)
Object metrics @ IoU=0.50, score>=0.50
################################################################################################
what           :         AP     AP_50%     AP_25%     Recall   Precision    F1-Score
################################################################################################
fallentree     :      0.000      0.000      0.000      0.000       0.000       0.000
------------------------------------------------------------------------------------------------
average        :      0.000      0.000      0.000      0.000       0.000       0.000
################################################################################################
################################################################################################
Epoch 510 validation (2026-09-01T05:27:09)
Object metrics @ IoU=0.50, score>=0.50
################################################################################################
what           :         AP     AP_50%     AP_25%     Recall   Precision    F1-Score
################################################################################################
fallentree     :      0.000      0.000      0.000      0.000       0.000       0.000
------------------------------------------------------------------------------------------------
average        :      0.000      0.000      0.000      0.000       0.000       0.000
################################################################################################
################################################################################################
Epoch 511 validation (2026-09-01T05:28:12)
Object metrics @ IoU=0.50, score>=0.50
################################################################################################
what           :         AP     AP_50%     AP_25%     Recall   Precision    F1-Score
################################################################################################
fallentree     :      0.000      0.000      0.002      0.000       0.000       0.000
------------------------------------------------------------------------------------------------
average        :      0.000      0.000      0.002      0.000       0.000       0.000
################################################################################################
################################################################################################
Epoch 512 validation (2026-09-01T05:29:13)
Object metrics @ IoU=0.50, score>=0.50
################################################################################################
what           :         AP     AP_50%     AP_25%     Recall   Precision    F1-Score
################################################################################################
fallentree     :      0.000      0.000      0.000      0.000       0.000       0.000
------------------------------------------------------------------------------------------------
average        :      0.000      0.000      0.000      0.000       0.000       0.000
################################################################################################
################################################################################################
Epoch 513 validation (2026-09-01T05:30:03)
Object metrics @ IoU=0.50, score>=0.50
################################################################################################
what           :         AP     AP_50%     AP_25%     Recall   Precision    F1-Score
################################################################################################
fallentree     :      0.000      0.000      0.000      0.000       0.000       0.000
------------------------------------------------------------------------------------------------
average        :      0.000      0.000      0.000      0.000       0.000       0.000
################################################################################################
################################################################################################
Epoch 514 validation (2026-09-01T05:31:05)
Object metrics @ IoU=0.50, score>=0.50
################################################################################################
what           :         AP     AP_50%     AP_25%     Recall   Precision    F1-Score
################################################################################################
fallentree     :      0.000      0.000      0.001      0.000       0.000       0.000
------------------------------------------------------------------------------------------------
average        :      0.000      0.000      0.001      0.000       0.000       0.000
################################################################################################
################################################################################################
Epoch 515 validation (2026-09-01T05:32:00)
Object metrics @ IoU=0.50, score>=0.50
################################################################################################
what           :         AP     AP_50%     AP_25%     Recall   Precision    F1-Score
################################################################################################
fallentree     :      0.000      0.000      0.000      0.000       0.000       0.000
------------------------------------------------------------------------------------------------
average        :      0.000      0.000      0.000      0.000       0.000       0.000
################################################################################################
################################################################################################
Epoch 516 validation (2026-09-01T05:33:03)
Object metrics @ IoU=0.50, score>=0.50
################################################################################################
what           :         AP     AP_50%     AP_25%     Recall   Precision    F1-Score
################################################################################################
fallentree     :      0.000      0.000      0.000      0.000       0.000       0.000
------------------------------------------------------------------------------------------------
average        :      0.000      0.000      0.000      0.000       0.000       0.000
################################################################################################
################################################################################################
Epoch 517 validation (2026-09-01T05:33:49)
Object metrics @ IoU=0.50, score>=0.50
################################################################################################
what           :         AP     AP_50%     AP_25%     Recall   Precision    F1-Score
################################################################################################
fallentree     :      0.000      0.000      0.000      0.000       0.000       0.000
------------------------------------------------------------------------------------------------
average        :      0.000      0.000      0.000      0.000       0.000       0.000
################################################################################################
################################################################################################
Epoch 518 validation (2026-09-01T05:34:24)
Object metrics @ IoU=0.50, score>=0.50
################################################################################################
what           :         AP     AP_50%     AP_25%     Recall   Precision    F1-Score
################################################################################################
fallentree     :      0.000      0.000      0.000      0.000       0.000       0.000
------------------------------------------------------------------------------------------------
average        :      0.000      0.000      0.000      0.000       0.000       0.000
################################################################################################
################################################################################################
Epoch 519 validation (2026-09-01T05:35:11)
Object metrics @ IoU=0.50, score>=0.50
################################################################################################
what           :         AP     AP_50%     AP_25%     Recall   Precision    F1-Score
################################################################################################
fallentree     :      0.000      0.000      0.000      0.000       0.000       0.000
------------------------------------------------------------------------------------------------
average        :      0.000      0.000      0.000      0.000       0.000       0.000
################################################################################################
################################################################################################
Epoch 520 validation (2026-09-01T05:36:16)
Object metrics @ IoU=0.50, score>=0.50
################################################################################################
what           :         AP     AP_50%     AP_25%     Recall   Precision    F1-Score
################################################################################################
fallentree     :      0.000      0.000      0.000      0.000       0.000       0.000
------------------------------------------------------------------------------------------------
average        :      0.000      0.000      0.000      0.000       0.000       0.000
################################################################################################
################################################################################################
Epoch 521 validation (2026-09-01T05:37:10)
Object metrics @ IoU=0.50, score>=0.50
################################################################################################
what           :         AP     AP_50%     AP_25%     Recall   Precision    F1-Score
################################################################################################
fallentree     :      0.000      0.000      0.000      0.000       0.000       0.000
------------------------------------------------------------------------------------------------
average        :      0.000      0.000      0.000      0.000       0.000       0.000
################################################################################################
################################################################################################
Epoch 522 validation (2026-09-01T05:37:58)
Object metrics @ IoU=0.50, score>=0.50
################################################################################################
what           :         AP     AP_50%     AP_25%     Recall   Precision    F1-Score
################################################################################################
fallentree     :      0.000      0.000      0.000      0.000       0.000       0.000
------------------------------------------------------------------------------------------------
average        :      0.000      0.000      0.000      0.000       0.000       0.000
################################################################################################
################################################################################################
Epoch 523 validation (2026-09-01T05:38:44)
Object metrics @ IoU=0.50, score>=0.50
################################################################################################
what           :         AP     AP_50%     AP_25%     Recall   Precision    F1-Score
################################################################################################
fallentree     :      0.000      0.000      0.000      0.000       0.000       0.000
------------------------------------------------------------------------------------------------
average        :      0.000      0.000      0.000      0.000       0.000       0.000
################################################################################################
################################################################################################
Epoch 524 validation (2026-09-01T05:39:30)
Object metrics @ IoU=0.50, score>=0.50
################################################################################################
what           :         AP     AP_50%     AP_25%     Recall   Precision    F1-Score
################################################################################################
fallentree     :      0.000      0.000      0.000      0.000       0.000       0.000
------------------------------------------------------------------------------------------------
average        :      0.000      0.000      0.000      0.000       0.000       0.000
################################################################################################
################################################################################################
Epoch 525 validation (2026-09-01T05:40:31)
Object metrics @ IoU=0.50, score>=0.50
################################################################################################
what           :         AP     AP_50%     AP_25%     Recall   Precision    F1-Score
################################################################################################
fallentree     :      0.000      0.000      0.000      0.000       0.000       0.000
------------------------------------------------------------------------------------------------
average        :      0.000      0.000      0.000      0.000       0.000       0.000
################################################################################################
################################################################################################
Epoch 526 validation (2026-09-01T05:41:20)
Object metrics @ IoU=0.50, score>=0.50
################################################################################################
what           :         AP     AP_50%     AP_25%     Recall   Precision    F1-Score
################################################################################################
fallentree     :      0.000      0.000      0.000      0.000       0.000       0.000
------------------------------------------------------------------------------------------------
average        :      0.000      0.000      0.000      0.000       0.000       0.000
################################################################################################
################################################################################################
Epoch 527 validation (2026-09-01T05:42:21)
Object metrics @ IoU=0.50, score>=0.50
################################################################################################
what           :         AP     AP_50%     AP_25%     Recall   Precision    F1-Score
################################################################################################
fallentree     :      0.000      0.000      0.000      0.000       0.000       0.000
------------------------------------------------------------------------------------------------
average        :      0.000      0.000      0.000      0.000       0.000       0.000
################################################################################################
################################################################################################
Epoch 528 validation (2026-09-01T05:43:13)
Object metrics @ IoU=0.50, score>=0.50
################################################################################################
what           :         AP     AP_50%     AP_25%     Recall   Precision    F1-Score
################################################################################################
fallentree     :      0.000      0.000      0.000      0.000       0.000       0.000
------------------------------------------------------------------------------------------------
average        :      0.000      0.000      0.000      0.000       0.000       0.000
################################################################################################
################################################################################################
Epoch 529 validation (2026-09-01T05:43:59)
Object metrics @ IoU=0.50, score>=0.50
################################################################################################
what           :         AP     AP_50%     AP_25%     Recall   Precision    F1-Score
################################################################################################
fallentree     :      0.000      0.000      0.000      0.000       0.000       0.000
------------------------------------------------------------------------------------------------
average        :      0.000      0.000      0.000      0.000       0.000       0.000
################################################################################################
################################################################################################
Epoch 530 validation (2026-09-01T05:44:51)
Object metrics @ IoU=0.50, score>=0.50
################################################################################################
what           :         AP     AP_50%     AP_25%     Recall   Precision    F1-Score
################################################################################################
fallentree     :      0.000      0.000      0.000      0.000       0.000       0.000
------------------------------------------------------------------------------------------------
average        :      0.000      0.000      0.000      0.000       0.000       0.000
################################################################################################
################################################################################################
Epoch 531 validation (2026-09-01T05:45:59)
Object metrics @ IoU=0.50, score>=0.50
################################################################################################
what           :         AP     AP_50%     AP_25%     Recall   Precision    F1-Score
################################################################################################
fallentree     :      0.000      0.000      0.000      0.000       0.000       0.000
------------------------------------------------------------------------------------------------
average        :      0.000      0.000      0.000      0.000       0.000       0.000
################################################################################################
################################################################################################
Epoch 532 validation (2026-09-01T05:47:01)
Object metrics @ IoU=0.50, score>=0.50
################################################################################################
what           :         AP     AP_50%     AP_25%     Recall   Precision    F1-Score
################################################################################################
fallentree     :      0.000      0.000      0.002      0.000       0.000       0.000
------------------------------------------------------------------------------------------------
average        :      0.000      0.000      0.002      0.000       0.000       0.000
################################################################################################
################################################################################################
Epoch 533 validation (2026-09-01T05:47:46)
Object metrics @ IoU=0.50, score>=0.50
################################################################################################
what           :         AP     AP_50%     AP_25%     Recall   Precision    F1-Score
################################################################################################
fallentree     :      0.000      0.000      0.000      0.000       0.000       0.000
------------------------------------------------------------------------------------------------
average        :      0.000      0.000      0.000      0.000       0.000       0.000
################################################################################################
################################################################################################
Epoch 534 validation (2026-09-01T05:48:28)
Object metrics @ IoU=0.50, score>=0.50
################################################################################################
what           :         AP     AP_50%     AP_25%     Recall   Precision    F1-Score
################################################################################################
fallentree     :      0.000      0.000      0.000      0.000       0.000       0.000
------------------------------------------------------------------------------------------------
average        :      0.000      0.000      0.000      0.000       0.000       0.000
################################################################################################
################################################################################################
Epoch 535 validation (2026-09-01T05:49:21)
Object metrics @ IoU=0.50, score>=0.50
################################################################################################
what           :         AP     AP_50%     AP_25%     Recall   Precision    F1-Score
################################################################################################
fallentree     :      0.000      0.000      0.000      0.000       0.000       0.000
------------------------------------------------------------------------------------------------
average        :      0.000      0.000      0.000      0.000       0.000       0.000
################################################################################################
################################################################################################
Epoch 536 validation (2026-09-01T05:50:25)
Object metrics @ IoU=0.50, score>=0.50
################################################################################################
what           :         AP     AP_50%     AP_25%     Recall   Precision    F1-Score
################################################################################################
fallentree     :      0.000      0.000      0.000      0.000       0.000       0.000
------------------------------------------------------------------------------------------------
average        :      0.000      0.000      0.000      0.000       0.000       0.000
################################################################################################
################################################################################################
Epoch 537 validation (2026-09-01T05:51:08)
Object metrics @ IoU=0.50, score>=0.50
################################################################################################
what           :         AP     AP_50%     AP_25%     Recall   Precision    F1-Score
################################################################################################
fallentree     :      0.000      0.000      0.000      0.000       0.000       0.000
------------------------------------------------------------------------------------------------
average        :      0.000      0.000      0.000      0.000       0.000       0.000
################################################################################################
################################################################################################
Epoch 538 validation (2026-09-01T05:51:55)
Object metrics @ IoU=0.50, score>=0.50
################################################################################################
what           :         AP     AP_50%     AP_25%     Recall   Precision    F1-Score
################################################################################################
fallentree     :      0.000      0.000      0.000      0.000       0.000       0.000
------------------------------------------------------------------------------------------------
average        :      0.000      0.000      0.000      0.000       0.000       0.000
################################################################################################
################################################################################################
Epoch 539 validation (2026-09-01T05:53:03)
Object metrics @ IoU=0.50, score>=0.50
################################################################################################
what           :         AP     AP_50%     AP_25%     Recall   Precision    F1-Score
################################################################################################
fallentree     :      0.000      0.000      0.000      0.000       0.000       0.000
------------------------------------------------------------------------------------------------
average        :      0.000      0.000      0.000      0.000       0.000       0.000
################################################################################################
################################################################################################
Epoch 540 validation (2026-09-01T05:54:08)
Object metrics @ IoU=0.50, score>=0.50
################################################################################################
what           :         AP     AP_50%     AP_25%     Recall   Precision    F1-Score
################################################################################################
fallentree     :      0.000      0.000      0.000      0.000       0.000       0.000
------------------------------------------------------------------------------------------------
average        :      0.000      0.000      0.000      0.000       0.000       0.000
################################################################################################
################################################################################################
Epoch 541 validation (2026-09-01T05:54:53)
Object metrics @ IoU=0.50, score>=0.50
################################################################################################
what           :         AP     AP_50%     AP_25%     Recall   Precision    F1-Score
################################################################################################
fallentree     :      0.000      0.000      0.000      0.000       0.000       0.000
------------------------------------------------------------------------------------------------
average        :      0.000      0.000      0.000      0.000       0.000       0.000
################################################################################################
################################################################################################
Epoch 542 validation (2026-09-01T05:55:54)
Object metrics @ IoU=0.50, score>=0.50
################################################################################################
what           :         AP     AP_50%     AP_25%     Recall   Precision    F1-Score
################################################################################################
fallentree     :      0.000      0.000      0.000      0.000       0.000       0.000
------------------------------------------------------------------------------------------------
average        :      0.000      0.000      0.000      0.000       0.000       0.000
################################################################################################
################################################################################################
Epoch 543 validation (2026-09-01T05:57:03)
Object metrics @ IoU=0.50, score>=0.50
################################################################################################
what           :         AP     AP_50%     AP_25%     Recall   Precision    F1-Score
################################################################################################
fallentree     :      0.000      0.000      0.000      0.000       0.000       0.000
------------------------------------------------------------------------------------------------
average        :      0.000      0.000      0.000      0.000       0.000       0.000
################################################################################################
################################################################################################
Epoch 544 validation (2026-09-01T05:57:44)
Object metrics @ IoU=0.50, score>=0.50
################################################################################################
what           :         AP     AP_50%     AP_25%     Recall   Precision    F1-Score
################################################################################################
fallentree     :      0.000      0.000      0.000      0.000       0.000       0.000
------------------------------------------------------------------------------------------------
average        :      0.000      0.000      0.000      0.000       0.000       0.000
################################################################################################
################################################################################################
Epoch 545 validation (2026-09-01T05:58:33)
Object metrics @ IoU=0.50, score>=0.50
################################################################################################
what           :         AP     AP_50%     AP_25%     Recall   Precision    F1-Score
################################################################################################
fallentree     :      0.000      0.000      0.000      0.000       0.000       0.000
------------------------------------------------------------------------------------------------
average        :      0.000      0.000      0.000      0.000       0.000       0.000
################################################################################################
################################################################################################
Epoch 546 validation (2026-09-01T05:59:21)
Object metrics @ IoU=0.50, score>=0.50
################################################################################################
what           :         AP     AP_50%     AP_25%     Recall   Precision    F1-Score
################################################################################################
fallentree     :      0.000      0.000      0.000      0.000       0.000       0.000
------------------------------------------------------------------------------------------------
average        :      0.000      0.000      0.000      0.000       0.000       0.000
################################################################################################
################################################################################################
Epoch 547 validation (2026-09-01T06:00:28)
Object metrics @ IoU=0.50, score>=0.50
################################################################################################
what           :         AP     AP_50%     AP_25%     Recall   Precision    F1-Score
################################################################################################
fallentree     :      0.000      0.000      0.002      0.000       0.000       0.000
------------------------------------------------------------------------------------------------
average        :      0.000      0.000      0.002      0.000       0.000       0.000
################################################################################################
################################################################################################
Epoch 548 validation (2026-09-01T06:01:22)
Object metrics @ IoU=0.50, score>=0.50
################################################################################################
what           :         AP     AP_50%     AP_25%     Recall   Precision    F1-Score
################################################################################################
fallentree     :      0.000      0.000      0.000      0.000       0.000       0.000
------------------------------------------------------------------------------------------------
average        :      0.000      0.000      0.000      0.000       0.000       0.000
################################################################################################
################################################################################################
Epoch 549 validation (2026-09-01T06:02:30)
Object metrics @ IoU=0.50, score>=0.50
################################################################################################
what           :         AP     AP_50%     AP_25%     Recall   Precision    F1-Score
################################################################################################
fallentree     :      0.000      0.000      0.000      0.000       0.000       0.000
------------------------------------------------------------------------------------------------
average        :      0.000      0.000      0.000      0.000       0.000       0.000
################################################################################################
################################################################################################
Epoch 550 validation (2026-09-01T06:03:37)
Object metrics @ IoU=0.50, score>=0.50
################################################################################################
what           :         AP     AP_50%     AP_25%     Recall   Precision    F1-Score
################################################################################################
fallentree     :      0.000      0.000      0.000      0.000       0.000       0.000
------------------------------------------------------------------------------------------------
average        :      0.000      0.000      0.000      0.000       0.000       0.000
################################################################################################
################################################################################################
Epoch 551 validation (2026-09-01T06:04:26)
Object metrics @ IoU=0.50, score>=0.50
################################################################################################
what           :         AP     AP_50%     AP_25%     Recall   Precision    F1-Score
################################################################################################
fallentree     :      0.000      0.000      0.000      0.000       0.000       0.000
------------------------------------------------------------------------------------------------
average        :      0.000      0.000      0.000      0.000       0.000       0.000
################################################################################################
################################################################################################
Epoch 552 validation (2026-09-01T06:05:19)
Object metrics @ IoU=0.50, score>=0.50
################################################################################################
what           :         AP     AP_50%     AP_25%     Recall   Precision    F1-Score
################################################################################################
fallentree     :      0.000      0.000      0.000      0.000       0.000       0.000
------------------------------------------------------------------------------------------------
average        :      0.000      0.000      0.000      0.000       0.000       0.000
################################################################################################
################################################################################################
Epoch 553 validation (2026-09-01T06:06:08)
Object metrics @ IoU=0.50, score>=0.50
################################################################################################
what           :         AP     AP_50%     AP_25%     Recall   Precision    F1-Score
################################################################################################
fallentree     :      0.000      0.000      0.000      0.000       0.000       0.000
------------------------------------------------------------------------------------------------
average        :      0.000      0.000      0.000      0.000       0.000       0.000
################################################################################################
################################################################################################
Epoch 554 validation (2026-09-01T06:07:15)
Object metrics @ IoU=0.50, score>=0.50
################################################################################################
what           :         AP     AP_50%     AP_25%     Recall   Precision    F1-Score
################################################################################################
fallentree     :      0.000      0.000      0.000      0.000       0.000       0.000
------------------------------------------------------------------------------------------------
average        :      0.000      0.000      0.000      0.000       0.000       0.000
################################################################################################
################################################################################################
Epoch 555 validation (2026-09-01T06:08:17)
Object metrics @ IoU=0.50, score>=0.50
################################################################################################
what           :         AP     AP_50%     AP_25%     Recall   Precision    F1-Score
################################################################################################
fallentree     :      0.000      0.000      0.000      0.000       0.000       0.000
------------------------------------------------------------------------------------------------
average        :      0.000      0.000      0.000      0.000       0.000       0.000
################################################################################################
################################################################################################
Epoch 556 validation (2026-09-01T06:09:10)
Object metrics @ IoU=0.50, score>=0.50
################################################################################################
what           :         AP     AP_50%     AP_25%     Recall   Precision    F1-Score
################################################################################################
fallentree     :      0.000      0.000      0.000      0.000       0.000       0.000
------------------------------------------------------------------------------------------------
average        :      0.000      0.000      0.000      0.000       0.000       0.000
################################################################################################
################################################################################################
Epoch 557 validation (2026-09-01T06:10:06)
Object metrics @ IoU=0.50, score>=0.50
################################################################################################
what           :         AP     AP_50%     AP_25%     Recall   Precision    F1-Score
################################################################################################
fallentree     :      0.000      0.000      0.000      0.000       0.000       0.000
------------------------------------------------------------------------------------------------
average        :      0.000      0.000      0.000      0.000       0.000       0.000
################################################################################################
################################################################################################
Epoch 558 validation (2026-09-01T06:11:08)
Object metrics @ IoU=0.50, score>=0.50
################################################################################################
what           :         AP     AP_50%     AP_25%     Recall   Precision    F1-Score
################################################################################################
fallentree     :      0.000      0.000      0.000      0.000       0.000       0.000
------------------------------------------------------------------------------------------------
average        :      0.000      0.000      0.000      0.000       0.000       0.000
################################################################################################
################################################################################################
Epoch 559 validation (2026-09-01T06:12:15)
Object metrics @ IoU=0.50, score>=0.50
################################################################################################
what           :         AP     AP_50%     AP_25%     Recall   Precision    F1-Score
################################################################################################
fallentree     :      0.000      0.000      0.000      0.000       0.000       0.000
------------------------------------------------------------------------------------------------
average        :      0.000      0.000      0.000      0.000       0.000       0.000
################################################################################################
################################################################################################
Epoch 560 validation (2026-09-01T06:13:16)
Object metrics @ IoU=0.50, score>=0.50
################################################################################################
what           :         AP     AP_50%     AP_25%     Recall   Precision    F1-Score
################################################################################################
fallentree     :      0.000      0.000      0.000      0.000       0.000       0.000
------------------------------------------------------------------------------------------------
average        :      0.000      0.000      0.000      0.000       0.000       0.000
################################################################################################
################################################################################################
Epoch 561 validation (2026-09-01T06:14:24)
Object metrics @ IoU=0.50, score>=0.50
################################################################################################
what           :         AP     AP_50%     AP_25%     Recall   Precision    F1-Score
################################################################################################
fallentree     :      0.000      0.000      0.000      0.000       0.000       0.000
------------------------------------------------------------------------------------------------
average        :      0.000      0.000      0.000      0.000       0.000       0.000
################################################################################################
################################################################################################
Epoch 562 validation (2026-09-01T06:15:12)
Object metrics @ IoU=0.50, score>=0.50
################################################################################################
what           :         AP     AP_50%     AP_25%     Recall   Precision    F1-Score
################################################################################################
fallentree     :      0.000      0.000      0.000      0.000       0.000       0.000
------------------------------------------------------------------------------------------------
average        :      0.000      0.000      0.000      0.000       0.000       0.000
################################################################################################
################################################################################################
Epoch 563 validation (2026-09-01T06:16:17)
Object metrics @ IoU=0.50, score>=0.50
################################################################################################
what           :         AP     AP_50%     AP_25%     Recall   Precision    F1-Score
################################################################################################
fallentree     :      0.000      0.000      0.000      0.000       0.000       0.000
------------------------------------------------------------------------------------------------
average        :      0.000      0.000      0.000      0.000       0.000       0.000
################################################################################################
################################################################################################
Epoch 564 validation (2026-09-01T06:17:25)
Object metrics @ IoU=0.50, score>=0.50
################################################################################################
what           :         AP     AP_50%     AP_25%     Recall   Precision    F1-Score
################################################################################################
fallentree     :      0.000      0.000      0.000      0.000       0.000       0.000
------------------------------------------------------------------------------------------------
average        :      0.000      0.000      0.000      0.000       0.000       0.000
################################################################################################
################################################################################################
Epoch 565 validation (2026-09-01T06:18:12)
Object metrics @ IoU=0.50, score>=0.50
################################################################################################
what           :         AP     AP_50%     AP_25%     Recall   Precision    F1-Score
################################################################################################
fallentree     :      0.000      0.000      0.000      0.000       0.000       0.000
------------------------------------------------------------------------------------------------
average        :      0.000      0.000      0.000      0.000       0.000       0.000
################################################################################################
################################################################################################
Epoch 566 validation (2026-09-01T06:19:15)
Object metrics @ IoU=0.50, score>=0.50
################################################################################################
what           :         AP     AP_50%     AP_25%     Recall   Precision    F1-Score
################################################################################################
fallentree     :      0.000      0.000      0.000      0.000       0.000       0.000
------------------------------------------------------------------------------------------------
average        :      0.000      0.000      0.000      0.000       0.000       0.000
################################################################################################
################################################################################################
Epoch 567 validation (2026-09-01T06:20:18)
Object metrics @ IoU=0.50, score>=0.50
################################################################################################
what           :         AP     AP_50%     AP_25%     Recall   Precision    F1-Score
################################################################################################
fallentree     :      0.000      0.000      0.000      0.000       0.000       0.000
------------------------------------------------------------------------------------------------
average        :      0.000      0.000      0.000      0.000       0.000       0.000
################################################################################################
################################################################################################
Epoch 568 validation (2026-09-01T06:21:27)
Object metrics @ IoU=0.50, score>=0.50
################################################################################################
what           :         AP     AP_50%     AP_25%     Recall   Precision    F1-Score
################################################################################################
fallentree     :      0.000      0.000      0.000      0.000       0.000       0.000
------------------------------------------------------------------------------------------------
average        :      0.000      0.000      0.000      0.000       0.000       0.000
################################################################################################
################################################################################################
Epoch 569 validation (2026-09-01T06:22:29)
Object metrics @ IoU=0.50, score>=0.50
################################################################################################
what           :         AP     AP_50%     AP_25%     Recall   Precision    F1-Score
################################################################################################
fallentree     :      0.000      0.000      0.000      0.000       0.000       0.000
------------------------------------------------------------------------------------------------
average        :      0.000      0.000      0.000      0.000       0.000       0.000
################################################################################################
################################################################################################
Epoch 570 validation (2026-09-01T06:23:16)
Object metrics @ IoU=0.50, score>=0.50
################################################################################################
what           :         AP     AP_50%     AP_25%     Recall   Precision    F1-Score
################################################################################################
fallentree     :      0.000      0.000      0.000      0.000       0.000       0.000
------------------------------------------------------------------------------------------------
average        :      0.000      0.000      0.000      0.000       0.000       0.000
################################################################################################
################################################################################################
Epoch 571 validation (2026-09-01T06:24:08)
Object metrics @ IoU=0.50, score>=0.50
################################################################################################
what           :         AP     AP_50%     AP_25%     Recall   Precision    F1-Score
################################################################################################
fallentree     :      0.000      0.000      0.000      0.000       0.000       0.000
------------------------------------------------------------------------------------------------
average        :      0.000      0.000      0.000      0.000       0.000       0.000
################################################################################################
################################################################################################
Epoch 572 validation (2026-09-01T06:25:03)
Object metrics @ IoU=0.50, score>=0.50
################################################################################################
what           :         AP     AP_50%     AP_25%     Recall   Precision    F1-Score
################################################################################################
fallentree     :      0.000      0.000      0.000      0.000       0.000       0.000
------------------------------------------------------------------------------------------------
average        :      0.000      0.000      0.000      0.000       0.000       0.000
################################################################################################
################################################################################################
Epoch 573 validation (2026-09-01T06:26:04)
Object metrics @ IoU=0.50, score>=0.50
################################################################################################
what           :         AP     AP_50%     AP_25%     Recall   Precision    F1-Score
################################################################################################
fallentree     :      0.000      0.000      0.000      0.000       0.000       0.000
------------------------------------------------------------------------------------------------
average        :      0.000      0.000      0.000      0.000       0.000       0.000
################################################################################################
################################################################################################
Epoch 574 validation (2026-09-01T06:27:11)
Object metrics @ IoU=0.50, score>=0.50
################################################################################################
what           :         AP     AP_50%     AP_25%     Recall   Precision    F1-Score
################################################################################################
fallentree     :      0.000      0.000      0.000      0.000       0.000       0.000
------------------------------------------------------------------------------------------------
average        :      0.000      0.000      0.000      0.000       0.000       0.000
################################################################################################
################################################################################################
Epoch 575 validation (2026-09-01T06:28:14)
Object metrics @ IoU=0.50, score>=0.50
################################################################################################
what           :         AP     AP_50%     AP_25%     Recall   Precision    F1-Score
################################################################################################
fallentree     :      0.000      0.000      0.000      0.000       0.000       0.000
------------------------------------------------------------------------------------------------
average        :      0.000      0.000      0.000      0.000       0.000       0.000
################################################################################################
################################################################################################
Epoch 576 validation (2026-09-01T06:29:11)
Object metrics @ IoU=0.50, score>=0.50
################################################################################################
what           :         AP     AP_50%     AP_25%     Recall   Precision    F1-Score
################################################################################################
fallentree     :      0.000      0.000      0.000      0.000       0.000       0.000
------------------------------------------------------------------------------------------------
average        :      0.000      0.000      0.000      0.000       0.000       0.000
################################################################################################
################################################################################################
Epoch 577 validation (2026-09-01T06:29:59)
Object metrics @ IoU=0.50, score>=0.50
################################################################################################
what           :         AP     AP_50%     AP_25%     Recall   Precision    F1-Score
################################################################################################
fallentree     :      0.000      0.000      0.000      0.000       0.000       0.000
------------------------------------------------------------------------------------------------
average        :      0.000      0.000      0.000      0.000       0.000       0.000
################################################################################################
################################################################################################
Epoch 578 validation (2026-09-01T06:30:52)
Object metrics @ IoU=0.50, score>=0.50
################################################################################################
what           :         AP     AP_50%     AP_25%     Recall   Precision    F1-Score
################################################################################################
fallentree     :      0.000      0.000      0.001      0.000       0.000       0.000
------------------------------------------------------------------------------------------------
average        :      0.000      0.000      0.001      0.000       0.000       0.000
################################################################################################
################################################################################################
Epoch 579 validation (2026-09-01T06:31:42)
Object metrics @ IoU=0.50, score>=0.50
################################################################################################
what           :         AP     AP_50%     AP_25%     Recall   Precision    F1-Score
################################################################################################
fallentree     :      0.000      0.000      0.000      0.000       0.000       0.000
------------------------------------------------------------------------------------------------
average        :      0.000      0.000      0.000      0.000       0.000       0.000
################################################################################################
################################################################################################
Epoch 580 validation (2026-09-01T06:32:29)
Object metrics @ IoU=0.50, score>=0.50
################################################################################################
what           :         AP     AP_50%     AP_25%     Recall   Precision    F1-Score
################################################################################################
fallentree     :      0.000      0.000      0.000      0.000       0.000       0.000
------------------------------------------------------------------------------------------------
average        :      0.000      0.000      0.000      0.000       0.000       0.000
################################################################################################
################################################################################################
Epoch 581 validation (2026-09-01T06:33:31)
Object metrics @ IoU=0.50, score>=0.50
################################################################################################
what           :         AP     AP_50%     AP_25%     Recall   Precision    F1-Score
################################################################################################
fallentree     :      0.000      0.000      0.000      0.000       0.000       0.000
------------------------------------------------------------------------------------------------
average        :      0.000      0.000      0.000      0.000       0.000       0.000
################################################################################################
################################################################################################
Epoch 582 validation (2026-09-01T06:34:18)
Object metrics @ IoU=0.50, score>=0.50
################################################################################################
what           :         AP     AP_50%     AP_25%     Recall   Precision    F1-Score
################################################################################################
fallentree     :      0.000      0.000      0.000      0.000       0.000       0.000
------------------------------------------------------------------------------------------------
average        :      0.000      0.000      0.000      0.000       0.000       0.000
################################################################################################
################################################################################################
Epoch 583 validation (2026-09-01T06:35:19)
Object metrics @ IoU=0.50, score>=0.50
################################################################################################
what           :         AP     AP_50%     AP_25%     Recall   Precision    F1-Score
################################################################################################
fallentree     :      0.000      0.000      0.000      0.000       0.000       0.000
------------------------------------------------------------------------------------------------
average        :      0.000      0.000      0.000      0.000       0.000       0.000
################################################################################################
################################################################################################
Epoch 584 validation (2026-09-01T06:36:12)
Object metrics @ IoU=0.50, score>=0.50
################################################################################################
what           :         AP     AP_50%     AP_25%     Recall   Precision    F1-Score
################################################################################################
fallentree     :      0.000      0.000      0.000      0.000       0.000       0.000
------------------------------------------------------------------------------------------------
average        :      0.000      0.000      0.000      0.000       0.000       0.000
################################################################################################
################################################################################################
Epoch 585 validation (2026-09-01T06:37:19)
Object metrics @ IoU=0.50, score>=0.50
################################################################################################
what           :         AP     AP_50%     AP_25%     Recall   Precision    F1-Score
################################################################################################
fallentree     :      0.000      0.000      0.001      0.000       0.000       0.000
------------------------------------------------------------------------------------------------
average        :      0.000      0.000      0.001      0.000       0.000       0.000
################################################################################################
################################################################################################
Epoch 586 validation (2026-09-01T06:37:49)
Object metrics @ IoU=0.50, score>=0.50
################################################################################################
what           :         AP     AP_50%     AP_25%     Recall   Precision    F1-Score
################################################################################################
fallentree     :      0.000      0.000      0.000      0.000       0.000       0.000
------------------------------------------------------------------------------------------------
average        :      0.000      0.000      0.000      0.000       0.000       0.000
################################################################################################
################################################################################################
Epoch 587 validation (2026-09-01T06:38:42)
Object metrics @ IoU=0.50, score>=0.50
################################################################################################
what           :         AP     AP_50%     AP_25%     Recall   Precision    F1-Score
################################################################################################
fallentree     :      0.000      0.000      0.000      0.000       0.000       0.000
------------------------------------------------------------------------------------------------
average        :      0.000      0.000      0.000      0.000       0.000       0.000
################################################################################################
################################################################################################
Epoch 588 validation (2026-09-01T06:39:30)
Object metrics @ IoU=0.50, score>=0.50
################################################################################################
what           :         AP     AP_50%     AP_25%     Recall   Precision    F1-Score
################################################################################################
fallentree     :      0.000      0.000      0.000      0.000       0.000       0.000
------------------------------------------------------------------------------------------------
average        :      0.000      0.000      0.000      0.000       0.000       0.000
################################################################################################
################################################################################################
Epoch 589 validation (2026-09-01T06:40:34)
Object metrics @ IoU=0.50, score>=0.50
################################################################################################
what           :         AP     AP_50%     AP_25%     Recall   Precision    F1-Score
################################################################################################
fallentree     :      0.000      0.000      0.000      0.000       0.000       0.000
------------------------------------------------------------------------------------------------
average        :      0.000      0.000      0.000      0.000       0.000       0.000
################################################################################################
################################################################################################
Epoch 590 validation (2026-09-01T06:41:36)
Object metrics @ IoU=0.50, score>=0.50
################################################################################################
what           :         AP     AP_50%     AP_25%     Recall   Precision    F1-Score
################################################################################################
fallentree     :      0.000      0.000      0.000      0.000       0.000       0.000
------------------------------------------------------------------------------------------------
average        :      0.000      0.000      0.000      0.000       0.000       0.000
################################################################################################
################################################################################################
Epoch 591 validation (2026-09-01T06:42:28)
Object metrics @ IoU=0.50, score>=0.50
################################################################################################
what           :         AP     AP_50%     AP_25%     Recall   Precision    F1-Score
################################################################################################
fallentree     :      0.000      0.000      0.000      0.000       0.000       0.000
------------------------------------------------------------------------------------------------
average        :      0.000      0.000      0.000      0.000       0.000       0.000
################################################################################################
################################################################################################
Epoch 592 validation (2026-09-01T06:43:35)
Object metrics @ IoU=0.50, score>=0.50
################################################################################################
what           :         AP     AP_50%     AP_25%     Recall   Precision    F1-Score
################################################################################################
fallentree     :      0.000      0.000      0.000      0.000       0.000       0.000
------------------------------------------------------------------------------------------------
average        :      0.000      0.000      0.000      0.000       0.000       0.000
################################################################################################
################################################################################################
Epoch 593 validation (2026-09-01T06:44:23)
Object metrics @ IoU=0.50, score>=0.50
################################################################################################
what           :         AP     AP_50%     AP_25%     Recall   Precision    F1-Score
################################################################################################
fallentree     :      0.000      0.000      0.000      0.000       0.000       0.000
------------------------------------------------------------------------------------------------
average        :      0.000      0.000      0.000      0.000       0.000       0.000
################################################################################################
################################################################################################
Epoch 594 validation (2026-09-01T06:45:10)
Object metrics @ IoU=0.50, score>=0.50
################################################################################################
what           :         AP     AP_50%     AP_25%     Recall   Precision    F1-Score
################################################################################################
fallentree     :      0.000      0.000      0.000      0.000       0.000       0.000
------------------------------------------------------------------------------------------------
average        :      0.000      0.000      0.000      0.000       0.000       0.000
################################################################################################
################################################################################################
Epoch 595 validation (2026-09-01T06:45:56)
Object metrics @ IoU=0.50, score>=0.50
################################################################################################
what           :         AP     AP_50%     AP_25%     Recall   Precision    F1-Score
################################################################################################
fallentree     :      0.000      0.000      0.000      0.000       0.000       0.000
------------------------------------------------------------------------------------------------
average        :      0.000      0.000      0.000      0.000       0.000       0.000
################################################################################################
################################################################################################
Epoch 596 validation (2026-09-01T06:46:46)
Object metrics @ IoU=0.50, score>=0.50
################################################################################################
what           :         AP     AP_50%     AP_25%     Recall   Precision    F1-Score
################################################################################################
fallentree     :      0.000      0.000      0.001      0.000       0.000       0.000
------------------------------------------------------------------------------------------------
average        :      0.000      0.000      0.001      0.000       0.000       0.000
################################################################################################
################################################################################################
Epoch 597 validation (2026-09-01T06:47:34)
Object metrics @ IoU=0.50, score>=0.50
################################################################################################
what           :         AP     AP_50%     AP_25%     Recall   Precision    F1-Score
################################################################################################
fallentree     :      0.000      0.000      0.000      0.000       0.000       0.000
------------------------------------------------------------------------------------------------
average        :      0.000      0.000      0.000      0.000       0.000       0.000
################################################################################################
################################################################################################
Epoch 598 validation (2026-09-01T06:48:23)
Object metrics @ IoU=0.50, score>=0.50
################################################################################################
what           :         AP     AP_50%     AP_25%     Recall   Precision    F1-Score
################################################################################################
fallentree     :      0.000      0.000      0.001      0.000       0.000       0.000
------------------------------------------------------------------------------------------------
average        :      0.000      0.000      0.001      0.000       0.000       0.000
################################################################################################
################################################################################################
Epoch 599 validation (2026-09-01T06:49:24)
Object metrics @ IoU=0.50, score>=0.50
################################################################################################
what           :         AP     AP_50%     AP_25%     Recall   Precision    F1-Score
################################################################################################
fallentree     :      0.000      0.000      0.001      0.000       0.000       0.000
------------------------------------------------------------------------------------------------
average        :      0.000      0.000      0.001      0.000       0.000       0.000
################################################################################################
################################################################################################
Epoch 600 validation (2026-09-01T06:50:12)
Object metrics @ IoU=0.50, score>=0.50
################################################################################################
what           :         AP     AP_50%     AP_25%     Recall   Precision    F1-Score
################################################################################################
fallentree     :      0.000      0.000      0.002      0.000       0.000       0.000
------------------------------------------------------------------------------------------------
average        :      0.000      0.000      0.002      0.000       0.000       0.000
################################################################################################
################################################################################################
Epoch 601 validation (2026-09-01T06:51:20)
Object metrics @ IoU=0.50, score>=0.50
################################################################################################
what           :         AP     AP_50%     AP_25%     Recall   Precision    F1-Score
################################################################################################
fallentree     :      0.000      0.000      0.000      0.000       0.000       0.000
------------------------------------------------------------------------------------------------
average        :      0.000      0.000      0.000      0.000       0.000       0.000
################################################################################################
################################################################################################
Epoch 602 validation (2026-09-01T06:52:09)
Object metrics @ IoU=0.50, score>=0.50
################################################################################################
what           :         AP     AP_50%     AP_25%     Recall   Precision    F1-Score
################################################################################################
fallentree     :      0.000      0.000      0.001      0.000       0.000       0.000
------------------------------------------------------------------------------------------------
average        :      0.000      0.000      0.001      0.000       0.000       0.000
################################################################################################
################################################################################################
Epoch 603 validation (2026-09-01T06:53:10)
Object metrics @ IoU=0.50, score>=0.50
################################################################################################
what           :         AP     AP_50%     AP_25%     Recall   Precision    F1-Score
################################################################################################
fallentree     :      0.000      0.000      0.001      0.000       0.000       0.000
------------------------------------------------------------------------------------------------
average        :      0.000      0.000      0.001      0.000       0.000       0.000
################################################################################################
################################################################################################
Epoch 604 validation (2026-09-01T06:54:00)
Object metrics @ IoU=0.50, score>=0.50
################################################################################################
what           :         AP     AP_50%     AP_25%     Recall   Precision    F1-Score
################################################################################################
fallentree     :      0.000      0.000      0.001      0.000       0.000       0.000
------------------------------------------------------------------------------------------------
average        :      0.000      0.000      0.001      0.000       0.000       0.000
################################################################################################
################################################################################################
Epoch 605 validation (2026-09-01T06:54:53)
Object metrics @ IoU=0.50, score>=0.50
################################################################################################
what           :         AP     AP_50%     AP_25%     Recall   Precision    F1-Score
################################################################################################
fallentree     :      0.000      0.000      0.001      0.000       0.000       0.000
------------------------------------------------------------------------------------------------
average        :      0.000      0.000      0.001      0.000       0.000       0.000
################################################################################################
################################################################################################
Epoch 606 validation (2026-09-01T06:55:53)
Object metrics @ IoU=0.50, score>=0.50
################################################################################################
what           :         AP     AP_50%     AP_25%     Recall   Precision    F1-Score
################################################################################################
fallentree     :      0.000      0.000      0.000      0.000       0.000       0.000
------------------------------------------------------------------------------------------------
average        :      0.000      0.000      0.000      0.000       0.000       0.000
################################################################################################
################################################################################################
Epoch 607 validation (2026-09-01T06:56:48)
Object metrics @ IoU=0.50, score>=0.50
################################################################################################
what           :         AP     AP_50%     AP_25%     Recall   Precision    F1-Score
################################################################################################
fallentree     :      0.000      0.000      0.000      0.000       0.000       0.000
------------------------------------------------------------------------------------------------
average        :      0.000      0.000      0.000      0.000       0.000       0.000
################################################################################################
################################################################################################
Epoch 608 validation (2026-09-01T06:57:42)
Object metrics @ IoU=0.50, score>=0.50
################################################################################################
what           :         AP     AP_50%     AP_25%     Recall   Precision    F1-Score
################################################################################################
fallentree     :      0.000      0.000      0.000      0.000       0.000       0.000
------------------------------------------------------------------------------------------------
average        :      0.000      0.000      0.000      0.000       0.000       0.000
################################################################################################
################################################################################################
Epoch 609 validation (2026-09-01T06:58:32)
Object metrics @ IoU=0.50, score>=0.50
################################################################################################
what           :         AP     AP_50%     AP_25%     Recall   Precision    F1-Score
################################################################################################
fallentree     :      0.000      0.000      0.001      0.000       0.000       0.000
------------------------------------------------------------------------------------------------
average        :      0.000      0.000      0.001      0.000       0.000       0.000
################################################################################################
################################################################################################
Epoch 610 validation (2026-09-01T06:59:33)
Object metrics @ IoU=0.50, score>=0.50
################################################################################################
what           :         AP     AP_50%     AP_25%     Recall   Precision    F1-Score
################################################################################################
fallentree     :      0.000      0.000      0.002      0.000       0.000       0.000
------------------------------------------------------------------------------------------------
average        :      0.000      0.000      0.002      0.000       0.000       0.000
################################################################################################
################################################################################################
Epoch 611 validation (2026-09-01T07:00:27)
Object metrics @ IoU=0.50, score>=0.50
################################################################################################
what           :         AP     AP_50%     AP_25%     Recall   Precision    F1-Score
################################################################################################
fallentree     :      0.000      0.000      0.001      0.000       0.000       0.000
------------------------------------------------------------------------------------------------
average        :      0.000      0.000      0.001      0.000       0.000       0.000
################################################################################################
################################################################################################
Epoch 612 validation (2026-09-01T07:01:18)
Object metrics @ IoU=0.50, score>=0.50
################################################################################################
what           :         AP     AP_50%     AP_25%     Recall   Precision    F1-Score
################################################################################################
fallentree     :      0.000      0.000      0.001      0.000       0.000       0.000
------------------------------------------------------------------------------------------------
average        :      0.000      0.000      0.001      0.000       0.000       0.000
################################################################################################
################################################################################################
Epoch 613 validation (2026-09-01T07:02:26)
Object metrics @ IoU=0.50, score>=0.50
################################################################################################
what           :         AP     AP_50%     AP_25%     Recall   Precision    F1-Score
################################################################################################
fallentree     :      0.000      0.000      0.002      0.000       0.000       0.000
------------------------------------------------------------------------------------------------
average        :      0.000      0.000      0.002      0.000       0.000       0.000
################################################################################################
################################################################################################
Epoch 614 validation (2026-09-01T07:03:33)
Object metrics @ IoU=0.50, score>=0.50
################################################################################################
what           :         AP     AP_50%     AP_25%     Recall   Precision    F1-Score
################################################################################################
fallentree     :      0.000      0.000      0.006      0.000       0.000       0.000
------------------------------------------------------------------------------------------------
average        :      0.000      0.000      0.006      0.000       0.000       0.000
################################################################################################
################################################################################################
Epoch 615 validation (2026-09-01T07:04:43)
Object metrics @ IoU=0.50, score>=0.50
################################################################################################
what           :         AP     AP_50%     AP_25%     Recall   Precision    F1-Score
################################################################################################
fallentree     :      0.000      0.000      0.002      0.000       0.000       0.000
------------------------------------------------------------------------------------------------
average        :      0.000      0.000      0.002      0.000       0.000       0.000
################################################################################################
################################################################################################
Epoch 616 validation (2026-09-01T07:05:17)
Object metrics @ IoU=0.50, score>=0.50
################################################################################################
what           :         AP     AP_50%     AP_25%     Recall   Precision    F1-Score
################################################################################################
fallentree     :      0.000      0.000      0.001      0.000       0.000       0.000
------------------------------------------------------------------------------------------------
average        :      0.000      0.000      0.001      0.000       0.000       0.000
################################################################################################
################################################################################################
Epoch 617 validation (2026-09-01T07:06:06)
Object metrics @ IoU=0.50, score>=0.50
################################################################################################
what           :         AP     AP_50%     AP_25%     Recall   Precision    F1-Score
################################################################################################
fallentree     :      0.000      0.000      0.001      0.000       0.000       0.000
------------------------------------------------------------------------------------------------
average        :      0.000      0.000      0.001      0.000       0.000       0.000
################################################################################################
################################################################################################
Epoch 618 validation (2026-09-01T07:06:57)
Object metrics @ IoU=0.50, score>=0.50
################################################################################################
what           :         AP     AP_50%     AP_25%     Recall   Precision    F1-Score
################################################################################################
fallentree     :      0.000      0.000      0.001      0.000       0.000       0.000
------------------------------------------------------------------------------------------------
average        :      0.000      0.000      0.001      0.000       0.000       0.000
################################################################################################
################################################################################################
Epoch 619 validation (2026-09-01T07:07:59)
Object metrics @ IoU=0.50, score>=0.50
################################################################################################
what           :         AP     AP_50%     AP_25%     Recall   Precision    F1-Score
################################################################################################
fallentree     :      0.000      0.000      0.001      0.000       0.000       0.000
------------------------------------------------------------------------------------------------
average        :      0.000      0.000      0.001      0.000       0.000       0.000
################################################################################################
################################################################################################
Epoch 620 validation (2026-09-01T07:09:01)
Object metrics @ IoU=0.50, score>=0.50
################################################################################################
what           :         AP     AP_50%     AP_25%     Recall   Precision    F1-Score
################################################################################################
fallentree     :      0.000      0.000      0.001      0.000       0.000       0.000
------------------------------------------------------------------------------------------------
average        :      0.000      0.000      0.001      0.000       0.000       0.000
################################################################################################
################################################################################################
Epoch 621 validation (2026-09-01T07:10:03)
Object metrics @ IoU=0.50, score>=0.50
################################################################################################
what           :         AP     AP_50%     AP_25%     Recall   Precision    F1-Score
################################################################################################
fallentree     :      0.000      0.000      0.001      0.000       0.000       0.000
------------------------------------------------------------------------------------------------
average        :      0.000      0.000      0.001      0.000       0.000       0.000
################################################################################################
################################################################################################
Epoch 622 validation (2026-09-01T07:11:03)
Object metrics @ IoU=0.50, score>=0.50
################################################################################################
what           :         AP     AP_50%     AP_25%     Recall   Precision    F1-Score
################################################################################################
fallentree     :      0.000      0.000      0.003      0.000       0.000       0.000
------------------------------------------------------------------------------------------------
average        :      0.000      0.000      0.003      0.000       0.000       0.000
################################################################################################
################################################################################################
Epoch 623 validation (2026-09-01T07:11:51)
Object metrics @ IoU=0.50, score>=0.50
################################################################################################
what           :         AP     AP_50%     AP_25%     Recall   Precision    F1-Score
################################################################################################
fallentree     :      0.000      0.000      0.001      0.000       0.000       0.000
------------------------------------------------------------------------------------------------
average        :      0.000      0.000      0.001      0.000       0.000       0.000
################################################################################################
################################################################################################
Epoch 624 validation (2026-09-01T07:12:43)
Object metrics @ IoU=0.50, score>=0.50
################################################################################################
what           :         AP     AP_50%     AP_25%     Recall   Precision    F1-Score
################################################################################################
fallentree     :      0.000      0.000      0.001      0.000       0.000       0.000
------------------------------------------------------------------------------------------------
average        :      0.000      0.000      0.001      0.000       0.000       0.000
################################################################################################
################################################################################################
Epoch 625 validation (2026-09-01T07:13:33)
Object metrics @ IoU=0.50, score>=0.50
################################################################################################
what           :         AP     AP_50%     AP_25%     Recall   Precision    F1-Score
################################################################################################
fallentree     :      0.000      0.000      0.000      0.000       0.000       0.000
------------------------------------------------------------------------------------------------
average        :      0.000      0.000      0.000      0.000       0.000       0.000
################################################################################################
################################################################################################
Epoch 626 validation (2026-09-01T07:14:21)
Object metrics @ IoU=0.50, score>=0.50
################################################################################################
what           :         AP     AP_50%     AP_25%     Recall   Precision    F1-Score
################################################################################################
fallentree     :      0.000      0.000      0.002      0.000       0.000       0.000
------------------------------------------------------------------------------------------------
average        :      0.000      0.000      0.002      0.000       0.000       0.000
################################################################################################
################################################################################################
Epoch 627 validation (2026-09-01T07:15:22)
Object metrics @ IoU=0.50, score>=0.50
################################################################################################
what           :         AP     AP_50%     AP_25%     Recall   Precision    F1-Score
################################################################################################
fallentree     :      0.000      0.000      0.001      0.000       0.000       0.000
------------------------------------------------------------------------------------------------
average        :      0.000      0.000      0.001      0.000       0.000       0.000
################################################################################################
################################################################################################
Epoch 628 validation (2026-09-01T07:16:28)
Object metrics @ IoU=0.50, score>=0.50
################################################################################################
what           :         AP     AP_50%     AP_25%     Recall   Precision    F1-Score
################################################################################################
fallentree     :      0.000      0.000      0.002      0.000       0.000       0.000
------------------------------------------------------------------------------------------------
average        :      0.000      0.000      0.002      0.000       0.000       0.000
################################################################################################
################################################################################################
Epoch 629 validation (2026-09-01T07:17:32)
Object metrics @ IoU=0.50, score>=0.50
################################################################################################
what           :         AP     AP_50%     AP_25%     Recall   Precision    F1-Score
################################################################################################
fallentree     :      0.000      0.000      0.001      0.000       0.000       0.000
------------------------------------------------------------------------------------------------
average        :      0.000      0.000      0.001      0.000       0.000       0.000
################################################################################################
################################################################################################
Epoch 630 validation (2026-09-01T07:18:19)
Object metrics @ IoU=0.50, score>=0.50
################################################################################################
what           :         AP     AP_50%     AP_25%     Recall   Precision    F1-Score
################################################################################################
fallentree     :      0.000      0.000      0.002      0.000       0.000       0.000
------------------------------------------------------------------------------------------------
average        :      0.000      0.000      0.002      0.000       0.000       0.000
################################################################################################
################################################################################################
Epoch 631 validation (2026-09-01T07:19:10)
Object metrics @ IoU=0.50, score>=0.50
################################################################################################
what           :         AP     AP_50%     AP_25%     Recall   Precision    F1-Score
################################################################################################
fallentree     :      0.000      0.000      0.001      0.000       0.000       0.000
------------------------------------------------------------------------------------------------
average        :      0.000      0.000      0.001      0.000       0.000       0.000
################################################################################################
################################################################################################
Epoch 632 validation (2026-09-01T07:20:04)
Object metrics @ IoU=0.50, score>=0.50
################################################################################################
what           :         AP     AP_50%     AP_25%     Recall   Precision    F1-Score
################################################################################################
fallentree     :      0.000      0.000      0.000      0.000       0.000       0.000
------------------------------------------------------------------------------------------------
average        :      0.000      0.000      0.000      0.000       0.000       0.000
################################################################################################
################################################################################################
Epoch 633 validation (2026-09-01T07:20:52)
Object metrics @ IoU=0.50, score>=0.50
################################################################################################
what           :         AP     AP_50%     AP_25%     Recall   Precision    F1-Score
################################################################################################
fallentree     :      0.000      0.000      0.000      0.000       0.000       0.000
------------------------------------------------------------------------------------------------
average        :      0.000      0.000      0.000      0.000       0.000       0.000
################################################################################################
################################################################################################
Epoch 634 validation (2026-09-01T07:21:41)
Object metrics @ IoU=0.50, score>=0.50
################################################################################################
what           :         AP     AP_50%     AP_25%     Recall   Precision    F1-Score
################################################################################################
fallentree     :      0.000      0.000      0.000      0.000       0.000       0.000
------------------------------------------------------------------------------------------------
average        :      0.000      0.000      0.000      0.000       0.000       0.000
################################################################################################
################################################################################################
Epoch 635 validation (2026-09-01T07:22:48)
Object metrics @ IoU=0.50, score>=0.50
################################################################################################
what           :         AP     AP_50%     AP_25%     Recall   Precision    F1-Score
################################################################################################
fallentree     :      0.000      0.000      0.003      0.000       0.000       0.000
------------------------------------------------------------------------------------------------
average        :      0.000      0.000      0.003      0.000       0.000       0.000
################################################################################################
################################################################################################
Epoch 636 validation (2026-09-01T07:23:27)
Object metrics @ IoU=0.50, score>=0.50
################################################################################################
what           :         AP     AP_50%     AP_25%     Recall   Precision    F1-Score
################################################################################################
fallentree     :      0.000      0.000      0.000      0.000       0.000       0.000
------------------------------------------------------------------------------------------------
average        :      0.000      0.000      0.000      0.000       0.000       0.000
################################################################################################
################################################################################################
Epoch 637 validation (2026-09-01T07:24:21)
Object metrics @ IoU=0.50, score>=0.50
################################################################################################
what           :         AP     AP_50%     AP_25%     Recall   Precision    F1-Score
################################################################################################
fallentree     :      0.000      0.000      0.001      0.000       0.000       0.000
------------------------------------------------------------------------------------------------
average        :      0.000      0.000      0.001      0.000       0.000       0.000
################################################################################################
################################################################################################
Epoch 638 validation (2026-09-01T07:25:32)
Object metrics @ IoU=0.50, score>=0.50
################################################################################################
what           :         AP     AP_50%     AP_25%     Recall   Precision    F1-Score
################################################################################################
fallentree     :      0.000      0.000      0.008      0.000       0.000       0.000
------------------------------------------------------------------------------------------------
average        :      0.000      0.000      0.008      0.000       0.000       0.000
################################################################################################
################################################################################################
Epoch 639 validation (2026-09-01T07:26:21)
Object metrics @ IoU=0.50, score>=0.50
################################################################################################
what           :         AP     AP_50%     AP_25%     Recall   Precision    F1-Score
################################################################################################
fallentree     :      0.000      0.000      0.003      0.000       0.000       0.000
------------------------------------------------------------------------------------------------
average        :      0.000      0.000      0.003      0.000       0.000       0.000
################################################################################################
################################################################################################
Epoch 640 validation (2026-09-01T07:27:28)
Object metrics @ IoU=0.50, score>=0.50
################################################################################################
what           :         AP     AP_50%     AP_25%     Recall   Precision    F1-Score
################################################################################################
fallentree     :      0.000      0.000      0.001      0.000       0.000       0.000
------------------------------------------------------------------------------------------------
average        :      0.000      0.000      0.001      0.000       0.000       0.000
################################################################################################
################################################################################################
Epoch 641 validation (2026-09-01T07:28:35)
Object metrics @ IoU=0.50, score>=0.50
################################################################################################
what           :         AP     AP_50%     AP_25%     Recall   Precision    F1-Score
################################################################################################
fallentree     :      0.000      0.000      0.001      0.000       0.000       0.000
------------------------------------------------------------------------------------------------
average        :      0.000      0.000      0.001      0.000       0.000       0.000
################################################################################################
################################################################################################
Epoch 642 validation (2026-09-01T07:29:26)
Object metrics @ IoU=0.50, score>=0.50
################################################################################################
what           :         AP     AP_50%     AP_25%     Recall   Precision    F1-Score
################################################################################################
fallentree     :      0.000      0.000      0.000      0.000       0.000       0.000
------------------------------------------------------------------------------------------------
average        :      0.000      0.000      0.000      0.000       0.000       0.000
################################################################################################
################################################################################################
Epoch 643 validation (2026-09-01T07:30:25)
Object metrics @ IoU=0.50, score>=0.50
################################################################################################
what           :         AP     AP_50%     AP_25%     Recall   Precision    F1-Score
################################################################################################
fallentree     :      0.000      0.000      0.000      0.000       0.000       0.000
------------------------------------------------------------------------------------------------
average        :      0.000      0.000      0.000      0.000       0.000       0.000
################################################################################################
################################################################################################
Epoch 644 validation (2026-09-01T07:31:31)
Object metrics @ IoU=0.50, score>=0.50
################################################################################################
what           :         AP     AP_50%     AP_25%     Recall   Precision    F1-Score
################################################################################################
fallentree     :      0.000      0.000      0.001      0.000       0.000       0.000
------------------------------------------------------------------------------------------------
average        :      0.000      0.000      0.001      0.000       0.000       0.000
################################################################################################
################################################################################################
Epoch 645 validation (2026-09-01T07:32:34)
Object metrics @ IoU=0.50, score>=0.50
################################################################################################
what           :         AP     AP_50%     AP_25%     Recall   Precision    F1-Score
################################################################################################
fallentree     :      0.000      0.000      0.001      0.000       0.000       0.000
------------------------------------------------------------------------------------------------
average        :      0.000      0.000      0.001      0.000       0.000       0.000
################################################################################################
################################################################################################
Epoch 646 validation (2026-09-01T07:33:27)
Object metrics @ IoU=0.50, score>=0.50
################################################################################################
what           :         AP     AP_50%     AP_25%     Recall   Precision    F1-Score
################################################################################################
fallentree     :      0.000      0.000      0.001      0.000       0.000       0.000
------------------------------------------------------------------------------------------------
average        :      0.000      0.000      0.001      0.000       0.000       0.000
################################################################################################
################################################################################################
Epoch 647 validation (2026-09-01T07:34:12)
Object metrics @ IoU=0.50, score>=0.50
################################################################################################
what           :         AP     AP_50%     AP_25%     Recall   Precision    F1-Score
################################################################################################
fallentree     :      0.000      0.000      0.001      0.000       0.000       0.000
------------------------------------------------------------------------------------------------
average        :      0.000      0.000      0.001      0.000       0.000       0.000
################################################################################################
################################################################################################
Epoch 648 validation (2026-09-01T07:34:59)
Object metrics @ IoU=0.50, score>=0.50
################################################################################################
what           :         AP     AP_50%     AP_25%     Recall   Precision    F1-Score
################################################################################################
fallentree     :      0.000      0.000      0.008      0.000       0.000       0.000
------------------------------------------------------------------------------------------------
average        :      0.000      0.000      0.008      0.000       0.000       0.000
################################################################################################
################################################################################################
Epoch 649 validation (2026-09-01T07:35:56)
Object metrics @ IoU=0.50, score>=0.50
################################################################################################
what           :         AP     AP_50%     AP_25%     Recall   Precision    F1-Score
################################################################################################
fallentree     :      0.000      0.000      0.006      0.000       0.000       0.000
------------------------------------------------------------------------------------------------
average        :      0.000      0.000      0.006      0.000       0.000       0.000
################################################################################################
################################################################################################
Epoch 650 validation (2026-09-01T07:36:43)
Object metrics @ IoU=0.50, score>=0.50
################################################################################################
what           :         AP     AP_50%     AP_25%     Recall   Precision    F1-Score
################################################################################################
fallentree     :      0.000      0.000      0.009      0.000       0.000       0.000
------------------------------------------------------------------------------------------------
average        :      0.000      0.000      0.009      0.000       0.000       0.000
################################################################################################
################################################################################################
Epoch 651 validation (2026-09-01T07:37:37)
Object metrics @ IoU=0.50, score>=0.50
################################################################################################
what           :         AP     AP_50%     AP_25%     Recall   Precision    F1-Score
################################################################################################
fallentree     :      0.000      0.000      0.009      0.000       0.000       0.000
------------------------------------------------------------------------------------------------
average        :      0.000      0.000      0.009      0.000       0.000       0.000
################################################################################################
################################################################################################
Epoch 652 validation (2026-09-01T07:38:30)
Object metrics @ IoU=0.50, score>=0.50
################################################################################################
what           :         AP     AP_50%     AP_25%     Recall   Precision    F1-Score
################################################################################################
fallentree     :      0.000      0.000      0.005      0.000       0.000       0.000
------------------------------------------------------------------------------------------------
average        :      0.000      0.000      0.005      0.000       0.000       0.000
################################################################################################
################################################################################################
Epoch 653 validation (2026-09-01T07:39:28)
Object metrics @ IoU=0.50, score>=0.50
################################################################################################
what           :         AP     AP_50%     AP_25%     Recall   Precision    F1-Score
################################################################################################
fallentree     :      0.000      0.000      0.008      0.000       0.000       0.000
------------------------------------------------------------------------------------------------
average        :      0.000      0.000      0.008      0.000       0.000       0.000
################################################################################################
################################################################################################
Epoch 654 validation (2026-09-01T07:40:28)
Object metrics @ IoU=0.50, score>=0.50
################################################################################################
what           :         AP     AP_50%     AP_25%     Recall   Precision    F1-Score
################################################################################################
fallentree     :      0.000      0.000      0.010      0.000       0.000       0.000
------------------------------------------------------------------------------------------------
average        :      0.000      0.000      0.010      0.000       0.000       0.000
################################################################################################
################################################################################################
Epoch 655 validation (2026-09-01T07:41:15)
Object metrics @ IoU=0.50, score>=0.50
################################################################################################
what           :         AP     AP_50%     AP_25%     Recall   Precision    F1-Score
################################################################################################
fallentree     :      0.000      0.000      0.002      0.000       0.000       0.000
------------------------------------------------------------------------------------------------
average        :      0.000      0.000      0.002      0.000       0.000       0.000
################################################################################################
################################################################################################
Epoch 656 validation (2026-09-01T07:41:57)
Object metrics @ IoU=0.50, score>=0.50
################################################################################################
what           :         AP     AP_50%     AP_25%     Recall   Precision    F1-Score
################################################################################################
fallentree     :      0.000      0.000      0.001      0.000       0.000       0.000
------------------------------------------------------------------------------------------------
average        :      0.000      0.000      0.001      0.000       0.000       0.000
################################################################################################
################################################################################################
Epoch 657 validation (2026-09-01T07:42:33)
Object metrics @ IoU=0.50, score>=0.50
################################################################################################
what           :         AP     AP_50%     AP_25%     Recall   Precision    F1-Score
################################################################################################
fallentree     :      0.000      0.000      0.001      0.000       0.000       0.000
------------------------------------------------------------------------------------------------
average        :      0.000      0.000      0.001      0.000       0.000       0.000
################################################################################################
################################################################################################
Epoch 658 validation (2026-09-01T07:43:29)
Object metrics @ IoU=0.50, score>=0.50
################################################################################################
what           :         AP     AP_50%     AP_25%     Recall   Precision    F1-Score
################################################################################################
fallentree     :      0.000      0.000      0.003      0.000       0.000       0.000
------------------------------------------------------------------------------------------------
average        :      0.000      0.000      0.003      0.000       0.000       0.000
################################################################################################
################################################################################################
Epoch 659 validation (2026-09-01T07:44:09)
Object metrics @ IoU=0.50, score>=0.50
################################################################################################
what           :         AP     AP_50%     AP_25%     Recall   Precision    F1-Score
################################################################################################
fallentree     :      0.000      0.000      0.001      0.000       0.000       0.000
------------------------------------------------------------------------------------------------
average        :      0.000      0.000      0.001      0.000       0.000       0.000
################################################################################################
################################################################################################
Epoch 660 validation (2026-09-01T07:45:11)
Object metrics @ IoU=0.50, score>=0.50
################################################################################################
what           :         AP     AP_50%     AP_25%     Recall   Precision    F1-Score
################################################################################################
fallentree     :      0.000      0.000      0.002      0.000       0.000       0.000
------------------------------------------------------------------------------------------------
average        :      0.000      0.000      0.002      0.000       0.000       0.000
################################################################################################
################################################################################################
Epoch 661 validation (2026-09-01T07:46:09)
Object metrics @ IoU=0.50, score>=0.50
################################################################################################
what           :         AP     AP_50%     AP_25%     Recall   Precision    F1-Score
################################################################################################
fallentree     :      0.000      0.000      0.000      0.000       0.000       0.000
------------------------------------------------------------------------------------------------
average        :      0.000      0.000      0.000      0.000       0.000       0.000
################################################################################################
################################################################################################
Epoch 662 validation (2026-09-01T07:47:03)
Object metrics @ IoU=0.50, score>=0.50
################################################################################################
what           :         AP     AP_50%     AP_25%     Recall   Precision    F1-Score
################################################################################################
fallentree     :      0.000      0.000      0.000      0.000       0.000       0.000
------------------------------------------------------------------------------------------------
average        :      0.000      0.000      0.000      0.000       0.000       0.000
################################################################################################
################################################################################################
Epoch 663 validation (2026-09-01T07:47:53)
Object metrics @ IoU=0.50, score>=0.50
################################################################################################
what           :         AP     AP_50%     AP_25%     Recall   Precision    F1-Score
################################################################################################
fallentree     :      0.000      0.000      0.000      0.000       0.000       0.000
------------------------------------------------------------------------------------------------
average        :      0.000      0.000      0.000      0.000       0.000       0.000
################################################################################################
################################################################################################
Epoch 664 validation (2026-09-01T07:49:01)
Object metrics @ IoU=0.50, score>=0.50
################################################################################################
what           :         AP     AP_50%     AP_25%     Recall   Precision    F1-Score
################################################################################################
fallentree     :      0.000      0.000      0.002      0.000       0.000       0.000
------------------------------------------------------------------------------------------------
average        :      0.000      0.000      0.002      0.000       0.000       0.000
################################################################################################
################################################################################################
Epoch 665 validation (2026-09-01T07:49:59)
Object metrics @ IoU=0.50, score>=0.50
################################################################################################
what           :         AP     AP_50%     AP_25%     Recall   Precision    F1-Score
################################################################################################
fallentree     :      0.000      0.000      0.016      0.000       0.000       0.000
------------------------------------------------------------------------------------------------
average        :      0.000      0.000      0.016      0.000       0.000       0.000
################################################################################################
################################################################################################
Epoch 666 validation (2026-09-01T07:51:06)
Object metrics @ IoU=0.50, score>=0.50
################################################################################################
what           :         AP     AP_50%     AP_25%     Recall   Precision    F1-Score
################################################################################################
fallentree     :      0.000      0.000      0.006      0.000       0.000       0.000
------------------------------------------------------------------------------------------------
average        :      0.000      0.000      0.006      0.000       0.000       0.000
################################################################################################
################################################################################################
Epoch 667 validation (2026-09-01T07:52:06)
Object metrics @ IoU=0.50, score>=0.50
################################################################################################
what           :         AP     AP_50%     AP_25%     Recall   Precision    F1-Score
################################################################################################
fallentree     :      0.000      0.000      0.008      0.000       0.000       0.000
------------------------------------------------------------------------------------------------
average        :      0.000      0.000      0.008      0.000       0.000       0.000
################################################################################################
################################################################################################
Epoch 668 validation (2026-09-01T07:52:56)
Object metrics @ IoU=0.50, score>=0.50
################################################################################################
what           :         AP     AP_50%     AP_25%     Recall   Precision    F1-Score
################################################################################################
fallentree     :      0.000      0.000      0.009      0.000       0.000       0.000
------------------------------------------------------------------------------------------------
average        :      0.000      0.000      0.009      0.000       0.000       0.000
################################################################################################
################################################################################################
Epoch 669 validation (2026-09-01T07:53:20)
Object metrics @ IoU=0.50, score>=0.50
################################################################################################
what           :         AP     AP_50%     AP_25%     Recall   Precision    F1-Score
################################################################################################
fallentree     :      0.000      0.000      0.002      0.000       0.000       0.000
------------------------------------------------------------------------------------------------
average        :      0.000      0.000      0.002      0.000       0.000       0.000
################################################################################################
################################################################################################
Epoch 670 validation (2026-09-01T07:54:13)
Object metrics @ IoU=0.50, score>=0.50
################################################################################################
what           :         AP     AP_50%     AP_25%     Recall   Precision    F1-Score
################################################################################################
fallentree     :      0.000      0.000      0.001      0.000       0.000       0.000
------------------------------------------------------------------------------------------------
average        :      0.000      0.000      0.001      0.000       0.000       0.000
################################################################################################
################################################################################################
Epoch 671 validation (2026-09-01T07:55:21)
Object metrics @ IoU=0.50, score>=0.50
################################################################################################
what           :         AP     AP_50%     AP_25%     Recall   Precision    F1-Score
################################################################################################
fallentree     :      0.000      0.000      0.002      0.000       0.000       0.000
------------------------------------------------------------------------------------------------
average        :      0.000      0.000      0.002      0.000       0.000       0.000
################################################################################################
################################################################################################
Epoch 672 validation (2026-09-01T07:56:09)
Object metrics @ IoU=0.50, score>=0.50
################################################################################################
what           :         AP     AP_50%     AP_25%     Recall   Precision    F1-Score
################################################################################################
fallentree     :      0.000      0.000      0.002      0.000       0.000       0.000
------------------------------------------------------------------------------------------------
average        :      0.000      0.000      0.002      0.000       0.000       0.000
################################################################################################
################################################################################################
Epoch 673 validation (2026-09-01T07:56:52)
Object metrics @ IoU=0.50, score>=0.50
################################################################################################
what           :         AP     AP_50%     AP_25%     Recall   Precision    F1-Score
################################################################################################
fallentree     :      0.000      0.000      0.001      0.000       0.000       0.000
------------------------------------------------------------------------------------------------
average        :      0.000      0.000      0.001      0.000       0.000       0.000
################################################################################################
################################################################################################
Epoch 674 validation (2026-09-01T07:57:41)
Object metrics @ IoU=0.50, score>=0.50
################################################################################################
what           :         AP     AP_50%     AP_25%     Recall   Precision    F1-Score
################################################################################################
fallentree     :      0.000      0.000      0.002      0.000       0.000       0.000
------------------------------------------------------------------------------------------------
average        :      0.000      0.000      0.002      0.000       0.000       0.000
################################################################################################
################################################################################################
Epoch 675 validation (2026-09-01T07:58:27)
Object metrics @ IoU=0.50, score>=0.50
################################################################################################
what           :         AP     AP_50%     AP_25%     Recall   Precision    F1-Score
################################################################################################
fallentree     :      0.000      0.000      0.002      0.000       0.000       0.000
------------------------------------------------------------------------------------------------
average        :      0.000      0.000      0.002      0.000       0.000       0.000
################################################################################################
################################################################################################
Epoch 676 validation (2026-09-01T07:59:07)
Object metrics @ IoU=0.50, score>=0.50
################################################################################################
what           :         AP     AP_50%     AP_25%     Recall   Precision    F1-Score
################################################################################################
fallentree     :      0.000      0.000      0.000      0.000       0.000       0.000
------------------------------------------------------------------------------------------------
average        :      0.000      0.000      0.000      0.000       0.000       0.000
################################################################################################
################################################################################################
Epoch 677 validation (2026-09-01T08:00:09)
Object metrics @ IoU=0.50, score>=0.50
################################################################################################
what           :         AP     AP_50%     AP_25%     Recall   Precision    F1-Score
################################################################################################
fallentree     :      0.000      0.000      0.000      0.000       0.000       0.000
------------------------------------------------------------------------------------------------
average        :      0.000      0.000      0.000      0.000       0.000       0.000
################################################################################################
################################################################################################
Epoch 678 validation (2026-09-01T08:00:59)
Object metrics @ IoU=0.50, score>=0.50
################################################################################################
what           :         AP     AP_50%     AP_25%     Recall   Precision    F1-Score
################################################################################################
fallentree     :      0.000      0.000      0.001      0.000       0.000       0.000
------------------------------------------------------------------------------------------------
average        :      0.000      0.000      0.001      0.000       0.000       0.000
################################################################################################
################################################################################################
Epoch 679 validation (2026-09-01T08:01:47)
Object metrics @ IoU=0.50, score>=0.50
################################################################################################
what           :         AP     AP_50%     AP_25%     Recall   Precision    F1-Score
################################################################################################
fallentree     :      0.000      0.000      0.018      0.000       0.000       0.000
------------------------------------------------------------------------------------------------
average        :      0.000      0.000      0.018      0.000       0.000       0.000
################################################################################################
################################################################################################
Epoch 680 validation (2026-09-01T08:02:27)
Object metrics @ IoU=0.50, score>=0.50
################################################################################################
what           :         AP     AP_50%     AP_25%     Recall   Precision    F1-Score
################################################################################################
fallentree     :      0.000      0.000      0.008      0.000       0.000       0.000
------------------------------------------------------------------------------------------------
average        :      0.000      0.000      0.008      0.000       0.000       0.000
################################################################################################
################################################################################################
Epoch 681 validation (2026-09-01T08:03:22)
Object metrics @ IoU=0.50, score>=0.50
################################################################################################
what           :         AP     AP_50%     AP_25%     Recall   Precision    F1-Score
################################################################################################
fallentree     :      0.000      0.000      0.015      0.000       0.000       0.000
------------------------------------------------------------------------------------------------
average        :      0.000      0.000      0.015      0.000       0.000       0.000
################################################################################################
################################################################################################
Epoch 682 validation (2026-09-01T08:04:08)
Object metrics @ IoU=0.50, score>=0.50
################################################################################################
what           :         AP     AP_50%     AP_25%     Recall   Precision    F1-Score
################################################################################################
fallentree     :      0.000      0.000      0.020      0.000       0.000       0.000
------------------------------------------------------------------------------------------------
average        :      0.000      0.000      0.020      0.000       0.000       0.000
################################################################################################
################################################################################################
Epoch 683 validation (2026-09-01T08:04:57)
Object metrics @ IoU=0.50, score>=0.50
################################################################################################
what           :         AP     AP_50%     AP_25%     Recall   Precision    F1-Score
################################################################################################
fallentree     :      0.000      0.000      0.016      0.000       0.000       0.000
------------------------------------------------------------------------------------------------
average        :      0.000      0.000      0.016      0.000       0.000       0.000
################################################################################################
################################################################################################
Epoch 684 validation (2026-09-01T08:05:45)
Object metrics @ IoU=0.50, score>=0.50
################################################################################################
what           :         AP     AP_50%     AP_25%     Recall   Precision    F1-Score
################################################################################################
fallentree     :      0.000      0.000      0.009      0.000       0.000       0.000
------------------------------------------------------------------------------------------------
average        :      0.000      0.000      0.009      0.000       0.000       0.000
################################################################################################
################################################################################################
Epoch 685 validation (2026-09-01T08:06:34)
Object metrics @ IoU=0.50, score>=0.50
################################################################################################
what           :         AP     AP_50%     AP_25%     Recall   Precision    F1-Score
################################################################################################
fallentree     :      0.000      0.000      0.011      0.000       0.000       0.000
------------------------------------------------------------------------------------------------
average        :      0.000      0.000      0.011      0.000       0.000       0.000
################################################################################################
################################################################################################
Epoch 686 validation (2026-09-01T08:07:15)
Object metrics @ IoU=0.50, score>=0.50
################################################################################################
what           :         AP     AP_50%     AP_25%     Recall   Precision    F1-Score
################################################################################################
fallentree     :      0.000      0.000      0.008      0.000       0.000       0.000
------------------------------------------------------------------------------------------------
average        :      0.000      0.000      0.008      0.000       0.000       0.000
################################################################################################
################################################################################################
Epoch 687 validation (2026-09-01T08:08:09)
Object metrics @ IoU=0.50, score>=0.50
################################################################################################
what           :         AP     AP_50%     AP_25%     Recall   Precision    F1-Score
################################################################################################
fallentree     :      0.000      0.000      0.022      0.000       0.000       0.000
------------------------------------------------------------------------------------------------
average        :      0.000      0.000      0.022      0.000       0.000       0.000
################################################################################################
################################################################################################
Epoch 688 validation (2026-09-01T08:09:09)
Object metrics @ IoU=0.50, score>=0.50
################################################################################################
what           :         AP     AP_50%     AP_25%     Recall   Precision    F1-Score
################################################################################################
fallentree     :      0.000      0.000      0.004      0.000       0.000       0.000
------------------------------------------------------------------------------------------------
average        :      0.000      0.000      0.004      0.000       0.000       0.000
################################################################################################
################################################################################################
Epoch 689 validation (2026-09-01T08:10:12)
Object metrics @ IoU=0.50, score>=0.50
################################################################################################
what           :         AP     AP_50%     AP_25%     Recall   Precision    F1-Score
################################################################################################
fallentree     :      0.000      0.000      0.004      0.000       0.000       0.000
------------------------------------------------------------------------------------------------
average        :      0.000      0.000      0.004      0.000       0.000       0.000
################################################################################################
################################################################################################
Epoch 690 validation (2026-09-01T08:11:14)
Object metrics @ IoU=0.50, score>=0.50
################################################################################################
what           :         AP     AP_50%     AP_25%     Recall   Precision    F1-Score
################################################################################################
fallentree     :      0.000      0.000      0.006      0.000       0.000       0.000
------------------------------------------------------------------------------------------------
average        :      0.000      0.000      0.006      0.000       0.000       0.000
################################################################################################
################################################################################################
Epoch 691 validation (2026-09-01T08:12:17)
Object metrics @ IoU=0.50, score>=0.50
################################################################################################
what           :         AP     AP_50%     AP_25%     Recall   Precision    F1-Score
################################################################################################
fallentree     :      0.000      0.000      0.013      0.000       0.000       0.000
------------------------------------------------------------------------------------------------
average        :      0.000      0.000      0.013      0.000       0.000       0.000
################################################################################################
################################################################################################
Epoch 692 validation (2026-09-01T08:12:50)
Object metrics @ IoU=0.50, score>=0.50
################################################################################################
what           :         AP     AP_50%     AP_25%     Recall   Precision    F1-Score
################################################################################################
fallentree     :      0.000      0.000      0.006      0.000       0.000       0.000
------------------------------------------------------------------------------------------------
average        :      0.000      0.000      0.006      0.000       0.000       0.000
################################################################################################
################################################################################################
Epoch 693 validation (2026-09-01T08:13:51)
Object metrics @ IoU=0.50, score>=0.50
################################################################################################
what           :         AP     AP_50%     AP_25%     Recall   Precision    F1-Score
################################################################################################
fallentree     :      0.000      0.000      0.009      0.000       0.000       0.000
------------------------------------------------------------------------------------------------
average        :      0.000      0.000      0.009      0.000       0.000       0.000
################################################################################################
################################################################################################
Epoch 694 validation (2026-09-01T08:14:59)
Object metrics @ IoU=0.50, score>=0.50
################################################################################################
what           :         AP     AP_50%     AP_25%     Recall   Precision    F1-Score
################################################################################################
fallentree     :      0.000      0.000      0.003      0.000       0.000       0.000
------------------------------------------------------------------------------------------------
average        :      0.000      0.000      0.003      0.000       0.000       0.000
################################################################################################
################################################################################################
Epoch 695 validation (2026-09-01T08:16:02)
Object metrics @ IoU=0.50, score>=0.50
################################################################################################
what           :         AP     AP_50%     AP_25%     Recall   Precision    F1-Score
################################################################################################
fallentree     :      0.000      0.000      0.007      0.000       0.000       0.000
------------------------------------------------------------------------------------------------
average        :      0.000      0.000      0.007      0.000       0.000       0.000
################################################################################################
################################################################################################
Epoch 696 validation (2026-09-01T08:16:40)
Object metrics @ IoU=0.50, score>=0.50
################################################################################################
what           :         AP     AP_50%     AP_25%     Recall   Precision    F1-Score
################################################################################################
fallentree     :      0.000      0.000      0.009      0.000       0.000       0.000
------------------------------------------------------------------------------------------------
average        :      0.000      0.000      0.009      0.000       0.000       0.000
################################################################################################
################################################################################################
Epoch 697 validation (2026-09-01T08:17:45)
Object metrics @ IoU=0.50, score>=0.50
################################################################################################
what           :         AP     AP_50%     AP_25%     Recall   Precision    F1-Score
################################################################################################
fallentree     :      0.000      0.000      0.002      0.000       0.000       0.000
------------------------------------------------------------------------------------------------
average        :      0.000      0.000      0.002      0.000       0.000       0.000
################################################################################################
################################################################################################
Epoch 698 validation (2026-09-01T08:18:54)
Object metrics @ IoU=0.50, score>=0.50
################################################################################################
what           :         AP     AP_50%     AP_25%     Recall   Precision    F1-Score
################################################################################################
fallentree     :      0.000      0.000      0.003      0.000       0.000       0.000
------------------------------------------------------------------------------------------------
average        :      0.000      0.000      0.003      0.000       0.000       0.000
################################################################################################
################################################################################################
Epoch 699 validation (2026-09-01T08:19:43)
Object metrics @ IoU=0.50, score>=0.50
################################################################################################
what           :         AP     AP_50%     AP_25%     Recall   Precision    F1-Score
################################################################################################
fallentree     :      0.000      0.000      0.003      0.000       0.000       0.000
------------------------------------------------------------------------------------------------
average        :      0.000      0.000      0.003      0.000       0.000       0.000
################################################################################################
################################################################################################
Epoch 700 validation (2026-09-01T08:20:47)
Object metrics @ IoU=0.50, score>=0.50
################################################################################################
what           :         AP     AP_50%     AP_25%     Recall   Precision    F1-Score
################################################################################################
fallentree     :      0.000      0.000      0.011      0.000       0.000       0.000
------------------------------------------------------------------------------------------------
average        :      0.000      0.000      0.011      0.000       0.000       0.000
################################################################################################
################################################################################################
Epoch 701 validation (2026-09-01T08:21:49)
Object metrics @ IoU=0.50, score>=0.50
################################################################################################
what           :         AP     AP_50%     AP_25%     Recall   Precision    F1-Score
################################################################################################
fallentree     :      0.000      0.000      0.013      0.000       0.000       0.000
------------------------------------------------------------------------------------------------
average        :      0.000      0.000      0.013      0.000       0.000       0.000
################################################################################################
################################################################################################
Epoch 702 validation (2026-09-01T08:22:43)
Object metrics @ IoU=0.50, score>=0.50
################################################################################################
what           :         AP     AP_50%     AP_25%     Recall   Precision    F1-Score
################################################################################################
fallentree     :      0.000      0.000      0.010      0.000       0.000       0.000
------------------------------------------------------------------------------------------------
average        :      0.000      0.000      0.010      0.000       0.000       0.000
################################################################################################
################################################################################################
Epoch 703 validation (2026-09-01T08:23:31)
Object metrics @ IoU=0.50, score>=0.50
################################################################################################
what           :         AP     AP_50%     AP_25%     Recall   Precision    F1-Score
################################################################################################
fallentree     :      0.000      0.000      0.019      0.000       0.000       0.000
------------------------------------------------------------------------------------------------
average        :      0.000      0.000      0.019      0.000       0.000       0.000
################################################################################################
################################################################################################
Epoch 704 validation (2026-09-01T08:24:33)
Object metrics @ IoU=0.50, score>=0.50
################################################################################################
what           :         AP     AP_50%     AP_25%     Recall   Precision    F1-Score
################################################################################################
fallentree     :      0.000      0.000      0.024      0.000       0.000       0.000
------------------------------------------------------------------------------------------------
average        :      0.000      0.000      0.024      0.000       0.000       0.000
################################################################################################
################################################################################################
Epoch 705 validation (2026-09-01T08:25:32)
Object metrics @ IoU=0.50, score>=0.50
################################################################################################
what           :         AP     AP_50%     AP_25%     Recall   Precision    F1-Score
################################################################################################
fallentree     :      0.000      0.000      0.018      0.000       0.000       0.000
------------------------------------------------------------------------------------------------
average        :      0.000      0.000      0.018      0.000       0.000       0.000
################################################################################################
################################################################################################
Epoch 706 validation (2026-09-01T08:26:26)
Object metrics @ IoU=0.50, score>=0.50
################################################################################################
what           :         AP     AP_50%     AP_25%     Recall   Precision    F1-Score
################################################################################################
fallentree     :      0.000      0.000      0.023      0.000       0.000       0.000
------------------------------------------------------------------------------------------------
average        :      0.000      0.000      0.023      0.000       0.000       0.000
################################################################################################
################################################################################################
Epoch 707 validation (2026-09-01T08:27:14)
Object metrics @ IoU=0.50, score>=0.50
################################################################################################
what           :         AP     AP_50%     AP_25%     Recall   Precision    F1-Score
################################################################################################
fallentree     :      0.000      0.000      0.006      0.000       0.000       0.000
------------------------------------------------------------------------------------------------
average        :      0.000      0.000      0.006      0.000       0.000       0.000
################################################################################################
################################################################################################
Epoch 708 validation (2026-09-01T08:28:02)
Object metrics @ IoU=0.50, score>=0.50
################################################################################################
what           :         AP     AP_50%     AP_25%     Recall   Precision    F1-Score
################################################################################################
fallentree     :      0.000      0.000      0.008      0.000       0.000       0.000
------------------------------------------------------------------------------------------------
average        :      0.000      0.000      0.008      0.000       0.000       0.000
################################################################################################
################################################################################################
Epoch 709 validation (2026-09-01T08:28:38)
Object metrics @ IoU=0.50, score>=0.50
################################################################################################
what           :         AP     AP_50%     AP_25%     Recall   Precision    F1-Score
################################################################################################
fallentree     :      0.000      0.000      0.007      0.000       0.000       0.000
------------------------------------------------------------------------------------------------
average        :      0.000      0.000      0.007      0.000       0.000       0.000
################################################################################################
################################################################################################
Epoch 710 validation (2026-09-01T08:29:31)
Object metrics @ IoU=0.50, score>=0.50
################################################################################################
what           :         AP     AP_50%     AP_25%     Recall   Precision    F1-Score
################################################################################################
fallentree     :      0.000      0.000      0.003      0.000       0.000       0.000
------------------------------------------------------------------------------------------------
average        :      0.000      0.000      0.003      0.000       0.000       0.000
################################################################################################
################################################################################################
Epoch 711 validation (2026-09-01T08:30:19)
Object metrics @ IoU=0.50, score>=0.50
################################################################################################
what           :         AP     AP_50%     AP_25%     Recall   Precision    F1-Score
################################################################################################
fallentree     :      0.000      0.000      0.004      0.000       0.000       0.000
------------------------------------------------------------------------------------------------
average        :      0.000      0.000      0.004      0.000       0.000       0.000
################################################################################################
################################################################################################
Epoch 712 validation (2026-09-01T08:31:26)
Object metrics @ IoU=0.50, score>=0.50
################################################################################################
what           :         AP     AP_50%     AP_25%     Recall   Precision    F1-Score
################################################################################################
fallentree     :      0.000      0.000      0.006      0.000       0.000       0.000
------------------------------------------------------------------------------------------------
average        :      0.000      0.000      0.006      0.000       0.000       0.000
################################################################################################
################################################################################################
Epoch 713 validation (2026-09-01T08:32:19)
Object metrics @ IoU=0.50, score>=0.50
################################################################################################
what           :         AP     AP_50%     AP_25%     Recall   Precision    F1-Score
################################################################################################
fallentree     :      0.000      0.000      0.007      0.000       0.000       0.000
------------------------------------------------------------------------------------------------
average        :      0.000      0.000      0.007      0.000       0.000       0.000
################################################################################################
################################################################################################
Epoch 714 validation (2026-09-01T08:33:14)
Object metrics @ IoU=0.50, score>=0.50
################################################################################################
what           :         AP     AP_50%     AP_25%     Recall   Precision    F1-Score
################################################################################################
fallentree     :      0.000      0.000      0.003      0.000       0.000       0.000
------------------------------------------------------------------------------------------------
average        :      0.000      0.000      0.003      0.000       0.000       0.000
################################################################################################
################################################################################################
Epoch 715 validation (2026-09-01T08:34:20)
Object metrics @ IoU=0.50, score>=0.50
################################################################################################
what           :         AP     AP_50%     AP_25%     Recall   Precision    F1-Score
################################################################################################
fallentree     :      0.000      0.000      0.003      0.000       0.000       0.000
------------------------------------------------------------------------------------------------
average        :      0.000      0.000      0.003      0.000       0.000       0.000
################################################################################################
################################################################################################
Epoch 716 validation (2026-09-01T08:35:27)
Object metrics @ IoU=0.50, score>=0.50
################################################################################################
what           :         AP     AP_50%     AP_25%     Recall   Precision    F1-Score
################################################################################################
fallentree     :      0.000      0.000      0.005      0.000       0.000       0.000
------------------------------------------------------------------------------------------------
average        :      0.000      0.000      0.005      0.000       0.000       0.000
################################################################################################
################################################################################################
Epoch 717 validation (2026-09-01T08:36:18)
Object metrics @ IoU=0.50, score>=0.50
################################################################################################
what           :         AP     AP_50%     AP_25%     Recall   Precision    F1-Score
################################################################################################
fallentree     :      0.000      0.000      0.011      0.000       0.000       0.000
------------------------------------------------------------------------------------------------
average        :      0.000      0.000      0.011      0.000       0.000       0.000
################################################################################################
################################################################################################
Epoch 718 validation (2026-09-01T08:37:19)
Object metrics @ IoU=0.50, score>=0.50
################################################################################################
what           :         AP     AP_50%     AP_25%     Recall   Precision    F1-Score
################################################################################################
fallentree     :      0.000      0.000      0.008      0.000       0.000       0.000
------------------------------------------------------------------------------------------------
average        :      0.000      0.000      0.008      0.000       0.000       0.000
################################################################################################
################################################################################################
Epoch 719 validation (2026-09-01T08:38:26)
Object metrics @ IoU=0.50, score>=0.50
################################################################################################
what           :         AP     AP_50%     AP_25%     Recall   Precision    F1-Score
################################################################################################
fallentree     :      0.000      0.000      0.010      0.000       0.000       0.000
------------------------------------------------------------------------------------------------
average        :      0.000      0.000      0.010      0.000       0.000       0.000
################################################################################################
################################################################################################
Epoch 720 validation (2026-09-01T08:39:26)
Object metrics @ IoU=0.50, score>=0.50
################################################################################################
what           :         AP     AP_50%     AP_25%     Recall   Precision    F1-Score
################################################################################################
fallentree     :      0.000      0.000      0.006      0.000       0.000       0.000
------------------------------------------------------------------------------------------------
average        :      0.000      0.000      0.006      0.000       0.000       0.000
################################################################################################
################################################################################################
Epoch 721 validation (2026-09-01T08:40:15)
Object metrics @ IoU=0.50, score>=0.50
################################################################################################
what           :         AP     AP_50%     AP_25%     Recall   Precision    F1-Score
################################################################################################
fallentree     :      0.000      0.000      0.007      0.000       0.000       0.000
------------------------------------------------------------------------------------------------
average        :      0.000      0.000      0.007      0.000       0.000       0.000
################################################################################################
################################################################################################
Epoch 722 validation (2026-09-01T08:41:08)
Object metrics @ IoU=0.50, score>=0.50
################################################################################################
what           :         AP     AP_50%     AP_25%     Recall   Precision    F1-Score
################################################################################################
fallentree     :      0.000      0.000      0.004      0.000       0.000       0.000
------------------------------------------------------------------------------------------------
average        :      0.000      0.000      0.004      0.000       0.000       0.000
################################################################################################
################################################################################################
Epoch 723 validation (2026-09-01T08:42:01)
Object metrics @ IoU=0.50, score>=0.50
################################################################################################
what           :         AP     AP_50%     AP_25%     Recall   Precision    F1-Score
################################################################################################
fallentree     :      0.000      0.000      0.012      0.000       0.000       0.000
------------------------------------------------------------------------------------------------
average        :      0.000      0.000      0.012      0.000       0.000       0.000
################################################################################################
################################################################################################
Epoch 724 validation (2026-09-01T08:43:03)
Object metrics @ IoU=0.50, score>=0.50
################################################################################################
what           :         AP     AP_50%     AP_25%     Recall   Precision    F1-Score
################################################################################################
fallentree     :      0.000      0.000      0.009      0.000       0.000       0.000
------------------------------------------------------------------------------------------------
average        :      0.000      0.000      0.009      0.000       0.000       0.000
################################################################################################
################################################################################################
Epoch 725 validation (2026-09-01T08:44:09)
Object metrics @ IoU=0.50, score>=0.50
################################################################################################
what           :         AP     AP_50%     AP_25%     Recall   Precision    F1-Score
################################################################################################
fallentree     :      0.000      0.000      0.005      0.000       0.000       0.000
------------------------------------------------------------------------------------------------
average        :      0.000      0.000      0.005      0.000       0.000       0.000
################################################################################################
################################################################################################
Epoch 726 validation (2026-09-01T08:44:59)
Object metrics @ IoU=0.50, score>=0.50
################################################################################################
what           :         AP     AP_50%     AP_25%     Recall   Precision    F1-Score
################################################################################################
fallentree     :      0.000      0.000      0.011      0.000       0.000       0.000
------------------------------------------------------------------------------------------------
average        :      0.000      0.000      0.011      0.000       0.000       0.000
################################################################################################
################################################################################################
Epoch 727 validation (2026-09-01T08:45:33)
Object metrics @ IoU=0.50, score>=0.50
################################################################################################
what           :         AP     AP_50%     AP_25%     Recall   Precision    F1-Score
################################################################################################
fallentree     :      0.000      0.000      0.007      0.000       0.000       0.000
------------------------------------------------------------------------------------------------
average        :      0.000      0.000      0.007      0.000       0.000       0.000
################################################################################################
################################################################################################
Epoch 728 validation (2026-09-01T08:46:35)
Object metrics @ IoU=0.50, score>=0.50
################################################################################################
what           :         AP     AP_50%     AP_25%     Recall   Precision    F1-Score
################################################################################################
fallentree     :      0.000      0.000      0.009      0.000       0.000       0.000
------------------------------------------------------------------------------------------------
average        :      0.000      0.000      0.009      0.000       0.000       0.000
################################################################################################
################################################################################################
Epoch 729 validation (2026-09-01T08:47:30)
Object metrics @ IoU=0.50, score>=0.50
################################################################################################
what           :         AP     AP_50%     AP_25%     Recall   Precision    F1-Score
################################################################################################
fallentree     :      0.000      0.000      0.009      0.000       0.000       0.000
------------------------------------------------------------------------------------------------
average        :      0.000      0.000      0.009      0.000       0.000       0.000
################################################################################################
################################################################################################
Epoch 730 validation (2026-09-01T08:48:31)
Object metrics @ IoU=0.50, score>=0.50
################################################################################################
what           :         AP     AP_50%     AP_25%     Recall   Precision    F1-Score
################################################################################################
fallentree     :      0.000      0.000      0.018      0.000       0.000       0.000
------------------------------------------------------------------------------------------------
average        :      0.000      0.000      0.018      0.000       0.000       0.000
################################################################################################
################################################################################################
Epoch 731 validation (2026-09-01T08:49:25)
Object metrics @ IoU=0.50, score>=0.50
################################################################################################
what           :         AP     AP_50%     AP_25%     Recall   Precision    F1-Score
################################################################################################
fallentree     :      0.000      0.000      0.022      0.006       0.012       0.008
------------------------------------------------------------------------------------------------
average        :      0.000      0.000      0.022      0.006       0.012       0.008
################################################################################################
################################################################################################
Epoch 732 validation (2026-09-01T08:50:12)
Object metrics @ IoU=0.50, score>=0.50
################################################################################################
what           :         AP     AP_50%     AP_25%     Recall   Precision    F1-Score
################################################################################################
fallentree     :      0.000      0.000      0.021      0.000       0.000       0.000
------------------------------------------------------------------------------------------------
average        :      0.000      0.000      0.021      0.000       0.000       0.000
################################################################################################
################################################################################################
Epoch 733 validation (2026-09-01T08:51:01)
Object metrics @ IoU=0.50, score>=0.50
################################################################################################
what           :         AP     AP_50%     AP_25%     Recall   Precision    F1-Score
################################################################################################
fallentree     :      0.000      0.000      0.016      0.000       0.000       0.000
------------------------------------------------------------------------------------------------
average        :      0.000      0.000      0.016      0.000       0.000       0.000
################################################################################################
################################################################################################
Epoch 734 validation (2026-09-01T08:51:49)
Object metrics @ IoU=0.50, score>=0.50
################################################################################################
what           :         AP     AP_50%     AP_25%     Recall   Precision    F1-Score
################################################################################################
fallentree     :      0.000      0.000      0.011      0.000       0.000       0.000
------------------------------------------------------------------------------------------------
average        :      0.000      0.000      0.011      0.000       0.000       0.000
################################################################################################
################################################################################################
Epoch 735 validation (2026-09-01T08:52:50)
Object metrics @ IoU=0.50, score>=0.50
################################################################################################
what           :         AP     AP_50%     AP_25%     Recall   Precision    F1-Score
################################################################################################
fallentree     :      0.000      0.000      0.018      0.006       0.010       0.008
------------------------------------------------------------------------------------------------
average        :      0.000      0.000      0.018      0.006       0.010       0.008
################################################################################################
################################################################################################
Epoch 736 validation (2026-09-01T08:53:59)
Object metrics @ IoU=0.50, score>=0.50
################################################################################################
what           :         AP     AP_50%     AP_25%     Recall   Precision    F1-Score
################################################################################################
fallentree     :      0.000      0.000      0.012      0.006       0.011       0.008
------------------------------------------------------------------------------------------------
average        :      0.000      0.000      0.012      0.006       0.011       0.008
################################################################################################
################################################################################################
Epoch 737 validation (2026-09-01T08:54:53)
Object metrics @ IoU=0.50, score>=0.50
################################################################################################
what           :         AP     AP_50%     AP_25%     Recall   Precision    F1-Score
################################################################################################
fallentree     :      0.000      0.002      0.009      0.012       0.022       0.016
------------------------------------------------------------------------------------------------
average        :      0.000      0.002      0.009      0.012       0.022       0.016
################################################################################################
################################################################################################
Epoch 738 validation (2026-09-01T08:55:47)
Object metrics @ IoU=0.50, score>=0.50
################################################################################################
what           :         AP     AP_50%     AP_25%     Recall   Precision    F1-Score
################################################################################################
fallentree     :      0.000      0.000      0.009      0.000       0.000       0.000
------------------------------------------------------------------------------------------------
average        :      0.000      0.000      0.009      0.000       0.000       0.000
################################################################################################
################################################################################################
Epoch 739 validation (2026-09-01T08:56:48)
Object metrics @ IoU=0.50, score>=0.50
################################################################################################
what           :         AP     AP_50%     AP_25%     Recall   Precision    F1-Score
################################################################################################
fallentree     :      0.000      0.000      0.010      0.000       0.000       0.000
------------------------------------------------------------------------------------------------
average        :      0.000      0.000      0.010      0.000       0.000       0.000
################################################################################################
################################################################################################
Epoch 740 validation (2026-09-01T08:57:36)
Object metrics @ IoU=0.50, score>=0.50
################################################################################################
what           :         AP     AP_50%     AP_25%     Recall   Precision    F1-Score
################################################################################################
fallentree     :      0.000      0.000      0.004      0.000       0.000       0.000
------------------------------------------------------------------------------------------------
average        :      0.000      0.000      0.004      0.000       0.000       0.000
################################################################################################
################################################################################################
Epoch 741 validation (2026-09-01T08:58:32)
Object metrics @ IoU=0.50, score>=0.50
################################################################################################
what           :         AP     AP_50%     AP_25%     Recall   Precision    F1-Score
################################################################################################
fallentree     :      0.000      0.000      0.021      0.000       0.000       0.000
------------------------------------------------------------------------------------------------
average        :      0.000      0.000      0.021      0.000       0.000       0.000
################################################################################################
################################################################################################
Epoch 742 validation (2026-09-01T08:59:20)
Object metrics @ IoU=0.50, score>=0.50
################################################################################################
what           :         AP     AP_50%     AP_25%     Recall   Precision    F1-Score
################################################################################################
fallentree     :      0.000      0.000      0.016      0.000       0.000       0.000
------------------------------------------------------------------------------------------------
average        :      0.000      0.000      0.016      0.000       0.000       0.000
################################################################################################
################################################################################################
Epoch 743 validation (2026-09-01T09:00:08)
Object metrics @ IoU=0.50, score>=0.50
################################################################################################
what           :         AP     AP_50%     AP_25%     Recall   Precision    F1-Score
################################################################################################
fallentree     :      0.000      0.000      0.019      0.000       0.000       0.000
------------------------------------------------------------------------------------------------
average        :      0.000      0.000      0.019      0.000       0.000       0.000
################################################################################################
################################################################################################
Epoch 744 validation (2026-09-01T09:00:57)
Object metrics @ IoU=0.50, score>=0.50
################################################################################################
what           :         AP     AP_50%     AP_25%     Recall   Precision    F1-Score
################################################################################################
fallentree     :      0.000      0.000      0.016      0.000       0.000       0.000
------------------------------------------------------------------------------------------------
average        :      0.000      0.000      0.016      0.000       0.000       0.000
################################################################################################
################################################################################################
Epoch 745 validation (2026-09-01T09:01:46)
Object metrics @ IoU=0.50, score>=0.50
################################################################################################
what           :         AP     AP_50%     AP_25%     Recall   Precision    F1-Score
################################################################################################
fallentree     :      0.001      0.006      0.022      0.006       0.010       0.007
------------------------------------------------------------------------------------------------
average        :      0.001      0.006      0.022      0.006       0.010       0.007
################################################################################################
################################################################################################
Epoch 746 validation (2026-09-01T09:02:48)
Object metrics @ IoU=0.50, score>=0.50
################################################################################################
what           :         AP     AP_50%     AP_25%     Recall   Precision    F1-Score
################################################################################################
fallentree     :      0.000      0.000      0.013      0.000       0.000       0.000
------------------------------------------------------------------------------------------------
average        :      0.000      0.000      0.013      0.000       0.000       0.000
################################################################################################
################################################################################################
Epoch 747 validation (2026-09-01T09:03:51)
Object metrics @ IoU=0.50, score>=0.50
################################################################################################
what           :         AP     AP_50%     AP_25%     Recall   Precision    F1-Score
################################################################################################
fallentree     :      0.000      0.000      0.010      0.000       0.000       0.000
------------------------------------------------------------------------------------------------
average        :      0.000      0.000      0.010      0.000       0.000       0.000
################################################################################################
################################################################################################
Epoch 748 validation (2026-09-01T09:04:37)
Object metrics @ IoU=0.50, score>=0.50
################################################################################################
what           :         AP     AP_50%     AP_25%     Recall   Precision    F1-Score
################################################################################################
fallentree     :      0.000      0.000      0.010      0.000       0.000       0.000
------------------------------------------------------------------------------------------------
average        :      0.000      0.000      0.010      0.000       0.000       0.000
################################################################################################
################################################################################################
Epoch 749 validation (2026-09-01T09:05:20)
Object metrics @ IoU=0.50, score>=0.50
################################################################################################
what           :         AP     AP_50%     AP_25%     Recall   Precision    F1-Score
################################################################################################
fallentree     :      0.000      0.000      0.007      0.000       0.000       0.000
------------------------------------------------------------------------------------------------
average        :      0.000      0.000      0.007      0.000       0.000       0.000
################################################################################################
################################################################################################
Epoch 750 validation (2026-09-01T09:06:24)
Object metrics @ IoU=0.50, score>=0.50
################################################################################################
what           :         AP     AP_50%     AP_25%     Recall   Precision    F1-Score
################################################################################################
fallentree     :      0.000      0.000      0.021      0.000       0.000       0.000
------------------------------------------------------------------------------------------------
average        :      0.000      0.000      0.021      0.000       0.000       0.000
################################################################################################
################################################################################################
Epoch 751 validation (2026-09-01T09:07:18)
Object metrics @ IoU=0.50, score>=0.50
################################################################################################
what           :         AP     AP_50%     AP_25%     Recall   Precision    F1-Score
################################################################################################
fallentree     :      0.003      0.006      0.021      0.006       0.011       0.008
------------------------------------------------------------------------------------------------
average        :      0.003      0.006      0.021      0.006       0.011       0.008
################################################################################################
################################################################################################
Epoch 752 validation (2026-09-01T09:08:22)
Object metrics @ IoU=0.50, score>=0.50
################################################################################################
what           :         AP     AP_50%     AP_25%     Recall   Precision    F1-Score
################################################################################################
fallentree     :      0.001      0.006      0.020      0.006       0.011       0.008
------------------------------------------------------------------------------------------------
average        :      0.001      0.006      0.020      0.006       0.011       0.008
################################################################################################
################################################################################################
Epoch 753 validation (2026-09-01T09:09:08)
Object metrics @ IoU=0.50, score>=0.50
################################################################################################
what           :         AP     AP_50%     AP_25%     Recall   Precision    F1-Score
################################################################################################
fallentree     :      0.002      0.006      0.015      0.006       0.011       0.008
------------------------------------------------------------------------------------------------
average        :      0.002      0.006      0.015      0.006       0.011       0.008
################################################################################################
################################################################################################
Epoch 754 validation (2026-09-01T09:10:10)
Object metrics @ IoU=0.50, score>=0.50
################################################################################################
what           :         AP     AP_50%     AP_25%     Recall   Precision    F1-Score
################################################################################################
fallentree     :      0.000      0.000      0.021      0.000       0.000       0.000
------------------------------------------------------------------------------------------------
average        :      0.000      0.000      0.021      0.000       0.000       0.000
################################################################################################
################################################################################################
Epoch 755 validation (2026-09-01T09:11:04)
Object metrics @ IoU=0.50, score>=0.50
################################################################################################
what           :         AP     AP_50%     AP_25%     Recall   Precision    F1-Score
################################################################################################
fallentree     :      0.000      0.000      0.018      0.000       0.000       0.000
------------------------------------------------------------------------------------------------
average        :      0.000      0.000      0.018      0.000       0.000       0.000
################################################################################################
################################################################################################
Epoch 756 validation (2026-09-01T09:12:00)
Object metrics @ IoU=0.50, score>=0.50
################################################################################################
what           :         AP     AP_50%     AP_25%     Recall   Precision    F1-Score
################################################################################################
fallentree     :      0.000      0.000      0.032      0.000       0.000       0.000
------------------------------------------------------------------------------------------------
average        :      0.000      0.000      0.032      0.000       0.000       0.000
################################################################################################
################################################################################################
Epoch 757 validation (2026-09-01T09:12:53)
Object metrics @ IoU=0.50, score>=0.50
################################################################################################
what           :         AP     AP_50%     AP_25%     Recall   Precision    F1-Score
################################################################################################
fallentree     :      0.000      0.000      0.030      0.000       0.000       0.000
------------------------------------------------------------------------------------------------
average        :      0.000      0.000      0.030      0.000       0.000       0.000
################################################################################################
################################################################################################
Epoch 758 validation (2026-09-01T09:13:56)
Object metrics @ IoU=0.50, score>=0.50
################################################################################################
what           :         AP     AP_50%     AP_25%     Recall   Precision    F1-Score
################################################################################################
fallentree     :      0.000      0.000      0.022      0.006       0.011       0.008
------------------------------------------------------------------------------------------------
average        :      0.000      0.000      0.022      0.006       0.011       0.008
################################################################################################
################################################################################################
Epoch 759 validation (2026-09-01T09:14:50)
Object metrics @ IoU=0.50, score>=0.50
################################################################################################
what           :         AP     AP_50%     AP_25%     Recall   Precision    F1-Score
################################################################################################
fallentree     :      0.000      0.000      0.019      0.000       0.000       0.000
------------------------------------------------------------------------------------------------
average        :      0.000      0.000      0.019      0.000       0.000       0.000
################################################################################################
################################################################################################
Epoch 760 validation (2026-09-01T09:15:44)
Object metrics @ IoU=0.50, score>=0.50
################################################################################################
what           :         AP     AP_50%     AP_25%     Recall   Precision    F1-Score
################################################################################################
fallentree     :      0.000      0.000      0.016      0.006       0.011       0.008
------------------------------------------------------------------------------------------------
average        :      0.000      0.000      0.016      0.006       0.011       0.008
################################################################################################
################################################################################################
Epoch 761 validation (2026-09-01T09:16:48)
Object metrics @ IoU=0.50, score>=0.50
################################################################################################
what           :         AP     AP_50%     AP_25%     Recall   Precision    F1-Score
################################################################################################
fallentree     :      0.000      0.000      0.008      0.000       0.000       0.000
------------------------------------------------------------------------------------------------
average        :      0.000      0.000      0.008      0.000       0.000       0.000
################################################################################################
################################################################################################
Epoch 762 validation (2026-09-01T09:17:52)
Object metrics @ IoU=0.50, score>=0.50
################################################################################################
what           :         AP     AP_50%     AP_25%     Recall   Precision    F1-Score
################################################################################################
fallentree     :      0.000      0.000      0.017      0.000       0.000       0.000
------------------------------------------------------------------------------------------------
average        :      0.000      0.000      0.017      0.000       0.000       0.000
################################################################################################
################################################################################################
Epoch 763 validation (2026-09-01T09:18:54)
Object metrics @ IoU=0.50, score>=0.50
################################################################################################
what           :         AP     AP_50%     AP_25%     Recall   Precision    F1-Score
################################################################################################
fallentree     :      0.000      0.000      0.018      0.000       0.000       0.000
------------------------------------------------------------------------------------------------
average        :      0.000      0.000      0.018      0.000       0.000       0.000
################################################################################################
################################################################################################
Epoch 764 validation (2026-09-01T09:19:43)
Object metrics @ IoU=0.50, score>=0.50
################################################################################################
what           :         AP     AP_50%     AP_25%     Recall   Precision    F1-Score
################################################################################################
fallentree     :      0.000      0.000      0.036      0.000       0.000       0.000
------------------------------------------------------------------------------------------------
average        :      0.000      0.000      0.036      0.000       0.000       0.000
################################################################################################
################################################################################################
Epoch 765 validation (2026-09-01T09:20:43)
Object metrics @ IoU=0.50, score>=0.50
################################################################################################
what           :         AP     AP_50%     AP_25%     Recall   Precision    F1-Score
################################################################################################
fallentree     :      0.000      0.000      0.033      0.000       0.000       0.000
------------------------------------------------------------------------------------------------
average        :      0.000      0.000      0.033      0.000       0.000       0.000
################################################################################################
################################################################################################
Epoch 766 validation (2026-09-01T09:21:51)
Object metrics @ IoU=0.50, score>=0.50
################################################################################################
what           :         AP     AP_50%     AP_25%     Recall   Precision    F1-Score
################################################################################################
fallentree     :      0.000      0.000      0.021      0.000       0.000       0.000
------------------------------------------------------------------------------------------------
average        :      0.000      0.000      0.021      0.000       0.000       0.000
################################################################################################
################################################################################################
Epoch 767 validation (2026-09-01T09:22:24)
Object metrics @ IoU=0.50, score>=0.50
################################################################################################
what           :         AP     AP_50%     AP_25%     Recall   Precision    F1-Score
################################################################################################
fallentree     :      0.000      0.000      0.011      0.000       0.000       0.000
------------------------------------------------------------------------------------------------
average        :      0.000      0.000      0.011      0.000       0.000       0.000
################################################################################################
################################################################################################
Epoch 768 validation (2026-09-01T09:23:18)
Object metrics @ IoU=0.50, score>=0.50
################################################################################################
what           :         AP     AP_50%     AP_25%     Recall   Precision    F1-Score
################################################################################################
fallentree     :      0.000      0.000      0.025      0.000       0.000       0.000
------------------------------------------------------------------------------------------------
average        :      0.000      0.000      0.025      0.000       0.000       0.000
################################################################################################
################################################################################################
Epoch 769 validation (2026-09-01T09:24:13)
Object metrics @ IoU=0.50, score>=0.50
################################################################################################
what           :         AP     AP_50%     AP_25%     Recall   Precision    F1-Score
################################################################################################
fallentree     :      0.000      0.000      0.016      0.000       0.000       0.000
------------------------------------------------------------------------------------------------
average        :      0.000      0.000      0.016      0.000       0.000       0.000
################################################################################################
################################################################################################
Epoch 770 validation (2026-09-01T09:25:21)
Object metrics @ IoU=0.50, score>=0.50
################################################################################################
what           :         AP     AP_50%     AP_25%     Recall   Precision    F1-Score
################################################################################################
fallentree     :      0.001      0.006      0.018      0.006       0.010       0.007
------------------------------------------------------------------------------------------------
average        :      0.001      0.006      0.018      0.006       0.010       0.007
################################################################################################
################################################################################################
Epoch 771 validation (2026-09-01T09:26:08)
Object metrics @ IoU=0.50, score>=0.50
################################################################################################
what           :         AP     AP_50%     AP_25%     Recall   Precision    F1-Score
################################################################################################
fallentree     :      0.001      0.006      0.019      0.006       0.009       0.007
------------------------------------------------------------------------------------------------
average        :      0.001      0.006      0.019      0.006       0.009       0.007
################################################################################################
################################################################################################
Epoch 772 validation (2026-09-01T09:27:01)
Object metrics @ IoU=0.50, score>=0.50
################################################################################################
what           :         AP     AP_50%     AP_25%     Recall   Precision    F1-Score
################################################################################################
fallentree     :      0.001      0.002      0.014      0.006       0.009       0.007
------------------------------------------------------------------------------------------------
average        :      0.001      0.002      0.014      0.006       0.009       0.007
################################################################################################
################################################################################################
Epoch 773 validation (2026-09-01T09:27:55)
Object metrics @ IoU=0.50, score>=0.50
################################################################################################
what           :         AP     AP_50%     AP_25%     Recall   Precision    F1-Score
################################################################################################
fallentree     :      0.002      0.006      0.021      0.006       0.009       0.007
------------------------------------------------------------------------------------------------
average        :      0.002      0.006      0.021      0.006       0.009       0.007
################################################################################################
################################################################################################
Epoch 774 validation (2026-09-01T09:28:49)
Object metrics @ IoU=0.50, score>=0.50
################################################################################################
what           :         AP     AP_50%     AP_25%     Recall   Precision    F1-Score
################################################################################################
fallentree     :      0.000      0.002      0.019      0.006       0.009       0.007
------------------------------------------------------------------------------------------------
average        :      0.000      0.002      0.019      0.006       0.009       0.007
################################################################################################
################################################################################################
Epoch 775 validation (2026-09-01T09:29:40)
Object metrics @ IoU=0.50, score>=0.50
################################################################################################
what           :         AP     AP_50%     AP_25%     Recall   Precision    F1-Score
################################################################################################
fallentree     :      0.001      0.002      0.017      0.006       0.009       0.007
------------------------------------------------------------------------------------------------
average        :      0.001      0.002      0.017      0.006       0.009       0.007
################################################################################################
################################################################################################
Epoch 776 validation (2026-09-01T09:30:42)
Object metrics @ IoU=0.50, score>=0.50
################################################################################################
what           :         AP     AP_50%     AP_25%     Recall   Precision    F1-Score
################################################################################################
fallentree     :      0.001      0.006      0.017      0.006       0.009       0.007
------------------------------------------------------------------------------------------------
average        :      0.001      0.006      0.017      0.006       0.009       0.007
################################################################################################
################################################################################################
Epoch 777 validation (2026-09-01T09:31:35)
Object metrics @ IoU=0.50, score>=0.50
################################################################################################
what           :         AP     AP_50%     AP_25%     Recall   Precision    F1-Score
################################################################################################
fallentree     :      0.002      0.006      0.016      0.006       0.009       0.007
------------------------------------------------------------------------------------------------
average        :      0.002      0.006      0.016      0.006       0.009       0.007
################################################################################################
################################################################################################
Epoch 778 validation (2026-09-01T09:32:42)
Object metrics @ IoU=0.50, score>=0.50
################################################################################################
what           :         AP     AP_50%     AP_25%     Recall   Precision    F1-Score
################################################################################################
fallentree     :      0.001      0.006      0.017      0.006       0.008       0.007
------------------------------------------------------------------------------------------------
average        :      0.001      0.006      0.017      0.006       0.008       0.007
################################################################################################
################################################################################################
Epoch 779 validation (2026-09-01T09:33:45)
Object metrics @ IoU=0.50, score>=0.50
################################################################################################
what           :         AP     AP_50%     AP_25%     Recall   Precision    F1-Score
################################################################################################
fallentree     :      0.003      0.006      0.027      0.006       0.007       0.007
------------------------------------------------------------------------------------------------
average        :      0.003      0.006      0.027      0.006       0.007       0.007
################################################################################################
################################################################################################
Epoch 780 validation (2026-09-01T09:34:35)
Object metrics @ IoU=0.50, score>=0.50
################################################################################################
what           :         AP     AP_50%     AP_25%     Recall   Precision    F1-Score
################################################################################################
fallentree     :      0.003      0.006      0.021      0.012       0.014       0.013
------------------------------------------------------------------------------------------------
average        :      0.003      0.006      0.021      0.012       0.014       0.013
################################################################################################
################################################################################################
Epoch 781 validation (2026-09-01T09:35:39)
Object metrics @ IoU=0.50, score>=0.50
################################################################################################
what           :         AP     AP_50%     AP_25%     Recall   Precision    F1-Score
################################################################################################
fallentree     :      0.002      0.006      0.033      0.012       0.015       0.013
------------------------------------------------------------------------------------------------
average        :      0.002      0.006      0.033      0.012       0.015       0.013
################################################################################################
################################################################################################
Epoch 782 validation (2026-09-01T09:36:24)
Object metrics @ IoU=0.50, score>=0.50
################################################################################################
what           :         AP     AP_50%     AP_25%     Recall   Precision    F1-Score
################################################################################################
fallentree     :      0.000      0.001      0.044      0.012       0.014       0.013
------------------------------------------------------------------------------------------------
average        :      0.000      0.001      0.044      0.012       0.014       0.013
################################################################################################
################################################################################################
Epoch 783 validation (2026-09-01T09:37:17)
Object metrics @ IoU=0.50, score>=0.50
################################################################################################
what           :         AP     AP_50%     AP_25%     Recall   Precision    F1-Score
################################################################################################
fallentree     :      0.003      0.006      0.035      0.006       0.008       0.007
------------------------------------------------------------------------------------------------
average        :      0.003      0.006      0.035      0.006       0.008       0.007
################################################################################################
################################################################################################
Epoch 784 validation (2026-09-01T09:38:19)
Object metrics @ IoU=0.50, score>=0.50
################################################################################################
what           :         AP     AP_50%     AP_25%     Recall   Precision    F1-Score
################################################################################################
fallentree     :      0.003      0.007      0.038      0.012       0.015       0.013
------------------------------------------------------------------------------------------------
average        :      0.003      0.007      0.038      0.012       0.015       0.013
################################################################################################
################################################################################################
Epoch 785 validation (2026-09-01T09:39:01)
Object metrics @ IoU=0.50, score>=0.50
################################################################################################
what           :         AP     AP_50%     AP_25%     Recall   Precision    F1-Score
################################################################################################
fallentree     :      0.000      0.001      0.030      0.012       0.017       0.014
------------------------------------------------------------------------------------------------
average        :      0.000      0.001      0.030      0.012       0.017       0.014
################################################################################################
################################################################################################
Epoch 786 validation (2026-09-01T09:39:50)
Object metrics @ IoU=0.50, score>=0.50
################################################################################################
what           :         AP     AP_50%     AP_25%     Recall   Precision    F1-Score
################################################################################################
fallentree     :      0.000      0.001      0.024      0.006       0.008       0.007
------------------------------------------------------------------------------------------------
average        :      0.000      0.001      0.024      0.006       0.008       0.007
################################################################################################
################################################################################################
Epoch 787 validation (2026-09-01T09:40:53)
Object metrics @ IoU=0.50, score>=0.50
################################################################################################
what           :         AP     AP_50%     AP_25%     Recall   Precision    F1-Score
################################################################################################
fallentree     :      0.000      0.000      0.021      0.006       0.008       0.007
------------------------------------------------------------------------------------------------
average        :      0.000      0.000      0.021      0.006       0.008       0.007
################################################################################################
################################################################################################
Epoch 788 validation (2026-09-01T09:41:39)
Object metrics @ IoU=0.50, score>=0.50
################################################################################################
what           :         AP     AP_50%     AP_25%     Recall   Precision    F1-Score
################################################################################################
fallentree     :      0.000      0.001      0.023      0.006       0.008       0.007
------------------------------------------------------------------------------------------------
average        :      0.000      0.001      0.023      0.006       0.008       0.007
################################################################################################
################################################################################################
Epoch 789 validation (2026-09-01T09:42:34)
Object metrics @ IoU=0.50, score>=0.50
################################################################################################
what           :         AP     AP_50%     AP_25%     Recall   Precision    F1-Score
################################################################################################
fallentree     :      0.000      0.001      0.022      0.006       0.009       0.007
------------------------------------------------------------------------------------------------
average        :      0.000      0.001      0.022      0.006       0.009       0.007
################################################################################################
################################################################################################
Epoch 790 validation (2026-09-01T09:43:23)
Object metrics @ IoU=0.50, score>=0.50
################################################################################################
what           :         AP     AP_50%     AP_25%     Recall   Precision    F1-Score
################################################################################################
fallentree     :      0.000      0.001      0.024      0.006       0.009       0.007
------------------------------------------------------------------------------------------------
average        :      0.000      0.001      0.024      0.006       0.009       0.007
################################################################################################
################################################################################################
Epoch 791 validation (2026-09-01T09:44:12)
Object metrics @ IoU=0.50, score>=0.50
################################################################################################
what           :         AP     AP_50%     AP_25%     Recall   Precision    F1-Score
################################################################################################
fallentree     :      0.000      0.001      0.024      0.006       0.009       0.007
------------------------------------------------------------------------------------------------
average        :      0.000      0.001      0.024      0.006       0.009       0.007
################################################################################################
################################################################################################
Epoch 792 validation (2026-09-01T09:45:13)
Object metrics @ IoU=0.50, score>=0.50
################################################################################################
what           :         AP     AP_50%     AP_25%     Recall   Precision    F1-Score
################################################################################################
fallentree     :      0.000      0.000      0.019      0.000       0.000       0.000
------------------------------------------------------------------------------------------------
average        :      0.000      0.000      0.019      0.000       0.000       0.000
################################################################################################
################################################################################################
Epoch 793 validation (2026-09-01T09:46:03)
Object metrics @ IoU=0.50, score>=0.50
################################################################################################
what           :         AP     AP_50%     AP_25%     Recall   Precision    F1-Score
################################################################################################
fallentree     :      0.000      0.000      0.018      0.000       0.000       0.000
------------------------------------------------------------------------------------------------
average        :      0.000      0.000      0.018      0.000       0.000       0.000
################################################################################################
################################################################################################
Epoch 794 validation (2026-09-01T09:47:08)
Object metrics @ IoU=0.50, score>=0.50
################################################################################################
what           :         AP     AP_50%     AP_25%     Recall   Precision    F1-Score
################################################################################################
fallentree     :      0.000      0.001      0.030      0.006       0.009       0.007
------------------------------------------------------------------------------------------------
average        :      0.000      0.001      0.030      0.006       0.009       0.007
################################################################################################
################################################################################################
Epoch 795 validation (2026-09-01T09:47:45)
Object metrics @ IoU=0.50, score>=0.50
################################################################################################
what           :         AP     AP_50%     AP_25%     Recall   Precision    F1-Score
################################################################################################
fallentree     :      0.000      0.002      0.027      0.006       0.008       0.007
------------------------------------------------------------------------------------------------
average        :      0.000      0.002      0.027      0.006       0.008       0.007
################################################################################################
################################################################################################
Epoch 796 validation (2026-09-01T09:48:44)
Object metrics @ IoU=0.50, score>=0.50
################################################################################################
what           :         AP     AP_50%     AP_25%     Recall   Precision    F1-Score
################################################################################################
fallentree     :      0.000      0.001      0.027      0.012       0.015       0.013
------------------------------------------------------------------------------------------------
average        :      0.000      0.001      0.027      0.012       0.015       0.013
################################################################################################
################################################################################################
Epoch 797 validation (2026-09-01T09:49:33)
Object metrics @ IoU=0.50, score>=0.50
################################################################################################
what           :         AP     AP_50%     AP_25%     Recall   Precision    F1-Score
################################################################################################
fallentree     :      0.002      0.006      0.033      0.012       0.015       0.013
------------------------------------------------------------------------------------------------
average        :      0.002      0.006      0.033      0.012       0.015       0.013
################################################################################################
################################################################################################
Epoch 798 validation (2026-09-01T09:50:22)
Object metrics @ IoU=0.50, score>=0.50
################################################################################################
what           :         AP     AP_50%     AP_25%     Recall   Precision    F1-Score
################################################################################################
fallentree     :      0.002      0.008      0.033      0.018       0.021       0.019
------------------------------------------------------------------------------------------------
average        :      0.002      0.008      0.033      0.018       0.021       0.019
################################################################################################
################################################################################################
Epoch 799 validation (2026-09-01T09:51:26)
Object metrics @ IoU=0.50, score>=0.50
################################################################################################
what           :         AP     AP_50%     AP_25%     Recall   Precision    F1-Score
################################################################################################
fallentree     :      0.000      0.001      0.034      0.012       0.014       0.013
------------------------------------------------------------------------------------------------
average        :      0.000      0.001      0.034      0.012       0.014       0.013
################################################################################################
################################################################################################
Epoch 800 validation (2026-09-01T09:52:33)
Object metrics @ IoU=0.50, score>=0.50
################################################################################################
what           :         AP     AP_50%     AP_25%     Recall   Precision    F1-Score
################################################################################################
fallentree     :      0.000      0.000      0.029      0.012       0.014       0.013
------------------------------------------------------------------------------------------------
average        :      0.000      0.000      0.029      0.012       0.014       0.013
################################################################################################
################################################################################################
Epoch 801 validation (2026-09-01T09:53:43)
Object metrics @ IoU=0.50, score>=0.50
################################################################################################
what           :         AP     AP_50%     AP_25%     Recall   Precision    F1-Score
################################################################################################
fallentree     :      0.000      0.000      0.031      0.000       0.000       0.000
------------------------------------------------------------------------------------------------
average        :      0.000      0.000      0.031      0.000       0.000       0.000
################################################################################################
################################################################################################
Epoch 802 validation (2026-09-01T09:54:50)
Object metrics @ IoU=0.50, score>=0.50
################################################################################################
what           :         AP     AP_50%     AP_25%     Recall   Precision    F1-Score
################################################################################################
fallentree     :      0.001      0.006      0.032      0.006       0.007       0.007
------------------------------------------------------------------------------------------------
average        :      0.001      0.006      0.032      0.006       0.007       0.007
################################################################################################
################################################################################################
Epoch 803 validation (2026-09-01T09:55:38)
Object metrics @ IoU=0.50, score>=0.50
################################################################################################
what           :         AP     AP_50%     AP_25%     Recall   Precision    F1-Score
################################################################################################
fallentree     :      0.000      0.001      0.041      0.006       0.008       0.007
------------------------------------------------------------------------------------------------
average        :      0.000      0.001      0.041      0.006       0.008       0.007
################################################################################################
################################################################################################
Epoch 804 validation (2026-09-01T09:56:30)
Object metrics @ IoU=0.50, score>=0.50
################################################################################################
what           :         AP     AP_50%     AP_25%     Recall   Precision    F1-Score
################################################################################################
fallentree     :      0.000      0.000      0.025      0.006       0.008       0.007
------------------------------------------------------------------------------------------------
average        :      0.000      0.000      0.025      0.006       0.008       0.007
################################################################################################
################################################################################################
Epoch 805 validation (2026-09-01T09:57:36)
Object metrics @ IoU=0.50, score>=0.50
################################################################################################
what           :         AP     AP_50%     AP_25%     Recall   Precision    F1-Score
################################################################################################
fallentree     :      0.000      0.000      0.040      0.000       0.000       0.000
------------------------------------------------------------------------------------------------
average        :      0.000      0.000      0.040      0.000       0.000       0.000
################################################################################################
################################################################################################
Epoch 806 validation (2026-09-01T09:58:40)
Object metrics @ IoU=0.50, score>=0.50
################################################################################################
what           :         AP     AP_50%     AP_25%     Recall   Precision    F1-Score
################################################################################################
fallentree     :      0.000      0.000      0.040      0.000       0.000       0.000
------------------------------------------------------------------------------------------------
average        :      0.000      0.000      0.040      0.000       0.000       0.000
################################################################################################
################################################################################################
Epoch 807 validation (2026-09-01T09:59:27)
Object metrics @ IoU=0.50, score>=0.50
################################################################################################
what           :         AP     AP_50%     AP_25%     Recall   Precision    F1-Score
################################################################################################
fallentree     :      0.000      0.000      0.030      0.000       0.000       0.000
------------------------------------------------------------------------------------------------
average        :      0.000      0.000      0.030      0.000       0.000       0.000
################################################################################################
################################################################################################
Epoch 808 validation (2026-09-01T10:00:16)
Object metrics @ IoU=0.50, score>=0.50
################################################################################################
what           :         AP     AP_50%     AP_25%     Recall   Precision    F1-Score
################################################################################################
fallentree     :      0.000      0.000      0.029      0.000       0.000       0.000
------------------------------------------------------------------------------------------------
average        :      0.000      0.000      0.029      0.000       0.000       0.000
################################################################################################
################################################################################################
Epoch 809 validation (2026-09-01T10:01:02)
Object metrics @ IoU=0.50, score>=0.50
################################################################################################
what           :         AP     AP_50%     AP_25%     Recall   Precision    F1-Score
################################################################################################
fallentree     :      0.000      0.000      0.026      0.006       0.008       0.007
------------------------------------------------------------------------------------------------
average        :      0.000      0.000      0.026      0.006       0.008       0.007
################################################################################################
################################################################################################
Epoch 810 validation (2026-09-01T10:02:06)
Object metrics @ IoU=0.50, score>=0.50
################################################################################################
what           :         AP     AP_50%     AP_25%     Recall   Precision    F1-Score
################################################################################################
fallentree     :      0.000      0.000      0.031      0.000       0.000       0.000
------------------------------------------------------------------------------------------------
average        :      0.000      0.000      0.031      0.000       0.000       0.000
################################################################################################
################################################################################################
Epoch 811 validation (2026-09-01T10:03:08)
Object metrics @ IoU=0.50, score>=0.50
################################################################################################
what           :         AP     AP_50%     AP_25%     Recall   Precision    F1-Score
################################################################################################
fallentree     :      0.000      0.000      0.031      0.000       0.000       0.000
------------------------------------------------------------------------------------------------
average        :      0.000      0.000      0.031      0.000       0.000       0.000
################################################################################################
################################################################################################
Epoch 812 validation (2026-09-01T10:03:54)
Object metrics @ IoU=0.50, score>=0.50
################################################################################################
what           :         AP     AP_50%     AP_25%     Recall   Precision    F1-Score
################################################################################################
fallentree     :      0.000      0.000      0.026      0.006       0.009       0.007
------------------------------------------------------------------------------------------------
average        :      0.000      0.000      0.026      0.006       0.009       0.007
################################################################################################
################################################################################################
Epoch 813 validation (2026-09-01T10:05:02)
Object metrics @ IoU=0.50, score>=0.50
################################################################################################
what           :         AP     AP_50%     AP_25%     Recall   Precision    F1-Score
################################################################################################
fallentree     :      0.000      0.001      0.023      0.012       0.019       0.015
------------------------------------------------------------------------------------------------
average        :      0.000      0.001      0.023      0.012       0.019       0.015
################################################################################################
################################################################################################
Epoch 814 validation (2026-09-01T10:06:08)
Object metrics @ IoU=0.50, score>=0.50
################################################################################################
what           :         AP     AP_50%     AP_25%     Recall   Precision    F1-Score
################################################################################################
fallentree     :      0.000      0.000      0.035      0.006       0.009       0.007
------------------------------------------------------------------------------------------------
average        :      0.000      0.000      0.035      0.006       0.009       0.007
################################################################################################
################################################################################################
Epoch 815 validation (2026-09-01T10:07:02)
Object metrics @ IoU=0.50, score>=0.50
################################################################################################
what           :         AP     AP_50%     AP_25%     Recall   Precision    F1-Score
################################################################################################
fallentree     :      0.000      0.000      0.028      0.012       0.019       0.015
------------------------------------------------------------------------------------------------
average        :      0.000      0.000      0.028      0.012       0.019       0.015
################################################################################################
################################################################################################
Epoch 816 validation (2026-09-01T10:08:04)
Object metrics @ IoU=0.50, score>=0.50
################################################################################################
what           :         AP     AP_50%     AP_25%     Recall   Precision    F1-Score
################################################################################################
fallentree     :      0.000      0.000      0.022      0.006       0.008       0.007
------------------------------------------------------------------------------------------------
average        :      0.000      0.000      0.022      0.006       0.008       0.007
################################################################################################
################################################################################################
Epoch 817 validation (2026-09-01T10:08:44)
Object metrics @ IoU=0.50, score>=0.50
################################################################################################
what           :         AP     AP_50%     AP_25%     Recall   Precision    F1-Score
################################################################################################
fallentree     :      0.000      0.000      0.024      0.006       0.009       0.007
------------------------------------------------------------------------------------------------
average        :      0.000      0.000      0.024      0.006       0.009       0.007
################################################################################################
################################################################################################
Epoch 818 validation (2026-09-01T10:09:38)
Object metrics @ IoU=0.50, score>=0.50
################################################################################################
what           :         AP     AP_50%     AP_25%     Recall   Precision    F1-Score
################################################################################################
fallentree     :      0.000      0.000      0.025      0.000       0.000       0.000
------------------------------------------------------------------------------------------------
average        :      0.000      0.000      0.025      0.000       0.000       0.000
################################################################################################
################################################################################################
Epoch 819 validation (2026-09-01T10:10:42)
Object metrics @ IoU=0.50, score>=0.50
################################################################################################
what           :         AP     AP_50%     AP_25%     Recall   Precision    F1-Score
################################################################################################
fallentree     :      0.000      0.001      0.022      0.012       0.015       0.013
------------------------------------------------------------------------------------------------
average        :      0.000      0.001      0.022      0.012       0.015       0.013
################################################################################################
################################################################################################
Epoch 820 validation (2026-09-01T10:11:35)
Object metrics @ IoU=0.50, score>=0.50
################################################################################################
what           :         AP     AP_50%     AP_25%     Recall   Precision    F1-Score
################################################################################################
fallentree     :      0.000      0.000      0.025      0.006       0.008       0.007
------------------------------------------------------------------------------------------------
average        :      0.000      0.000      0.025      0.006       0.008       0.007
################################################################################################
################################################################################################
Epoch 821 validation (2026-09-01T10:12:31)
Object metrics @ IoU=0.50, score>=0.50
################################################################################################
what           :         AP     AP_50%     AP_25%     Recall   Precision    F1-Score
################################################################################################
fallentree     :      0.000      0.000      0.031      0.006       0.008       0.007
------------------------------------------------------------------------------------------------
average        :      0.000      0.000      0.031      0.006       0.008       0.007
################################################################################################
################################################################################################
Epoch 822 validation (2026-09-01T10:13:15)
Object metrics @ IoU=0.50, score>=0.50
################################################################################################
what           :         AP     AP_50%     AP_25%     Recall   Precision    F1-Score
################################################################################################
fallentree     :      0.000      0.000      0.030      0.006       0.008       0.007
------------------------------------------------------------------------------------------------
average        :      0.000      0.000      0.030      0.006       0.008       0.007
################################################################################################
################################################################################################
Epoch 823 validation (2026-09-01T10:14:17)
Object metrics @ IoU=0.50, score>=0.50
################################################################################################
what           :         AP     AP_50%     AP_25%     Recall   Precision    F1-Score
################################################################################################
fallentree     :      0.000      0.000      0.042      0.006       0.008       0.007
------------------------------------------------------------------------------------------------
average        :      0.000      0.000      0.042      0.006       0.008       0.007
################################################################################################
################################################################################################
Epoch 824 validation (2026-09-01T10:15:26)
Object metrics @ IoU=0.50, score>=0.50
################################################################################################
what           :         AP     AP_50%     AP_25%     Recall   Precision    F1-Score
################################################################################################
fallentree     :      0.000      0.000      0.038      0.006       0.008       0.007
------------------------------------------------------------------------------------------------
average        :      0.000      0.000      0.038      0.006       0.008       0.007
################################################################################################
################################################################################################
Epoch 825 validation (2026-09-01T10:16:32)
Object metrics @ IoU=0.50, score>=0.50
################################################################################################
what           :         AP     AP_50%     AP_25%     Recall   Precision    F1-Score
################################################################################################
fallentree     :      0.000      0.000      0.043      0.006       0.008       0.007
------------------------------------------------------------------------------------------------
average        :      0.000      0.000      0.043      0.006       0.008       0.007
################################################################################################
################################################################################################
Epoch 826 validation (2026-09-01T10:17:16)
Object metrics @ IoU=0.50, score>=0.50
################################################################################################
what           :         AP     AP_50%     AP_25%     Recall   Precision    F1-Score
################################################################################################
fallentree     :      0.001      0.007      0.030      0.012       0.015       0.013
------------------------------------------------------------------------------------------------
average        :      0.001      0.007      0.030      0.012       0.015       0.013
################################################################################################
################################################################################################
Epoch 827 validation (2026-09-01T10:18:11)
Object metrics @ IoU=0.50, score>=0.50
################################################################################################
what           :         AP     AP_50%     AP_25%     Recall   Precision    F1-Score
################################################################################################
fallentree     :      0.001      0.005      0.038      0.018       0.022       0.020
------------------------------------------------------------------------------------------------
average        :      0.001      0.005      0.038      0.018       0.022       0.020
################################################################################################
################################################################################################
Epoch 828 validation (2026-09-01T10:19:14)
Object metrics @ IoU=0.50, score>=0.50
################################################################################################
what           :         AP     AP_50%     AP_25%     Recall   Precision    F1-Score
################################################################################################
fallentree     :      0.001      0.007      0.037      0.012       0.014       0.013
------------------------------------------------------------------------------------------------
average        :      0.001      0.007      0.037      0.012       0.014       0.013
################################################################################################
################################################################################################
Epoch 829 validation (2026-09-01T10:20:21)
Object metrics @ IoU=0.50, score>=0.50
################################################################################################
what           :         AP     AP_50%     AP_25%     Recall   Precision    F1-Score
################################################################################################
fallentree     :      0.000      0.000      0.029      0.000       0.000       0.000
------------------------------------------------------------------------------------------------
average        :      0.000      0.000      0.029      0.000       0.000       0.000
################################################################################################
################################################################################################
Epoch 830 validation (2026-09-01T10:21:23)
Object metrics @ IoU=0.50, score>=0.50
################################################################################################
what           :         AP     AP_50%     AP_25%     Recall   Precision    F1-Score
################################################################################################
fallentree     :      0.000      0.000      0.022      0.000       0.000       0.000
------------------------------------------------------------------------------------------------
average        :      0.000      0.000      0.022      0.000       0.000       0.000
################################################################################################
################################################################################################
Epoch 831 validation (2026-09-01T10:22:17)
Object metrics @ IoU=0.50, score>=0.50
################################################################################################
what           :         AP     AP_50%     AP_25%     Recall   Precision    F1-Score
################################################################################################
fallentree     :      0.000      0.000      0.035      0.000       0.000       0.000
------------------------------------------------------------------------------------------------
average        :      0.000      0.000      0.035      0.000       0.000       0.000
################################################################################################
################################################################################################
Epoch 832 validation (2026-09-01T10:23:17)
Object metrics @ IoU=0.50, score>=0.50
################################################################################################
what           :         AP     AP_50%     AP_25%     Recall   Precision    F1-Score
################################################################################################
fallentree     :      0.000      0.000      0.035      0.006       0.007       0.007
------------------------------------------------------------------------------------------------
average        :      0.000      0.000      0.035      0.006       0.007       0.007
################################################################################################
################################################################################################
Epoch 833 validation (2026-09-01T10:24:09)
Object metrics @ IoU=0.50, score>=0.50
################################################################################################
what           :         AP     AP_50%     AP_25%     Recall   Precision    F1-Score
################################################################################################
fallentree     :      0.000      0.000      0.041      0.006       0.007       0.007
------------------------------------------------------------------------------------------------
average        :      0.000      0.000      0.041      0.006       0.007       0.007
################################################################################################
################################################################################################
Epoch 834 validation (2026-09-01T10:24:59)
Object metrics @ IoU=0.50, score>=0.50
################################################################################################
what           :         AP     AP_50%     AP_25%     Recall   Precision    F1-Score
################################################################################################
fallentree     :      0.000      0.000      0.045      0.006       0.007       0.007
------------------------------------------------------------------------------------------------
average        :      0.000      0.000      0.045      0.006       0.007       0.007
################################################################################################
################################################################################################
Epoch 835 validation (2026-09-01T10:25:54)
Object metrics @ IoU=0.50, score>=0.50
################################################################################################
what           :         AP     AP_50%     AP_25%     Recall   Precision    F1-Score
################################################################################################
fallentree     :      0.000      0.000      0.036      0.006       0.007       0.007
------------------------------------------------------------------------------------------------
average        :      0.000      0.000      0.036      0.006       0.007       0.007
################################################################################################
################################################################################################
Epoch 836 validation (2026-09-01T10:26:46)
Object metrics @ IoU=0.50, score>=0.50
################################################################################################
what           :         AP     AP_50%     AP_25%     Recall   Precision    F1-Score
################################################################################################
fallentree     :      0.000      0.000      0.033      0.006       0.008       0.007
------------------------------------------------------------------------------------------------
average        :      0.000      0.000      0.033      0.006       0.008       0.007
################################################################################################
################################################################################################
Epoch 837 validation (2026-09-01T10:27:17)
Object metrics @ IoU=0.50, score>=0.50
################################################################################################
what           :         AP     AP_50%     AP_25%     Recall   Precision    F1-Score
################################################################################################
fallentree     :      0.000      0.000      0.040      0.006       0.007       0.007
------------------------------------------------------------------------------------------------
average        :      0.000      0.000      0.040      0.006       0.007       0.007
################################################################################################
################################################################################################
Epoch 838 validation (2026-09-01T10:28:19)
Object metrics @ IoU=0.50, score>=0.50
################################################################################################
what           :         AP     AP_50%     AP_25%     Recall   Precision    F1-Score
################################################################################################
fallentree     :      0.000      0.002      0.040      0.012       0.015       0.013
------------------------------------------------------------------------------------------------
average        :      0.000      0.002      0.040      0.012       0.015       0.013
################################################################################################
################################################################################################
Epoch 839 validation (2026-09-01T10:29:20)
Object metrics @ IoU=0.50, score>=0.50
################################################################################################
what           :         AP     AP_50%     AP_25%     Recall   Precision    F1-Score
################################################################################################
fallentree     :      0.000      0.002      0.044      0.012       0.015       0.013
------------------------------------------------------------------------------------------------
average        :      0.000      0.002      0.044      0.012       0.015       0.013
################################################################################################
################################################################################################
Epoch 840 validation (2026-09-01T10:30:19)
Object metrics @ IoU=0.50, score>=0.50
################################################################################################
what           :         AP     AP_50%     AP_25%     Recall   Precision    F1-Score
################################################################################################
fallentree     :      0.000      0.001      0.036      0.012       0.015       0.013
------------------------------------------------------------------------------------------------
average        :      0.000      0.001      0.036      0.012       0.015       0.013
################################################################################################
################################################################################################
Epoch 841 validation (2026-09-01T10:31:14)
Object metrics @ IoU=0.50, score>=0.50
################################################################################################
what           :         AP     AP_50%     AP_25%     Recall   Precision    F1-Score
################################################################################################
fallentree     :      0.000      0.000      0.045      0.012       0.014       0.013
------------------------------------------------------------------------------------------------
average        :      0.000      0.000      0.045      0.012       0.014       0.013
################################################################################################
################################################################################################
Epoch 842 validation (2026-09-01T10:32:05)
Object metrics @ IoU=0.50, score>=0.50
################################################################################################
what           :         AP     AP_50%     AP_25%     Recall   Precision    F1-Score
################################################################################################
fallentree     :      0.002      0.007      0.023      0.018       0.022       0.020
------------------------------------------------------------------------------------------------
average        :      0.002      0.007      0.023      0.018       0.022       0.020
################################################################################################
################################################################################################
Epoch 843 validation (2026-09-01T10:32:37)
Object metrics @ IoU=0.50, score>=0.50
################################################################################################
what           :         AP     AP_50%     AP_25%     Recall   Precision    F1-Score
################################################################################################
fallentree     :      0.002      0.007      0.036      0.018       0.022       0.020
------------------------------------------------------------------------------------------------
average        :      0.002      0.007      0.036      0.018       0.022       0.020
################################################################################################
################################################################################################
Epoch 844 validation (2026-09-01T10:33:25)
Object metrics @ IoU=0.50, score>=0.50
################################################################################################
what           :         AP     AP_50%     AP_25%     Recall   Precision    F1-Score
################################################################################################
fallentree     :      0.002      0.007      0.036      0.018       0.022       0.020
------------------------------------------------------------------------------------------------
average        :      0.002      0.007      0.036      0.018       0.022       0.020
################################################################################################
################################################################################################
Epoch 845 validation (2026-09-01T10:34:31)
Object metrics @ IoU=0.50, score>=0.50
################################################################################################
what           :         AP     AP_50%     AP_25%     Recall   Precision    F1-Score
################################################################################################
fallentree     :      0.000      0.002      0.030      0.018       0.021       0.019
------------------------------------------------------------------------------------------------
average        :      0.000      0.002      0.030      0.018       0.021       0.019
################################################################################################
################################################################################################
Epoch 846 validation (2026-09-01T10:35:18)
Object metrics @ IoU=0.50, score>=0.50
################################################################################################
what           :         AP     AP_50%     AP_25%     Recall   Precision    F1-Score
################################################################################################
fallentree     :      0.001      0.007      0.040      0.024       0.029       0.026
------------------------------------------------------------------------------------------------
average        :      0.001      0.007      0.040      0.024       0.029       0.026
################################################################################################
################################################################################################
Epoch 847 validation (2026-09-01T10:36:11)
Object metrics @ IoU=0.50, score>=0.50
################################################################################################
what           :         AP     AP_50%     AP_25%     Recall   Precision    F1-Score
################################################################################################
fallentree     :      0.000      0.002      0.026      0.018       0.020       0.019
------------------------------------------------------------------------------------------------
average        :      0.000      0.002      0.026      0.018       0.020       0.019
################################################################################################
################################################################################################
Epoch 848 validation (2026-09-01T10:37:13)
Object metrics @ IoU=0.50, score>=0.50
################################################################################################
what           :         AP     AP_50%     AP_25%     Recall   Precision    F1-Score
################################################################################################
fallentree     :      0.000      0.001      0.033      0.018       0.021       0.019
------------------------------------------------------------------------------------------------
average        :      0.000      0.001      0.033      0.018       0.021       0.019
################################################################################################
################################################################################################
Epoch 849 validation (2026-09-01T10:38:16)
Object metrics @ IoU=0.50, score>=0.50
################################################################################################
what           :         AP     AP_50%     AP_25%     Recall   Precision    F1-Score
################################################################################################
fallentree     :      0.000      0.000      0.038      0.012       0.017       0.014
------------------------------------------------------------------------------------------------
average        :      0.000      0.000      0.038      0.012       0.017       0.014
################################################################################################
################################################################################################
Epoch 850 validation (2026-09-01T10:39:10)
Object metrics @ IoU=0.50, score>=0.50
################################################################################################
what           :         AP     AP_50%     AP_25%     Recall   Precision    F1-Score
################################################################################################
fallentree     :      0.000      0.002      0.042      0.012       0.018       0.014
------------------------------------------------------------------------------------------------
average        :      0.000      0.002      0.042      0.012       0.018       0.014
################################################################################################
################################################################################################
Epoch 851 validation (2026-09-01T10:40:00)
Object metrics @ IoU=0.50, score>=0.50
################################################################################################
what           :         AP     AP_50%     AP_25%     Recall   Precision    F1-Score
################################################################################################
fallentree     :      0.001      0.005      0.043      0.018       0.027       0.022
------------------------------------------------------------------------------------------------
average        :      0.001      0.005      0.043      0.018       0.027       0.022
################################################################################################
################################################################################################
Epoch 852 validation (2026-09-01T10:41:01)
Object metrics @ IoU=0.50, score>=0.50
################################################################################################
what           :         AP     AP_50%     AP_25%     Recall   Precision    F1-Score
################################################################################################
fallentree     :      0.001      0.002      0.051      0.018       0.026       0.021
------------------------------------------------------------------------------------------------
average        :      0.001      0.002      0.051      0.018       0.026       0.021
################################################################################################
################################################################################################
Epoch 853 validation (2026-09-01T10:41:51)
Object metrics @ IoU=0.50, score>=0.50
################################################################################################
what           :         AP     AP_50%     AP_25%     Recall   Precision    F1-Score
################################################################################################
fallentree     :      0.001      0.002      0.056      0.018       0.026       0.021
------------------------------------------------------------------------------------------------
average        :      0.001      0.002      0.056      0.018       0.026       0.021
################################################################################################
################################################################################################
Epoch 854 validation (2026-09-01T10:42:41)
Object metrics @ IoU=0.50, score>=0.50
################################################################################################
what           :         AP     AP_50%     AP_25%     Recall   Precision    F1-Score
################################################################################################
fallentree     :      0.001      0.003      0.035      0.024       0.036       0.029
------------------------------------------------------------------------------------------------
average        :      0.001      0.003      0.035      0.024       0.036       0.029
################################################################################################
################################################################################################
Epoch 855 validation (2026-09-01T10:43:29)
Object metrics @ IoU=0.50, score>=0.50
################################################################################################
what           :         AP     AP_50%     AP_25%     Recall   Precision    F1-Score
################################################################################################
fallentree     :      0.000      0.001      0.040      0.018       0.025       0.021
------------------------------------------------------------------------------------------------
average        :      0.000      0.001      0.040      0.018       0.025       0.021
################################################################################################
################################################################################################
Epoch 856 validation (2026-09-01T10:44:02)
Object metrics @ IoU=0.50, score>=0.50
################################################################################################
what           :         AP     AP_50%     AP_25%     Recall   Precision    F1-Score
################################################################################################
fallentree     :      0.000      0.001      0.047      0.018       0.026       0.021
------------------------------------------------------------------------------------------------
average        :      0.000      0.001      0.047      0.018       0.026       0.021
################################################################################################
################################################################################################
Epoch 857 validation (2026-09-01T10:44:55)
Object metrics @ IoU=0.50, score>=0.50
################################################################################################
what           :         AP     AP_50%     AP_25%     Recall   Precision    F1-Score
################################################################################################
fallentree     :      0.001      0.006      0.022      0.012       0.014       0.013
------------------------------------------------------------------------------------------------
average        :      0.001      0.006      0.022      0.012       0.014       0.013
################################################################################################
################################################################################################
Epoch 858 validation (2026-09-01T10:45:44)
Object metrics @ IoU=0.50, score>=0.50
################################################################################################
what           :         AP     AP_50%     AP_25%     Recall   Precision    F1-Score
################################################################################################
fallentree     :      0.001      0.006      0.025      0.012       0.015       0.013
------------------------------------------------------------------------------------------------
average        :      0.001      0.006      0.025      0.012       0.015       0.013
################################################################################################
################################################################################################
Epoch 859 validation (2026-09-01T10:46:32)
Object metrics @ IoU=0.50, score>=0.50
################################################################################################
what           :         AP     AP_50%     AP_25%     Recall   Precision    F1-Score
################################################################################################
fallentree     :      0.002      0.007      0.028      0.024       0.032       0.027
------------------------------------------------------------------------------------------------
average        :      0.002      0.007      0.028      0.024       0.032       0.027
################################################################################################
################################################################################################
Epoch 860 validation (2026-09-01T10:47:23)
Object metrics @ IoU=0.50, score>=0.50
################################################################################################
what           :         AP     AP_50%     AP_25%     Recall   Precision    F1-Score
################################################################################################
fallentree     :      0.000      0.002      0.026      0.018       0.022       0.020
------------------------------------------------------------------------------------------------
average        :      0.000      0.002      0.026      0.018       0.022       0.020
################################################################################################
################################################################################################
Epoch 861 validation (2026-09-01T10:48:12)
Object metrics @ IoU=0.50, score>=0.50
################################################################################################
what           :         AP     AP_50%     AP_25%     Recall   Precision    F1-Score
################################################################################################
fallentree     :      0.000      0.001      0.035      0.018       0.021       0.020
------------------------------------------------------------------------------------------------
average        :      0.000      0.001      0.035      0.018       0.021       0.020
################################################################################################
################################################################################################
Epoch 862 validation (2026-09-01T10:49:00)
Object metrics @ IoU=0.50, score>=0.50
################################################################################################
what           :         AP     AP_50%     AP_25%     Recall   Precision    F1-Score
################################################################################################
fallentree     :      0.002      0.007      0.036      0.018       0.024       0.020
------------------------------------------------------------------------------------------------
average        :      0.002      0.007      0.036      0.018       0.024       0.020
################################################################################################
################################################################################################
Epoch 863 validation (2026-09-01T10:49:48)
Object metrics @ IoU=0.50, score>=0.50
################################################################################################
what           :         AP     AP_50%     AP_25%     Recall   Precision    F1-Score
################################################################################################
fallentree     :      0.000      0.000      0.036      0.006       0.008       0.007
------------------------------------------------------------------------------------------------
average        :      0.000      0.000      0.036      0.006       0.008       0.007
################################################################################################
################################################################################################
Epoch 864 validation (2026-09-01T10:50:51)
Object metrics @ IoU=0.50, score>=0.50
################################################################################################
what           :         AP     AP_50%     AP_25%     Recall   Precision    F1-Score
################################################################################################
fallentree     :      0.001      0.006      0.035      0.012       0.015       0.013
------------------------------------------------------------------------------------------------
average        :      0.001      0.006      0.035      0.012       0.015       0.013
################################################################################################
################################################################################################
Epoch 865 validation (2026-09-01T10:51:41)
Object metrics @ IoU=0.50, score>=0.50
################################################################################################
what           :         AP     AP_50%     AP_25%     Recall   Precision    F1-Score
################################################################################################
fallentree     :      0.000      0.002      0.038      0.012       0.015       0.013
------------------------------------------------------------------------------------------------
average        :      0.000      0.002      0.038      0.012       0.015       0.013
################################################################################################
################################################################################################
Epoch 866 validation (2026-09-01T10:52:36)
Object metrics @ IoU=0.50, score>=0.50
################################################################################################
what           :         AP     AP_50%     AP_25%     Recall   Precision    F1-Score
################################################################################################
fallentree     :      0.002      0.007      0.030      0.018       0.022       0.020
------------------------------------------------------------------------------------------------
average        :      0.002      0.007      0.030      0.018       0.022       0.020
################################################################################################
################################################################################################
Epoch 867 validation (2026-09-01T10:53:29)
Object metrics @ IoU=0.50, score>=0.50
################################################################################################
what           :         AP     AP_50%     AP_25%     Recall   Precision    F1-Score
################################################################################################
fallentree     :      0.001      0.003      0.033      0.018       0.023       0.020
------------------------------------------------------------------------------------------------
average        :      0.001      0.003      0.033      0.018       0.023       0.020
################################################################################################
################################################################################################
Epoch 868 validation (2026-09-01T10:54:37)
Object metrics @ IoU=0.50, score>=0.50
################################################################################################
what           :         AP     AP_50%     AP_25%     Recall   Precision    F1-Score
################################################################################################
fallentree     :      0.001      0.004      0.035      0.018       0.023       0.020
------------------------------------------------------------------------------------------------
average        :      0.001      0.004      0.035      0.018       0.023       0.020
################################################################################################
################################################################################################
Epoch 869 validation (2026-09-01T10:55:43)
Object metrics @ IoU=0.50, score>=0.50
################################################################################################
what           :         AP     AP_50%     AP_25%     Recall   Precision    F1-Score
################################################################################################
fallentree     :      0.001      0.004      0.025      0.018       0.022       0.020
------------------------------------------------------------------------------------------------
average        :      0.001      0.004      0.025      0.018       0.022       0.020
################################################################################################
################################################################################################
Epoch 870 validation (2026-09-01T10:56:33)
Object metrics @ IoU=0.50, score>=0.50
################################################################################################
what           :         AP     AP_50%     AP_25%     Recall   Precision    F1-Score
################################################################################################
fallentree     :      0.001      0.006      0.021      0.012       0.015       0.013
------------------------------------------------------------------------------------------------
average        :      0.001      0.006      0.021      0.012       0.015       0.013
################################################################################################
################################################################################################
Epoch 871 validation (2026-09-01T10:57:35)
Object metrics @ IoU=0.50, score>=0.50
################################################################################################
what           :         AP     AP_50%     AP_25%     Recall   Precision    F1-Score
################################################################################################
fallentree     :      0.001      0.006      0.019      0.012       0.015       0.013
------------------------------------------------------------------------------------------------
average        :      0.001      0.006      0.019      0.012       0.015       0.013
################################################################################################
################################################################################################
Epoch 872 validation (2026-09-01T10:58:41)
Object metrics @ IoU=0.50, score>=0.50
################################################################################################
what           :         AP     AP_50%     AP_25%     Recall   Precision    F1-Score
################################################################################################
fallentree     :      0.001      0.006      0.018      0.012       0.015       0.013
------------------------------------------------------------------------------------------------
average        :      0.001      0.006      0.018      0.012       0.015       0.013
################################################################################################
################################################################################################
Epoch 873 validation (2026-09-01T10:59:26)
Object metrics @ IoU=0.50, score>=0.50
################################################################################################
what           :         AP     AP_50%     AP_25%     Recall   Precision    F1-Score
################################################################################################
fallentree     :      0.000      0.001      0.021      0.012       0.015       0.013
------------------------------------------------------------------------------------------------
average        :      0.000      0.001      0.021      0.012       0.015       0.013
################################################################################################
################################################################################################
Epoch 874 validation (2026-09-01T11:00:29)
Object metrics @ IoU=0.50, score>=0.50
################################################################################################
what           :         AP     AP_50%     AP_25%     Recall   Precision    F1-Score
################################################################################################
fallentree     :      0.001      0.007      0.017      0.018       0.023       0.020
------------------------------------------------------------------------------------------------
average        :      0.001      0.007      0.017      0.018       0.023       0.020
################################################################################################
################################################################################################
Epoch 875 validation (2026-09-01T11:01:22)
Object metrics @ IoU=0.50, score>=0.50
################################################################################################
what           :         AP     AP_50%     AP_25%     Recall   Precision    F1-Score
################################################################################################
fallentree     :      0.001      0.006      0.022      0.018       0.023       0.020
------------------------------------------------------------------------------------------------
average        :      0.001      0.006      0.022      0.018       0.023       0.020
################################################################################################
################################################################################################
Epoch 876 validation (2026-09-01T11:02:10)
Object metrics @ IoU=0.50, score>=0.50
################################################################################################
what           :         AP     AP_50%     AP_25%     Recall   Precision    F1-Score
################################################################################################
fallentree     :      0.000      0.002      0.015      0.018       0.023       0.020
------------------------------------------------------------------------------------------------
average        :      0.000      0.002      0.015      0.018       0.023       0.020
################################################################################################
################################################################################################
Epoch 877 validation (2026-09-01T11:02:56)
Object metrics @ IoU=0.50, score>=0.50
################################################################################################
what           :         AP     AP_50%     AP_25%     Recall   Precision    F1-Score
################################################################################################
fallentree     :      0.001      0.006      0.023      0.012       0.016       0.014
------------------------------------------------------------------------------------------------
average        :      0.001      0.006      0.023      0.012       0.016       0.014
################################################################################################
################################################################################################
Epoch 878 validation (2026-09-01T11:03:33)
Object metrics @ IoU=0.50, score>=0.50
################################################################################################
what           :         AP     AP_50%     AP_25%     Recall   Precision    F1-Score
################################################################################################
fallentree     :      0.001      0.007      0.025      0.018       0.024       0.021
------------------------------------------------------------------------------------------------
average        :      0.001      0.007      0.025      0.018       0.024       0.021
################################################################################################
################################################################################################
Epoch 879 validation (2026-09-01T11:04:36)
Object metrics @ IoU=0.50, score>=0.50
################################################################################################
what           :         AP     AP_50%     AP_25%     Recall   Precision    F1-Score
################################################################################################
fallentree     :      0.001      0.007      0.030      0.018       0.024       0.021
------------------------------------------------------------------------------------------------
average        :      0.001      0.007      0.030      0.018       0.024       0.021
################################################################################################
################################################################################################
Epoch 880 validation (2026-09-01T11:05:39)
Object metrics @ IoU=0.50, score>=0.50
################################################################################################
what           :         AP     AP_50%     AP_25%     Recall   Precision    F1-Score
################################################################################################
fallentree     :      0.002      0.007      0.031      0.018       0.025       0.021
------------------------------------------------------------------------------------------------
average        :      0.002      0.007      0.031      0.018       0.025       0.021
################################################################################################
################################################################################################
Epoch 881 validation (2026-09-01T11:06:27)
Object metrics @ IoU=0.50, score>=0.50
################################################################################################
what           :         AP     AP_50%     AP_25%     Recall   Precision    F1-Score
################################################################################################
fallentree     :      0.001      0.003      0.027      0.018       0.025       0.021
------------------------------------------------------------------------------------------------
average        :      0.001      0.003      0.027      0.018       0.025       0.021
################################################################################################
################################################################################################
Epoch 882 validation (2026-09-01T11:07:34)
Object metrics @ IoU=0.50, score>=0.50
################################################################################################
what           :         AP     AP_50%     AP_25%     Recall   Precision    F1-Score
################################################################################################
fallentree     :      0.001      0.003      0.023      0.018       0.027       0.022
------------------------------------------------------------------------------------------------
average        :      0.001      0.003      0.023      0.018       0.027       0.022
################################################################################################
################################################################################################
Epoch 883 validation (2026-09-01T11:08:41)
Object metrics @ IoU=0.50, score>=0.50
################################################################################################
what           :         AP     AP_50%     AP_25%     Recall   Precision    F1-Score
################################################################################################
fallentree     :      0.001      0.007      0.029      0.012       0.018       0.014
------------------------------------------------------------------------------------------------
average        :      0.001      0.007      0.029      0.012       0.018       0.014
################################################################################################
################################################################################################
Epoch 884 validation (2026-09-01T11:09:47)
Object metrics @ IoU=0.50, score>=0.50
################################################################################################
what           :         AP     AP_50%     AP_25%     Recall   Precision    F1-Score
################################################################################################
fallentree     :      0.001      0.007      0.024      0.012       0.016       0.014
------------------------------------------------------------------------------------------------
average        :      0.001      0.007      0.024      0.012       0.016       0.014
################################################################################################
################################################################################################
Epoch 885 validation (2026-09-01T11:10:48)
Object metrics @ IoU=0.50, score>=0.50
################################################################################################
what           :         AP     AP_50%     AP_25%     Recall   Precision    F1-Score
################################################################################################
fallentree     :      0.000      0.003      0.035      0.018       0.023       0.020
------------------------------------------------------------------------------------------------
average        :      0.000      0.003      0.035      0.018       0.023       0.020
################################################################################################
################################################################################################
Epoch 886 validation (2026-09-01T11:11:43)
Object metrics @ IoU=0.50, score>=0.50
################################################################################################
what           :         AP     AP_50%     AP_25%     Recall   Precision    F1-Score
################################################################################################
fallentree     :      0.001      0.004      0.033      0.012       0.016       0.014
------------------------------------------------------------------------------------------------
average        :      0.001      0.004      0.033      0.012       0.016       0.014
################################################################################################
################################################################################################
Epoch 887 validation (2026-09-01T11:12:31)
Object metrics @ IoU=0.50, score>=0.50
################################################################################################
what           :         AP     AP_50%     AP_25%     Recall   Precision    F1-Score
################################################################################################
fallentree     :      0.000      0.001      0.029      0.018       0.023       0.020
------------------------------------------------------------------------------------------------
average        :      0.000      0.001      0.029      0.018       0.023       0.020
################################################################################################
################################################################################################
Epoch 888 validation (2026-09-01T11:13:16)
Object metrics @ IoU=0.50, score>=0.50
################################################################################################
what           :         AP     AP_50%     AP_25%     Recall   Precision    F1-Score
################################################################################################
fallentree     :      0.000      0.001      0.031      0.012       0.016       0.014
------------------------------------------------------------------------------------------------
average        :      0.000      0.001      0.031      0.012       0.016       0.014
################################################################################################
################################################################################################
Epoch 889 validation (2026-09-01T11:14:08)
Object metrics @ IoU=0.50, score>=0.50
################################################################################################
what           :         AP     AP_50%     AP_25%     Recall   Precision    F1-Score
################################################################################################
fallentree     :      0.000      0.003      0.035      0.018       0.024       0.021
------------------------------------------------------------------------------------------------
average        :      0.000      0.003      0.035      0.018       0.024       0.021
################################################################################################
################################################################################################
Epoch 890 validation (2026-09-01T11:15:15)
Object metrics @ IoU=0.50, score>=0.50
################################################################################################
what           :         AP     AP_50%     AP_25%     Recall   Precision    F1-Score
################################################################################################
fallentree     :      0.000      0.001      0.026      0.012       0.016       0.014
------------------------------------------------------------------------------------------------
average        :      0.000      0.001      0.026      0.012       0.016       0.014
################################################################################################
################################################################################################
Epoch 891 validation (2026-09-01T11:15:59)
Object metrics @ IoU=0.50, score>=0.50
################################################################################################
what           :         AP     AP_50%     AP_25%     Recall   Precision    F1-Score
################################################################################################
fallentree     :      0.001      0.004      0.030      0.018       0.025       0.021
------------------------------------------------------------------------------------------------
average        :      0.001      0.004      0.030      0.018       0.025       0.021
################################################################################################
################################################################################################
Epoch 892 validation (2026-09-01T11:16:41)
Object metrics @ IoU=0.50, score>=0.50
################################################################################################
what           :         AP     AP_50%     AP_25%     Recall   Precision    F1-Score
################################################################################################
fallentree     :      0.000      0.001      0.029      0.012       0.016       0.014
------------------------------------------------------------------------------------------------
average        :      0.000      0.001      0.029      0.012       0.016       0.014
################################################################################################
################################################################################################
Epoch 893 validation (2026-09-01T11:17:29)
Object metrics @ IoU=0.50, score>=0.50
################################################################################################
what           :         AP     AP_50%     AP_25%     Recall   Precision    F1-Score
################################################################################################
fallentree     :      0.000      0.002      0.027      0.018       0.024       0.021
------------------------------------------------------------------------------------------------
average        :      0.000      0.002      0.027      0.018       0.024       0.021
################################################################################################
################################################################################################
Epoch 894 validation (2026-09-01T11:18:23)
Object metrics @ IoU=0.50, score>=0.50
################################################################################################
what           :         AP     AP_50%     AP_25%     Recall   Precision    F1-Score
################################################################################################
fallentree     :      0.001      0.007      0.032      0.018       0.024       0.021
------------------------------------------------------------------------------------------------
average        :      0.001      0.007      0.032      0.018       0.024       0.021
################################################################################################
################################################################################################
Epoch 895 validation (2026-09-01T11:19:28)
Object metrics @ IoU=0.50, score>=0.50
################################################################################################
what           :         AP     AP_50%     AP_25%     Recall   Precision    F1-Score
################################################################################################
fallentree     :      0.001      0.002      0.027      0.012       0.016       0.014
------------------------------------------------------------------------------------------------
average        :      0.001      0.002      0.027      0.012       0.016       0.014
################################################################################################
################################################################################################
Epoch 896 validation (2026-09-01T11:20:29)
Object metrics @ IoU=0.50, score>=0.50
################################################################################################
what           :         AP     AP_50%     AP_25%     Recall   Precision    F1-Score
################################################################################################
fallentree     :      0.001      0.005      0.043      0.018       0.026       0.021
------------------------------------------------------------------------------------------------
average        :      0.001      0.005      0.043      0.018       0.026       0.021
################################################################################################
################################################################################################
Epoch 897 validation (2026-09-01T11:21:31)
Object metrics @ IoU=0.50, score>=0.50
################################################################################################
what           :         AP     AP_50%     AP_25%     Recall   Precision    F1-Score
################################################################################################
fallentree     :      0.001      0.004      0.035      0.012       0.018       0.014
------------------------------------------------------------------------------------------------
average        :      0.001      0.004      0.035      0.012       0.018       0.014
################################################################################################
################################################################################################
Epoch 898 validation (2026-09-01T11:22:20)
Object metrics @ IoU=0.50, score>=0.50
################################################################################################
what           :         AP     AP_50%     AP_25%     Recall   Precision    F1-Score
################################################################################################
fallentree     :      0.001      0.004      0.043      0.018       0.026       0.021
------------------------------------------------------------------------------------------------
average        :      0.001      0.004      0.043      0.018       0.026       0.021
################################################################################################
################################################################################################
Epoch 899 validation (2026-09-01T11:23:22)
Object metrics @ IoU=0.50, score>=0.50
################################################################################################
what           :         AP     AP_50%     AP_25%     Recall   Precision    F1-Score
################################################################################################
fallentree     :      0.001      0.003      0.037      0.018       0.026       0.021
------------------------------------------------------------------------------------------------
average        :      0.001      0.003      0.037      0.018       0.026       0.021
################################################################################################
################################################################################################
Epoch 900 validation (2026-09-01T11:24:30)
Object metrics @ IoU=0.50, score>=0.50
################################################################################################
what           :         AP     AP_50%     AP_25%     Recall   Precision    F1-Score
################################################################################################
fallentree     :      0.001      0.003      0.037      0.018       0.025       0.021
------------------------------------------------------------------------------------------------
average        :      0.001      0.003      0.037      0.018       0.025       0.021
################################################################################################
################################################################################################
Epoch 901 validation (2026-09-01T11:25:22)
Object metrics @ IoU=0.50, score>=0.50
################################################################################################
what           :         AP     AP_50%     AP_25%     Recall   Precision    F1-Score
################################################################################################
fallentree     :      0.001      0.004      0.040      0.018       0.026       0.021
------------------------------------------------------------------------------------------------
average        :      0.001      0.004      0.040      0.018       0.026       0.021
################################################################################################
################################################################################################
Epoch 902 validation (2026-09-01T11:26:10)
Object metrics @ IoU=0.50, score>=0.50
################################################################################################
what           :         AP     AP_50%     AP_25%     Recall   Precision    F1-Score
################################################################################################
fallentree     :      0.001      0.004      0.037      0.018       0.027       0.021
------------------------------------------------------------------------------------------------
average        :      0.001      0.004      0.037      0.018       0.027       0.021
################################################################################################
################################################################################################
Epoch 903 validation (2026-09-01T11:27:06)
Object metrics @ IoU=0.50, score>=0.50
################################################################################################
what           :         AP     AP_50%     AP_25%     Recall   Precision    F1-Score
################################################################################################
fallentree     :      0.001      0.005      0.042      0.018       0.026       0.021
------------------------------------------------------------------------------------------------
average        :      0.001      0.005      0.042      0.018       0.026       0.021
################################################################################################
################################################################################################
Epoch 904 validation (2026-09-01T11:28:00)
Object metrics @ IoU=0.50, score>=0.50
################################################################################################
what           :         AP     AP_50%     AP_25%     Recall   Precision    F1-Score
################################################################################################
fallentree     :      0.001      0.005      0.049      0.018       0.025       0.021
------------------------------------------------------------------------------------------------
average        :      0.001      0.005      0.049      0.018       0.025       0.021
################################################################################################
################################################################################################
Epoch 905 validation (2026-09-01T11:29:09)
Object metrics @ IoU=0.50, score>=0.50
################################################################################################
what           :         AP     AP_50%     AP_25%     Recall   Precision    F1-Score
################################################################################################
fallentree     :      0.001      0.008      0.041      0.018       0.025       0.021
------------------------------------------------------------------------------------------------
average        :      0.001      0.008      0.041      0.018       0.025       0.021
################################################################################################
################################################################################################
Epoch 906 validation (2026-09-01T11:30:20)
Object metrics @ IoU=0.50, score>=0.50
################################################################################################
what           :         AP     AP_50%     AP_25%     Recall   Precision    F1-Score
################################################################################################
fallentree     :      0.000      0.001      0.030      0.012       0.016       0.014
------------------------------------------------------------------------------------------------
average        :      0.000      0.001      0.030      0.012       0.016       0.014
################################################################################################
################################################################################################
Epoch 907 validation (2026-09-01T11:31:10)
Object metrics @ IoU=0.50, score>=0.50
################################################################################################
what           :         AP     AP_50%     AP_25%     Recall   Precision    F1-Score
################################################################################################
fallentree     :      0.002      0.008      0.036      0.018       0.025       0.021
------------------------------------------------------------------------------------------------
average        :      0.002      0.008      0.036      0.018       0.025       0.021
################################################################################################
################################################################################################
Epoch 908 validation (2026-09-01T11:31:56)
Object metrics @ IoU=0.50, score>=0.50
################################################################################################
what           :         AP     AP_50%     AP_25%     Recall   Precision    F1-Score
################################################################################################
fallentree     :      0.000      0.002      0.035      0.018       0.024       0.020
------------------------------------------------------------------------------------------------
average        :      0.000      0.002      0.035      0.018       0.024       0.020
################################################################################################
################################################################################################
Epoch 909 validation (2026-09-01T11:32:58)
Object metrics @ IoU=0.50, score>=0.50
################################################################################################
what           :         AP     AP_50%     AP_25%     Recall   Precision    F1-Score
################################################################################################
fallentree     :      0.000      0.000      0.037      0.012       0.016       0.014
------------------------------------------------------------------------------------------------
average        :      0.000      0.000      0.037      0.012       0.016       0.014
################################################################################################
################################################################################################
Epoch 910 validation (2026-09-01T11:33:59)
Object metrics @ IoU=0.50, score>=0.50
################################################################################################
what           :         AP     AP_50%     AP_25%     Recall   Precision    F1-Score
################################################################################################
fallentree     :      0.000      0.000      0.029      0.012       0.017       0.014
------------------------------------------------------------------------------------------------
average        :      0.000      0.000      0.029      0.012       0.017       0.014
################################################################################################
################################################################################################
Epoch 911 validation (2026-09-01T11:34:53)
Object metrics @ IoU=0.50, score>=0.50
################################################################################################
what           :         AP     AP_50%     AP_25%     Recall   Precision    F1-Score
################################################################################################
fallentree     :      0.000      0.001      0.028      0.018       0.024       0.021
------------------------------------------------------------------------------------------------
average        :      0.000      0.001      0.028      0.018       0.024       0.021
################################################################################################
################################################################################################
Epoch 912 validation (2026-09-01T11:35:40)
Object metrics @ IoU=0.50, score>=0.50
################################################################################################
what           :         AP     AP_50%     AP_25%     Recall   Precision    F1-Score
################################################################################################
fallentree     :      0.000      0.001      0.031      0.018       0.023       0.020
------------------------------------------------------------------------------------------------
average        :      0.000      0.001      0.031      0.018       0.023       0.020
################################################################################################
################################################################################################
Epoch 913 validation (2026-09-01T11:36:40)
Object metrics @ IoU=0.50, score>=0.50
################################################################################################
what           :         AP     AP_50%     AP_25%     Recall   Precision    F1-Score
################################################################################################
fallentree     :      0.000      0.001      0.030      0.018       0.023       0.020
------------------------------------------------------------------------------------------------
average        :      0.000      0.001      0.030      0.018       0.023       0.020
################################################################################################
################################################################################################
Epoch 914 validation (2026-09-01T11:37:34)
Object metrics @ IoU=0.50, score>=0.50
################################################################################################
what           :         AP     AP_50%     AP_25%     Recall   Precision    F1-Score
################################################################################################
fallentree     :      0.000      0.000      0.024      0.018       0.024       0.020
------------------------------------------------------------------------------------------------
average        :      0.000      0.000      0.024      0.018       0.024       0.020
################################################################################################
################################################################################################
Epoch 915 validation (2026-09-01T11:38:21)
Object metrics @ IoU=0.50, score>=0.50
################################################################################################
what           :         AP     AP_50%     AP_25%     Recall   Precision    F1-Score
################################################################################################
fallentree     :      0.000      0.002      0.047      0.012       0.016       0.014
------------------------------------------------------------------------------------------------
average        :      0.000      0.002      0.047      0.012       0.016       0.014
################################################################################################
################################################################################################
Epoch 916 validation (2026-09-01T11:39:08)
Object metrics @ IoU=0.50, score>=0.50
################################################################################################
what           :         AP     AP_50%     AP_25%     Recall   Precision    F1-Score
################################################################################################
fallentree     :      0.001      0.005      0.044      0.018       0.024       0.020
------------------------------------------------------------------------------------------------
average        :      0.001      0.005      0.044      0.018       0.024       0.020
################################################################################################
################################################################################################
Epoch 917 validation (2026-09-01T11:39:55)
Object metrics @ IoU=0.50, score>=0.50
################################################################################################
what           :         AP     AP_50%     AP_25%     Recall   Precision    F1-Score
################################################################################################
fallentree     :      0.000      0.002      0.035      0.012       0.016       0.014
------------------------------------------------------------------------------------------------
average        :      0.000      0.002      0.035      0.012       0.016       0.014
################################################################################################
################################################################################################
Epoch 918 validation (2026-09-01T11:40:48)
Object metrics @ IoU=0.50, score>=0.50
################################################################################################
what           :         AP     AP_50%     AP_25%     Recall   Precision    F1-Score
################################################################################################
fallentree     :      0.001      0.006      0.033      0.018       0.022       0.020
------------------------------------------------------------------------------------------------
average        :      0.001      0.006      0.033      0.018       0.022       0.020
################################################################################################
################################################################################################
Epoch 919 validation (2026-09-01T11:41:43)
Object metrics @ IoU=0.50, score>=0.50
################################################################################################
what           :         AP     AP_50%     AP_25%     Recall   Precision    F1-Score
################################################################################################
fallentree     :      0.000      0.000      0.026      0.012       0.015       0.013
------------------------------------------------------------------------------------------------
average        :      0.000      0.000      0.026      0.012       0.015       0.013
################################################################################################
################################################################################################
Epoch 920 validation (2026-09-01T11:42:45)
Object metrics @ IoU=0.50, score>=0.50
################################################################################################
what           :         AP     AP_50%     AP_25%     Recall   Precision    F1-Score
################################################################################################
fallentree     :      0.000      0.000      0.023      0.012       0.015       0.013
------------------------------------------------------------------------------------------------
average        :      0.000      0.000      0.023      0.012       0.015       0.013
################################################################################################
################################################################################################
Epoch 921 validation (2026-09-01T11:43:46)
Object metrics @ IoU=0.50, score>=0.50
################################################################################################
what           :         AP     AP_50%     AP_25%     Recall   Precision    F1-Score
################################################################################################
fallentree     :      0.000      0.001      0.028      0.018       0.022       0.020
------------------------------------------------------------------------------------------------
average        :      0.000      0.001      0.028      0.018       0.022       0.020
################################################################################################
################################################################################################
Epoch 922 validation (2026-09-01T11:44:39)
Object metrics @ IoU=0.50, score>=0.50
################################################################################################
what           :         AP     AP_50%     AP_25%     Recall   Precision    F1-Score
################################################################################################
fallentree     :      0.000      0.000      0.027      0.012       0.015       0.013
------------------------------------------------------------------------------------------------
average        :      0.000      0.000      0.027      0.012       0.015       0.013
################################################################################################
################################################################################################
Epoch 923 validation (2026-09-01T11:45:30)
Object metrics @ IoU=0.50, score>=0.50
################################################################################################
what           :         AP     AP_50%     AP_25%     Recall   Precision    F1-Score
################################################################################################
fallentree     :      0.000      0.002      0.033      0.012       0.014       0.013
------------------------------------------------------------------------------------------------
average        :      0.000      0.002      0.033      0.012       0.014       0.013
################################################################################################
################################################################################################
Epoch 924 validation (2026-09-01T11:46:33)
Object metrics @ IoU=0.50, score>=0.50
################################################################################################
what           :         AP     AP_50%     AP_25%     Recall   Precision    F1-Score
################################################################################################
fallentree     :      0.000      0.000      0.024      0.012       0.015       0.013
------------------------------------------------------------------------------------------------
average        :      0.000      0.000      0.024      0.012       0.015       0.013
################################################################################################
################################################################################################
Epoch 925 validation (2026-09-01T11:47:20)
Object metrics @ IoU=0.50, score>=0.50
################################################################################################
what           :         AP     AP_50%     AP_25%     Recall   Precision    F1-Score
################################################################################################
fallentree     :      0.001      0.006      0.036      0.018       0.022       0.020
------------------------------------------------------------------------------------------------
average        :      0.001      0.006      0.036      0.018       0.022       0.020
################################################################################################
################################################################################################
Epoch 926 validation (2026-09-01T11:48:08)
Object metrics @ IoU=0.50, score>=0.50
################################################################################################
what           :         AP     AP_50%     AP_25%     Recall   Precision    F1-Score
################################################################################################
fallentree     :      0.000      0.002      0.032      0.012       0.015       0.013
------------------------------------------------------------------------------------------------
average        :      0.000      0.002      0.032      0.012       0.015       0.013
################################################################################################
################################################################################################
Epoch 927 validation (2026-09-01T11:49:15)
Object metrics @ IoU=0.50, score>=0.50
################################################################################################
what           :         AP     AP_50%     AP_25%     Recall   Precision    F1-Score
################################################################################################
fallentree     :      0.000      0.002      0.035      0.012       0.014       0.013
------------------------------------------------------------------------------------------------
average        :      0.000      0.002      0.035      0.012       0.014       0.013
################################################################################################
################################################################################################
Epoch 928 validation (2026-09-01T11:50:09)
Object metrics @ IoU=0.50, score>=0.50
################################################################################################
what           :         AP     AP_50%     AP_25%     Recall   Precision    F1-Score
################################################################################################
fallentree     :      0.000      0.002      0.034      0.012       0.014       0.013
------------------------------------------------------------------------------------------------
average        :      0.000      0.002      0.034      0.012       0.014       0.013
################################################################################################
################################################################################################
Epoch 929 validation (2026-09-01T11:51:03)
Object metrics @ IoU=0.50, score>=0.50
################################################################################################
what           :         AP     AP_50%     AP_25%     Recall   Precision    F1-Score
################################################################################################
fallentree     :      0.000      0.000      0.024      0.006       0.007       0.007
------------------------------------------------------------------------------------------------
average        :      0.000      0.000      0.024      0.006       0.007       0.007
################################################################################################
################################################################################################
Epoch 930 validation (2026-09-01T11:51:57)
Object metrics @ IoU=0.50, score>=0.50
################################################################################################
what           :         AP     AP_50%     AP_25%     Recall   Precision    F1-Score
################################################################################################
fallentree     :      0.001      0.002      0.031      0.012       0.014       0.013
------------------------------------------------------------------------------------------------
average        :      0.001      0.002      0.031      0.012       0.014       0.013
################################################################################################
################################################################################################
Epoch 931 validation (2026-09-01T11:53:00)
Object metrics @ IoU=0.50, score>=0.50
################################################################################################
what           :         AP     AP_50%     AP_25%     Recall   Precision    F1-Score
################################################################################################
fallentree     :      0.000      0.001      0.037      0.012       0.014       0.013
------------------------------------------------------------------------------------------------
average        :      0.000      0.001      0.037      0.012       0.014       0.013
################################################################################################
################################################################################################
Epoch 932 validation (2026-09-01T11:54:02)
Object metrics @ IoU=0.50, score>=0.50
################################################################################################
what           :         AP     AP_50%     AP_25%     Recall   Precision    F1-Score
################################################################################################
fallentree     :      0.001      0.002      0.026      0.018       0.022       0.020
------------------------------------------------------------------------------------------------
average        :      0.001      0.002      0.026      0.018       0.022       0.020
################################################################################################
################################################################################################
Epoch 933 validation (2026-09-01T11:54:56)
Object metrics @ IoU=0.50, score>=0.50
################################################################################################
what           :         AP     AP_50%     AP_25%     Recall   Precision    F1-Score
################################################################################################
fallentree     :      0.000      0.001      0.026      0.012       0.015       0.013
------------------------------------------------------------------------------------------------
average        :      0.000      0.001      0.026      0.012       0.015       0.013
################################################################################################
################################################################################################
Epoch 934 validation (2026-09-01T11:55:59)
Object metrics @ IoU=0.50, score>=0.50
################################################################################################
what           :         AP     AP_50%     AP_25%     Recall   Precision    F1-Score
################################################################################################
fallentree     :      0.000      0.000      0.025      0.012       0.014       0.013
------------------------------------------------------------------------------------------------
average        :      0.000      0.000      0.025      0.012       0.014       0.013
################################################################################################
################################################################################################
Epoch 935 validation (2026-09-01T11:56:50)
Object metrics @ IoU=0.50, score>=0.50
################################################################################################
what           :         AP     AP_50%     AP_25%     Recall   Precision    F1-Score
################################################################################################
fallentree     :      0.000      0.000      0.024      0.012       0.016       0.014
------------------------------------------------------------------------------------------------
average        :      0.000      0.000      0.024      0.012       0.016       0.014
################################################################################################
################################################################################################
Epoch 936 validation (2026-09-01T11:57:57)
Object metrics @ IoU=0.50, score>=0.50
################################################################################################
what           :         AP     AP_50%     AP_25%     Recall   Precision    F1-Score
################################################################################################
fallentree     :      0.000      0.001      0.028      0.012       0.015       0.013
------------------------------------------------------------------------------------------------
average        :      0.000      0.001      0.028      0.012       0.015       0.013
################################################################################################
################################################################################################
Epoch 937 validation (2026-09-01T11:58:51)
Object metrics @ IoU=0.50, score>=0.50
################################################################################################
what           :         AP     AP_50%     AP_25%     Recall   Precision    F1-Score
################################################################################################
fallentree     :      0.000      0.000      0.025      0.012       0.015       0.013
------------------------------------------------------------------------------------------------
average        :      0.000      0.000      0.025      0.012       0.015       0.013
################################################################################################
################################################################################################
Epoch 938 validation (2026-09-01T11:59:53)
Object metrics @ IoU=0.50, score>=0.50
################################################################################################
what           :         AP     AP_50%     AP_25%     Recall   Precision    F1-Score
################################################################################################
fallentree     :      0.000      0.000      0.030      0.006       0.008       0.007
------------------------------------------------------------------------------------------------
average        :      0.000      0.000      0.030      0.006       0.008       0.007
################################################################################################
################################################################################################
Epoch 939 validation (2026-09-01T12:01:01)
Object metrics @ IoU=0.50, score>=0.50
################################################################################################
what           :         AP     AP_50%     AP_25%     Recall   Precision    F1-Score
################################################################################################
fallentree     :      0.000      0.000      0.018      0.012       0.016       0.014
------------------------------------------------------------------------------------------------
average        :      0.000      0.000      0.018      0.012       0.016       0.014
################################################################################################
################################################################################################
Epoch 940 validation (2026-09-01T12:01:53)
Object metrics @ IoU=0.50, score>=0.50
################################################################################################
what           :         AP     AP_50%     AP_25%     Recall   Precision    F1-Score
################################################################################################
fallentree     :      0.000      0.000      0.026      0.012       0.015       0.013
------------------------------------------------------------------------------------------------
average        :      0.000      0.000      0.026      0.012       0.015       0.013
################################################################################################
################################################################################################
Epoch 941 validation (2026-09-01T12:03:01)
Object metrics @ IoU=0.50, score>=0.50
################################################################################################
what           :         AP     AP_50%     AP_25%     Recall   Precision    F1-Score
################################################################################################
fallentree     :      0.000      0.000      0.027      0.012       0.015       0.013
------------------------------------------------------------------------------------------------
average        :      0.000      0.000      0.027      0.012       0.015       0.013
################################################################################################
################################################################################################
Epoch 942 validation (2026-09-01T12:03:55)
Object metrics @ IoU=0.50, score>=0.50
################################################################################################
what           :         AP     AP_50%     AP_25%     Recall   Precision    F1-Score
################################################################################################
fallentree     :      0.000      0.001      0.021      0.006       0.008       0.007
------------------------------------------------------------------------------------------------
average        :      0.000      0.001      0.021      0.006       0.008       0.007
################################################################################################
################################################################################################
Epoch 943 validation (2026-09-01T12:04:47)
Object metrics @ IoU=0.50, score>=0.50
################################################################################################
what           :         AP     AP_50%     AP_25%     Recall   Precision    F1-Score
################################################################################################
fallentree     :      0.001      0.006      0.020      0.006       0.008       0.007
------------------------------------------------------------------------------------------------
average        :      0.001      0.006      0.020      0.006       0.008       0.007
################################################################################################
################################################################################################
Epoch 944 validation (2026-09-01T12:05:35)
Object metrics @ IoU=0.50, score>=0.50
################################################################################################
what           :         AP     AP_50%     AP_25%     Recall   Precision    F1-Score
################################################################################################
fallentree     :      0.000      0.000      0.015      0.012       0.015       0.013
------------------------------------------------------------------------------------------------
average        :      0.000      0.000      0.015      0.012       0.015       0.013
################################################################################################
################################################################################################
Epoch 945 validation (2026-09-01T12:06:34)
Object metrics @ IoU=0.50, score>=0.50
################################################################################################
what           :         AP     AP_50%     AP_25%     Recall   Precision    F1-Score
################################################################################################
fallentree     :      0.000      0.000      0.016      0.012       0.016       0.014
------------------------------------------------------------------------------------------------
average        :      0.000      0.000      0.016      0.012       0.016       0.014
################################################################################################
################################################################################################
Epoch 946 validation (2026-09-01T12:07:38)
Object metrics @ IoU=0.50, score>=0.50
################################################################################################
what           :         AP     AP_50%     AP_25%     Recall   Precision    F1-Score
################################################################################################
fallentree     :      0.002      0.006      0.026      0.012       0.015       0.013
------------------------------------------------------------------------------------------------
average        :      0.002      0.006      0.026      0.012       0.015       0.013
################################################################################################
################################################################################################
Epoch 947 validation (2026-09-01T12:08:45)
Object metrics @ IoU=0.50, score>=0.50
################################################################################################
what           :         AP     AP_50%     AP_25%     Recall   Precision    F1-Score
################################################################################################
fallentree     :      0.000      0.000      0.027      0.006       0.008       0.007
------------------------------------------------------------------------------------------------
average        :      0.000      0.000      0.027      0.006       0.008       0.007
################################################################################################
################################################################################################
Epoch 948 validation (2026-09-01T12:09:41)
Object metrics @ IoU=0.50, score>=0.50
################################################################################################
what           :         AP     AP_50%     AP_25%     Recall   Precision    F1-Score
################################################################################################
fallentree     :      0.000      0.000      0.024      0.006       0.008       0.007
------------------------------------------------------------------------------------------------
average        :      0.000      0.000      0.024      0.006       0.008       0.007
################################################################################################
################################################################################################
Epoch 949 validation (2026-09-01T12:10:42)
Object metrics @ IoU=0.50, score>=0.50
################################################################################################
what           :         AP     AP_50%     AP_25%     Recall   Precision    F1-Score
################################################################################################
fallentree     :      0.000      0.001      0.033      0.012       0.015       0.013
------------------------------------------------------------------------------------------------
average        :      0.000      0.001      0.033      0.012       0.015       0.013
################################################################################################
################################################################################################
Epoch 950 validation (2026-09-01T12:11:36)
Object metrics @ IoU=0.50, score>=0.50
################################################################################################
what           :         AP     AP_50%     AP_25%     Recall   Precision    F1-Score
################################################################################################
fallentree     :      0.002      0.006      0.032      0.006       0.008       0.007
------------------------------------------------------------------------------------------------
average        :      0.002      0.006      0.032      0.006       0.008       0.007
################################################################################################
################################################################################################
Epoch 951 validation (2026-09-01T12:12:30)
Object metrics @ IoU=0.50, score>=0.50
################################################################################################
what           :         AP     AP_50%     AP_25%     Recall   Precision    F1-Score
################################################################################################
fallentree     :      0.000      0.001      0.024      0.018       0.024       0.020
------------------------------------------------------------------------------------------------
average        :      0.000      0.001      0.024      0.018       0.024       0.020
################################################################################################
################################################################################################
Epoch 952 validation (2026-09-01T12:13:20)
Object metrics @ IoU=0.50, score>=0.50
################################################################################################
what           :         AP     AP_50%     AP_25%     Recall   Precision    F1-Score
################################################################################################
fallentree     :      0.000      0.000      0.023      0.018       0.024       0.020
------------------------------------------------------------------------------------------------
average        :      0.000      0.000      0.023      0.018       0.024       0.020
################################################################################################
################################################################################################
Epoch 953 validation (2026-09-01T12:14:00)
Object metrics @ IoU=0.50, score>=0.50
################################################################################################
what           :         AP     AP_50%     AP_25%     Recall   Precision    F1-Score
################################################################################################
fallentree     :      0.000      0.000      0.026      0.012       0.015       0.013
------------------------------------------------------------------------------------------------
average        :      0.000      0.000      0.026      0.012       0.015       0.013
################################################################################################
################################################################################################
Epoch 954 validation (2026-09-01T12:14:54)
Object metrics @ IoU=0.50, score>=0.50
################################################################################################
what           :         AP     AP_50%     AP_25%     Recall   Precision    F1-Score
################################################################################################
fallentree     :      0.000      0.000      0.036      0.012       0.015       0.013
------------------------------------------------------------------------------------------------
average        :      0.000      0.000      0.036      0.012       0.015       0.013
################################################################################################
################################################################################################
Epoch 955 validation (2026-09-01T12:15:47)
Object metrics @ IoU=0.50, score>=0.50
################################################################################################
what           :         AP     AP_50%     AP_25%     Recall   Precision    F1-Score
################################################################################################
fallentree     :      0.000      0.000      0.030      0.006       0.008       0.007
------------------------------------------------------------------------------------------------
average        :      0.000      0.000      0.030      0.006       0.008       0.007
################################################################################################
################################################################################################
Epoch 956 validation (2026-09-01T12:16:50)
Object metrics @ IoU=0.50, score>=0.50
################################################################################################
what           :         AP     AP_50%     AP_25%     Recall   Precision    F1-Score
################################################################################################
fallentree     :      0.000      0.001      0.033      0.018       0.023       0.020
------------------------------------------------------------------------------------------------
average        :      0.000      0.001      0.033      0.018       0.023       0.020
################################################################################################
################################################################################################
Epoch 957 validation (2026-09-01T12:17:52)
Object metrics @ IoU=0.50, score>=0.50
################################################################################################
what           :         AP     AP_50%     AP_25%     Recall   Precision    F1-Score
################################################################################################
fallentree     :      0.000      0.001      0.038      0.012       0.015       0.013
------------------------------------------------------------------------------------------------
average        :      0.000      0.001      0.038      0.012       0.015       0.013
################################################################################################
################################################################################################
Epoch 958 validation (2026-09-01T12:18:40)
Object metrics @ IoU=0.50, score>=0.50
################################################################################################
what           :         AP     AP_50%     AP_25%     Recall   Precision    F1-Score
################################################################################################
fallentree     :      0.001      0.002      0.017      0.006       0.008       0.007
------------------------------------------------------------------------------------------------
average        :      0.001      0.002      0.017      0.006       0.008       0.007
################################################################################################
################################################################################################
Epoch 959 validation (2026-09-01T12:19:14)
Object metrics @ IoU=0.50, score>=0.50
################################################################################################
what           :         AP     AP_50%     AP_25%     Recall   Precision    F1-Score
################################################################################################
fallentree     :      0.001      0.006      0.023      0.012       0.015       0.013
------------------------------------------------------------------------------------------------
average        :      0.001      0.006      0.023      0.012       0.015       0.013
################################################################################################
################################################################################################
Epoch 960 validation (2026-09-01T12:20:04)
Object metrics @ IoU=0.50, score>=0.50
################################################################################################
what           :         AP     AP_50%     AP_25%     Recall   Precision    F1-Score
################################################################################################
fallentree     :      0.002      0.006      0.025      0.018       0.023       0.020
------------------------------------------------------------------------------------------------
average        :      0.002      0.006      0.025      0.018       0.023       0.020
################################################################################################
################################################################################################
Epoch 961 validation (2026-09-01T12:20:51)
Object metrics @ IoU=0.50, score>=0.50
################################################################################################
what           :         AP     AP_50%     AP_25%     Recall   Precision    F1-Score
################################################################################################
fallentree     :      0.001      0.002      0.033      0.012       0.016       0.014
------------------------------------------------------------------------------------------------
average        :      0.001      0.002      0.033      0.012       0.016       0.014
################################################################################################
################################################################################################
Epoch 962 validation (2026-09-01T12:21:54)
Object metrics @ IoU=0.50, score>=0.50
################################################################################################
what           :         AP     AP_50%     AP_25%     Recall   Precision    F1-Score
################################################################################################
fallentree     :      0.002      0.006      0.033      0.018       0.022       0.020
------------------------------------------------------------------------------------------------
average        :      0.002      0.006      0.033      0.018       0.022       0.020
################################################################################################
################################################################################################
Epoch 963 validation (2026-09-01T12:23:02)
Object metrics @ IoU=0.50, score>=0.50
################################################################################################
what           :         AP     AP_50%     AP_25%     Recall   Precision    F1-Score
################################################################################################
fallentree     :      0.001      0.002      0.032      0.006       0.007       0.007
------------------------------------------------------------------------------------------------
average        :      0.001      0.002      0.032      0.006       0.007       0.007
################################################################################################
################################################################################################
Epoch 964 validation (2026-09-01T12:23:57)
Object metrics @ IoU=0.50, score>=0.50
################################################################################################
what           :         AP     AP_50%     AP_25%     Recall   Precision    F1-Score
################################################################################################
fallentree     :      0.002      0.006      0.032      0.006       0.007       0.007
------------------------------------------------------------------------------------------------
average        :      0.002      0.006      0.032      0.006       0.007       0.007
################################################################################################
################################################################################################
Epoch 965 validation (2026-09-01T12:24:45)
Object metrics @ IoU=0.50, score>=0.50
################################################################################################
what           :         AP     AP_50%     AP_25%     Recall   Precision    F1-Score
################################################################################################
fallentree     :      0.000      0.001      0.025      0.012       0.015       0.013
------------------------------------------------------------------------------------------------
average        :      0.000      0.001      0.025      0.012       0.015       0.013
################################################################################################
################################################################################################
Epoch 966 validation (2026-09-01T12:25:47)
Object metrics @ IoU=0.50, score>=0.50
################################################################################################
what           :         AP     AP_50%     AP_25%     Recall   Precision    F1-Score
################################################################################################
fallentree     :      0.002      0.006      0.028      0.012       0.016       0.014
------------------------------------------------------------------------------------------------
average        :      0.002      0.006      0.028      0.012       0.016       0.014
################################################################################################
################################################################################################
Epoch 967 validation (2026-09-01T12:26:36)
Object metrics @ IoU=0.50, score>=0.50
################################################################################################
what           :         AP     AP_50%     AP_25%     Recall   Precision    F1-Score
################################################################################################
fallentree     :      0.000      0.001      0.021      0.012       0.015       0.013
------------------------------------------------------------------------------------------------
average        :      0.000      0.001      0.021      0.012       0.015       0.013
################################################################################################
################################################################################################
Epoch 968 validation (2026-09-01T12:27:38)
Object metrics @ IoU=0.50, score>=0.50
################################################################################################
what           :         AP     AP_50%     AP_25%     Recall   Precision    F1-Score
################################################################################################
fallentree     :      0.002      0.006      0.025      0.012       0.016       0.014
------------------------------------------------------------------------------------------------
average        :      0.002      0.006      0.025      0.012       0.016       0.014
################################################################################################
################################################################################################
Epoch 969 validation (2026-09-01T12:28:49)
Object metrics @ IoU=0.50, score>=0.50
################################################################################################
what           :         AP     AP_50%     AP_25%     Recall   Precision    F1-Score
################################################################################################
fallentree     :      0.000      0.001      0.026      0.006       0.007       0.007
------------------------------------------------------------------------------------------------
average        :      0.000      0.001      0.026      0.006       0.007       0.007
################################################################################################
################################################################################################
Epoch 970 validation (2026-09-01T12:29:49)
Object metrics @ IoU=0.50, score>=0.50
################################################################################################
what           :         AP     AP_50%     AP_25%     Recall   Precision    F1-Score
################################################################################################
fallentree     :      0.000      0.001      0.023      0.012       0.016       0.014
------------------------------------------------------------------------------------------------
average        :      0.000      0.001      0.023      0.012       0.016       0.014
################################################################################################
################################################################################################
Epoch 971 validation (2026-09-01T12:30:37)
Object metrics @ IoU=0.50, score>=0.50
################################################################################################
what           :         AP     AP_50%     AP_25%     Recall   Precision    F1-Score
################################################################################################
fallentree     :      0.001      0.002      0.033      0.006       0.008       0.007
------------------------------------------------------------------------------------------------
average        :      0.001      0.002      0.033      0.006       0.008       0.007
################################################################################################
################################################################################################
Epoch 972 validation (2026-09-01T12:31:24)
Object metrics @ IoU=0.50, score>=0.50
################################################################################################
what           :         AP     AP_50%     AP_25%     Recall   Precision    F1-Score
################################################################################################
fallentree     :      0.002      0.007      0.031      0.018       0.022       0.020
------------------------------------------------------------------------------------------------
average        :      0.002      0.007      0.031      0.018       0.022       0.020
################################################################################################
################################################################################################
Epoch 973 validation (2026-09-01T12:32:16)
Object metrics @ IoU=0.50, score>=0.50
################################################################################################
what           :         AP     AP_50%     AP_25%     Recall   Precision    F1-Score
################################################################################################
fallentree     :      0.002      0.007      0.029      0.012       0.015       0.013
------------------------------------------------------------------------------------------------
average        :      0.002      0.007      0.029      0.012       0.015       0.013
################################################################################################
################################################################################################
Epoch 974 validation (2026-09-01T12:33:03)
Object metrics @ IoU=0.50, score>=0.50
################################################################################################
what           :         AP     AP_50%     AP_25%     Recall   Precision    F1-Score
################################################################################################
fallentree     :      0.002      0.007      0.036      0.018       0.023       0.020
------------------------------------------------------------------------------------------------
average        :      0.002      0.007      0.036      0.018       0.023       0.020
################################################################################################
################################################################################################
Epoch 975 validation (2026-09-01T12:33:58)
Object metrics @ IoU=0.50, score>=0.50
################################################################################################
what           :         AP     AP_50%     AP_25%     Recall   Precision    F1-Score
################################################################################################
fallentree     :      0.002      0.007      0.030      0.012       0.016       0.014
------------------------------------------------------------------------------------------------
average        :      0.002      0.007      0.030      0.012       0.016       0.014
################################################################################################
################################################################################################
Epoch 976 validation (2026-09-01T12:34:53)
Object metrics @ IoU=0.50, score>=0.50
################################################################################################
what           :         AP     AP_50%     AP_25%     Recall   Precision    F1-Score
################################################################################################
fallentree     :      0.002      0.006      0.028      0.006       0.008       0.007
------------------------------------------------------------------------------------------------
average        :      0.002      0.006      0.028      0.006       0.008       0.007
################################################################################################
################################################################################################
Epoch 977 validation (2026-09-01T12:35:42)
Object metrics @ IoU=0.50, score>=0.50
################################################################################################
what           :         AP     AP_50%     AP_25%     Recall   Precision    F1-Score
################################################################################################
fallentree     :      0.002      0.006      0.032      0.006       0.008       0.007
------------------------------------------------------------------------------------------------
average        :      0.002      0.006      0.032      0.006       0.008       0.007
################################################################################################
################################################################################################
Epoch 978 validation (2026-09-01T12:36:33)
Object metrics @ IoU=0.50, score>=0.50
################################################################################################
what           :         AP     AP_50%     AP_25%     Recall   Precision    F1-Score
################################################################################################
fallentree     :      0.000      0.000      0.019      0.006       0.007       0.007
------------------------------------------------------------------------------------------------
average        :      0.000      0.000      0.019      0.006       0.007       0.007
################################################################################################
################################################################################################
Epoch 979 validation (2026-09-01T12:37:36)
Object metrics @ IoU=0.50, score>=0.50
################################################################################################
what           :         AP     AP_50%     AP_25%     Recall   Precision    F1-Score
################################################################################################
fallentree     :      0.000      0.001      0.030      0.018       0.023       0.020
------------------------------------------------------------------------------------------------
average        :      0.000      0.001      0.030      0.018       0.023       0.020
################################################################################################
################################################################################################
Epoch 980 validation (2026-09-01T12:38:25)
Object metrics @ IoU=0.50, score>=0.50
################################################################################################
what           :         AP     AP_50%     AP_25%     Recall   Precision    F1-Score
################################################################################################
fallentree     :      0.000      0.000      0.025      0.006       0.008       0.007
------------------------------------------------------------------------------------------------
average        :      0.000      0.000      0.025      0.006       0.008       0.007
################################################################################################
################################################################################################
Epoch 981 validation (2026-09-01T12:39:14)
Object metrics @ IoU=0.50, score>=0.50
################################################################################################
what           :         AP     AP_50%     AP_25%     Recall   Precision    F1-Score
################################################################################################
fallentree     :      0.002      0.006      0.031      0.012       0.015       0.013
------------------------------------------------------------------------------------------------
average        :      0.002      0.006      0.031      0.012       0.015       0.013
################################################################################################
################################################################################################
Epoch 982 validation (2026-09-01T12:40:01)
Object metrics @ IoU=0.50, score>=0.50
################################################################################################
what           :         AP     AP_50%     AP_25%     Recall   Precision    F1-Score
################################################################################################
fallentree     :      0.001      0.006      0.033      0.018       0.024       0.020
------------------------------------------------------------------------------------------------
average        :      0.001      0.006      0.033      0.018       0.024       0.020
################################################################################################
################################################################################################
Epoch 983 validation (2026-09-01T12:40:54)
Object metrics @ IoU=0.50, score>=0.50
################################################################################################
what           :         AP     AP_50%     AP_25%     Recall   Precision    F1-Score
################################################################################################
fallentree     :      0.001      0.006      0.034      0.012       0.016       0.014
------------------------------------------------------------------------------------------------
average        :      0.001      0.006      0.034      0.012       0.016       0.014
################################################################################################
################################################################################################
Epoch 984 validation (2026-09-01T12:41:44)
Object metrics @ IoU=0.50, score>=0.50
################################################################################################
what           :         AP     AP_50%     AP_25%     Recall   Precision    F1-Score
################################################################################################
fallentree     :      0.000      0.000      0.026      0.018       0.024       0.021
------------------------------------------------------------------------------------------------
average        :      0.000      0.000      0.026      0.018       0.024       0.021
################################################################################################
################################################################################################
Epoch 985 validation (2026-09-01T12:42:19)
Object metrics @ IoU=0.50, score>=0.50
################################################################################################
what           :         AP     AP_50%     AP_25%     Recall   Precision    F1-Score
################################################################################################
fallentree     :      0.002      0.006      0.035      0.018       0.024       0.021
------------------------------------------------------------------------------------------------
average        :      0.002      0.006      0.035      0.018       0.024       0.021
################################################################################################
################################################################################################
Epoch 986 validation (2026-09-01T12:43:19)
Object metrics @ IoU=0.50, score>=0.50
################################################################################################
what           :         AP     AP_50%     AP_25%     Recall   Precision    F1-Score
################################################################################################
fallentree     :      0.001      0.002      0.031      0.018       0.024       0.020
------------------------------------------------------------------------------------------------
average        :      0.001      0.002      0.031      0.018       0.024       0.020
################################################################################################
################################################################################################
Epoch 987 validation (2026-09-01T12:44:13)
Object metrics @ IoU=0.50, score>=0.50
################################################################################################
what           :         AP     AP_50%     AP_25%     Recall   Precision    F1-Score
################################################################################################
fallentree     :      0.002      0.006      0.032      0.012       0.016       0.014
------------------------------------------------------------------------------------------------
average        :      0.002      0.006      0.032      0.012       0.016       0.014
################################################################################################
################################################################################################
Epoch 988 validation (2026-09-01T12:45:12)
Object metrics @ IoU=0.50, score>=0.50
################################################################################################
what           :         AP     AP_50%     AP_25%     Recall   Precision    F1-Score
################################################################################################
fallentree     :      0.000      0.000      0.025      0.006       0.008       0.007
------------------------------------------------------------------------------------------------
average        :      0.000      0.000      0.025      0.006       0.008       0.007
################################################################################################
################################################################################################
Epoch 989 validation (2026-09-01T12:46:00)
Object metrics @ IoU=0.50, score>=0.50
################################################################################################
what           :         AP     AP_50%     AP_25%     Recall   Precision    F1-Score
################################################################################################
fallentree     :      0.000      0.000      0.029      0.012       0.016       0.014
------------------------------------------------------------------------------------------------
average        :      0.000      0.000      0.029      0.012       0.016       0.014
################################################################################################
################################################################################################
Epoch 990 validation (2026-09-01T12:46:45)
Object metrics @ IoU=0.50, score>=0.50
################################################################################################
what           :         AP     AP_50%     AP_25%     Recall   Precision    F1-Score
################################################################################################
fallentree     :      0.000      0.001      0.024      0.006       0.008       0.007
------------------------------------------------------------------------------------------------
average        :      0.000      0.001      0.024      0.006       0.008       0.007
################################################################################################
################################################################################################
Epoch 991 validation (2026-09-01T12:47:40)
Object metrics @ IoU=0.50, score>=0.50
################################################################################################
what           :         AP     AP_50%     AP_25%     Recall   Precision    F1-Score
################################################################################################
fallentree     :      0.000      0.001      0.030      0.012       0.016       0.014
------------------------------------------------------------------------------------------------
average        :      0.000      0.001      0.030      0.012       0.016       0.014
################################################################################################
################################################################################################
Epoch 992 validation (2026-09-01T12:48:27)
Object metrics @ IoU=0.50, score>=0.50
################################################################################################
what           :         AP     AP_50%     AP_25%     Recall   Precision    F1-Score
################################################################################################
fallentree     :      0.001      0.006      0.023      0.012       0.016       0.014
------------------------------------------------------------------------------------------------
average        :      0.001      0.006      0.023      0.012       0.016       0.014
################################################################################################
################################################################################################
Epoch 993 validation (2026-09-01T12:49:26)
Object metrics @ IoU=0.50, score>=0.50
################################################################################################
what           :         AP     AP_50%     AP_25%     Recall   Precision    F1-Score
################################################################################################
fallentree     :      0.001      0.006      0.032      0.006       0.008       0.007
------------------------------------------------------------------------------------------------
average        :      0.001      0.006      0.032      0.006       0.008       0.007
################################################################################################
################################################################################################
Epoch 994 validation (2026-09-01T12:50:17)
Object metrics @ IoU=0.50, score>=0.50
################################################################################################
what           :         AP     AP_50%     AP_25%     Recall   Precision    F1-Score
################################################################################################
fallentree     :      0.001      0.006      0.023      0.006       0.008       0.007
------------------------------------------------------------------------------------------------
average        :      0.001      0.006      0.023      0.006       0.008       0.007
################################################################################################
################################################################################################
Epoch 995 validation (2026-09-01T12:51:20)
Object metrics @ IoU=0.50, score>=0.50
################################################################################################
what           :         AP     AP_50%     AP_25%     Recall   Precision    F1-Score
################################################################################################
fallentree     :      0.000      0.001      0.029      0.006       0.008       0.007
------------------------------------------------------------------------------------------------
average        :      0.000      0.001      0.029      0.006       0.008       0.007
################################################################################################
################################################################################################
Epoch 996 validation (2026-09-01T12:52:08)
Object metrics @ IoU=0.50, score>=0.50
################################################################################################
what           :         AP     AP_50%     AP_25%     Recall   Precision    F1-Score
################################################################################################
fallentree     :      0.002      0.006      0.024      0.006       0.008       0.007
------------------------------------------------------------------------------------------------
average        :      0.002      0.006      0.024      0.006       0.008       0.007
################################################################################################
################################################################################################
Epoch 997 validation (2026-09-01T12:52:53)
Object metrics @ IoU=0.50, score>=0.50
################################################################################################
what           :         AP     AP_50%     AP_25%     Recall   Precision    F1-Score
################################################################################################
fallentree     :      0.001      0.002      0.031      0.006       0.008       0.007
------------------------------------------------------------------------------------------------
average        :      0.001      0.002      0.031      0.006       0.008       0.007
################################################################################################
################################################################################################
Epoch 998 validation (2026-09-01T12:53:43)
Object metrics @ IoU=0.50, score>=0.50
################################################################################################
what           :         AP     AP_50%     AP_25%     Recall   Precision    F1-Score
################################################################################################
fallentree     :      0.001      0.006      0.029      0.006       0.008       0.007
------------------------------------------------------------------------------------------------
average        :      0.001      0.006      0.029      0.006       0.008       0.007
################################################################################################
################################################################################################
Epoch 999 validation (2026-09-01T12:54:33)
Object metrics @ IoU=0.50, score>=0.50
################################################################################################
what           :         AP     AP_50%     AP_25%     Recall   Precision    F1-Score
################################################################################################
fallentree     :      0.002      0.006      0.030      0.006       0.008       0.007
------------------------------------------------------------------------------------------------
average        :      0.002      0.006      0.030      0.006       0.008       0.007
################################################################################################
################################################################################################
Epoch 1000 validation (2026-09-01T12:55:34)
Object metrics @ IoU=0.50, score>=0.50
################################################################################################
what           :         AP     AP_50%     AP_25%     Recall   Precision    F1-Score
################################################################################################
fallentree     :      0.000      0.001      0.029      0.006       0.008       0.007
------------------------------------------------------------------------------------------------
average        :      0.000      0.001      0.029      0.006       0.008       0.007
################################################################################################
