199633.390000 448619.824000 57.684000 0 0 0 0 -100
199633.556000 448619.785000 57.062000 0 0 0 0 -100
199635.830000 448621.704000 56.611000 0 0 0 0 -100
199624.044000 448624.807000 59.339000 0 0 0 0 -100
199649.763000 448619.620000 55.749000 0 0 0 0 -100
199647.874000 448621.169000 56.109000 0 0 0 0 -100
199636.723000 448624.129000 57.026000 0 0 0 0 -100
199648.083000 448622.376000 56.551000 0 0 0 0 -100
199647.862000 448622.426000 56.023000 0 0 0 0 -100
199648.020000 448622.648000 56.023000 0 0 0 0 -100
199647.702000 448622.721000 55.809000 0 0 0 0 -100
199660.016000 448620.293000 54.911000 0 0 0 0 -100
199659.879000 448620.324000 54.130000 0 0 0 0 -100
199626.951000 448629.840000 59.918000 0 0 0 0 -100
199672.411000 448619.851000 52.463000 0 0 0 0 -100
199627.361000 448630.166000 59.922000 0 0 0 0 -100
199627.102000 448630.226000 59.705000 0 0 0 0 -100
199626.798000 448630.295000 59.478000 0 0 0 0 -100
199627.236000 448630.474000 59.811000 0 0 0 0 -100
199627.351000 448630.885000 59.411000 0 0 0 0 -100
199631.996000 448630.271000 57.996000 0 0 0 0 -100
199646.578000 448628.533000 57.200000 0 0 0 0 -100
199673.221000 448623.557000 53.896000 0 0 0 0 -100
199672.548000 448623.711000 53.884000 0 0 0 0 -100
199686.177000 448621.047000 50.404000 0 0 0 0 -100
199672.880000 448624.091000 53.916000 0 0 0 0 -100
199686.121000 448621.463000 50.442000 0 0 0 0 -100
199673.124000 448624.438000 54.032000 0 0 0 0 -100
199672.774000 448624.518000 53.823000 0 0 0 0 -100
199672.481000 448624.585000 53.821000 0 0 0 0 -100
199673.922000 448624.552000 53.853000 0 0 0 0 -100
199673.680000 448624.607000 53.576000 0 0 0 0 -100
199685.314000 448622.378000 50.631000 0 0 0 0 -100
199677.813000 448624.094000 52.962000 0 0 0 0 -100
199676.960000 448624.290000 53.249000 0 0 0 0 -100
199676.566000 448624.381000 53.385000 0 0 0 0 -100
199674.714000 448624.805000 53.638000 0 0 0 0 -100
199676.752000 448624.822000 53.413000 0 0 0 0 -100
199630.697000 448635.360000 59.157000 0 0 0 0 -100
199676.845000 448625.229000 53.198000 0 0 0 0 -100
199670.002000 448626.795000 54.685000 0 0 0 0 -100
199669.727000 448626.858000 54.454000 0 0 0 0 -100
199669.611000 448626.885000 53.587000 0 0 0 0 -100
199659.215000 448629.263000 55.024000 0 0 0 0 -100
199655.339000 448630.150000 55.999000 0 0 0 0 -100
199641.091000 448633.410000 57.355000 0 0 0 0 -100
199625.104000 448637.068000 59.450000 0 0 0 0 -100
199624.755000 448637.148000 59.464000 0 0 0 0 -100
199624.366000 448637.237000 59.490000 0 0 0 0 -100
199623.992000 448637.323000 59.525000 0 0 0 0 -100
199623.643000 448637.403000 59.544000 0 0 0 0 -100
199687.382000 448623.093000 51.130000 0 0 0 0 -100
199676.949000 448625.480000 53.346000 0 0 0 0 -100
199659.407000 448629.494000 55.922000 0 0 0 0 -100
199655.435000 448630.403000 56.107000 0 0 0 0 -100
199639.831000 448633.973000 57.552000 0 0 0 0 -100
199628.464000 448636.575000 59.212000 0 0 0 0 -100
199627.395000 448636.820000 59.266000 0 0 0 0 -100
199627.039000 448636.901000 59.268000 0 0 0 0 -100
199626.661000 448636.988000 59.285000 0 0 0 0 -100
199687.607000 448623.445000 51.343000 0 0 0 0 -100
199685.364000 448623.959000 51.543000 0 0 0 0 -100
199677.269000 448625.810000 53.306000 0 0 0 0 -100
199685.422000 448624.424000 51.867000 0 0 0 0 -100
199683.837000 448624.787000 52.346000 0 0 0 0 -100
199675.899000 448626.604000 53.584000 0 0 0 0 -100
199675.589000 448626.674000 53.403000 0 0 0 0 -100
199675.245000 448626.752000 53.372000 0 0 0 0 -100
199673.213000 448627.218000 54.135000 0 0 0 0 -100
199685.503000 448624.793000 51.900000 0 0 0 0 -100
199677.793000 448626.555000 52.448000 0 0 0 0 -100
199673.292000 448627.586000 54.142000 0 0 0 0 -100
199685.448000 448625.083000 52.087000 0 0 0 0 -100
199685.103000 448625.162000 51.957000 0 0 0 0 -100
199677.818000 448626.828000 52.370000 0 0 0 0 -100
199685.824000 448625.404000 52.148000 0 0 0 0 -100
199682.768000 448626.102000 51.626000 0 0 0 0 -100
199676.999000 448627.423000 52.578000 0 0 0 0 -100
199685.071000 448626.022000 52.413000 0 0 0 0 -100
199678.933000 448627.425000 52.287000 0 0 0 0 -100
199673.556000 448628.657000 53.616000 0 0 0 0 -100
199673.592000 448629.045000 53.257000 0 0 0 0 -100
199632.508000 448638.447000 58.890000 0 0 0 0 -100
199644.712000 448635.932000 57.339000 0 0 0 0 -100
199694.028000 448625.044000 50.723000 0 0 0 0 -100
199693.995000 448625.051000 49.713000 0 0 0 0 -100
199652.193000 448634.620000 56.297000 0 0 0 0 -100
199665.463000 448632.061000 55.608000 0 0 0 0 -100
199665.325000 448632.093000 54.907000 0 0 0 0 -100
199672.228000 448630.881000 54.534000 0 0 0 0 -100
199665.760000 448632.362000 54.579000 0 0 0 0 -100
199672.580000 448631.067000 54.700000 0 0 0 0 -100
199672.295000 448631.132000 54.473000 0 0 0 0 -100
199626.484000 448642.005000 59.856000 0 0 0 0 -100
199686.515000 448628.728000 52.074000 0 0 0 0 -100
199630.644000 448641.524000 60.614000 0 0 0 0 -100
199680.012000 448630.585000 53.287000 0 0 0 0 -100
199683.646000 448630.424000 52.090000 0 0 0 0 -100
199674.701000 448632.474000 54.135000 0 0 0 0 -100
199674.372000 448632.549000 54.086000 0 0 0 0 -100
199702.772000 448626.507000 49.697000 0 0 0 0 -100
199702.736000 448626.516000 48.651000 0 0 0 0 -100
199647.299000 448639.574000 57.558000 0 0 0 0 -100
199644.005000 448640.330000 59.117000 0 0 0 0 -100
199714.245000 448624.525000 48.432000 0 0 0 0 -100
199714.093000 448624.560000 47.792000 0 0 0 0 -100
199703.329000 448627.027000 49.424000 0 0 0 0 -100
199647.397000 448639.843000 58.600000 0 0 0 0 -100
199647.344000 448639.854000 57.645000 0 0 0 0 -100
199644.107000 448640.599000 59.068000 0 0 0 0 -100
199641.258000 448641.251000 59.286000 0 0 0 0 -100
199624.024000 448645.199000 60.429000 0 0 0 0 -100
199703.658000 448627.351000 49.072000 0 0 0 0 -100
199677.966000 448633.238000 53.732000 0 0 0 0 -100
199668.084000 448636.005000 55.762000 0 0 0 0 -100
199667.867000 448636.055000 55.299000 0 0 0 0 -100
199657.716000 448638.763000 57.301000 0 0 0 0 -100
199657.412000 448638.833000 57.071000 0 0 0 0 -100
199678.695000 448634.243000 52.971000 0 0 0 0 -100
199675.904000 448635.764000 53.688000 0 0 0 0 -100
199682.810000 448634.553000 53.425000 0 0 0 0 -100
199666.908000 448638.195000 54.943000 0 0 0 0 -100
199637.295000 448644.980000 60.484000 0 0 0 0 -100
199722.312000 448625.798000 46.862000 0 0 0 0 -100
199637.504000 448645.232000 60.387000 0 0 0 0 -100
199624.251000 448649.165000 61.553000 0 0 0 0 -100
199656.999000 448642.041000 57.056000 0 0 0 0 -100
199630.292000 448648.162000 60.148000 0 0 0 0 -100
199626.262000 448649.086000 60.954000 0 0 0 0 -100
199659.761000 448641.702000 56.337000 0 0 0 0 -100
199657.265000 448642.274000 57.615000 0 0 0 0 -100
199657.130000 448642.304000 56.894000 0 0 0 0 -100
199639.117000 448646.436000 60.499000 0 0 0 0 -100
199626.368000 448649.358000 60.841000 0 0 0 0 -100
199725.087000 448627.626000 46.522000 0 0 0 0 -100
199693.081000 448634.964000 51.516000 0 0 0 0 -100
199692.836000 448635.020000 51.190000 0 0 0 0 -100
199630.620000 448649.284000 60.241000 0 0 0 0 -100
199734.663000 448625.813000 45.811000 0 0 0 0 -100
199728.147000 448627.307000 46.546000 0 0 0 0 -100
199721.817000 448628.758000 46.581000 0 0 0 0 -100
199699.565000 448633.859000 49.855000 0 0 0 0 -100
199693.277000 448635.301000 51.270000 0 0 0 0 -100
199692.969000 448635.371000 51.175000 0 0 0 0 -100
199659.014000 448643.154000 56.555000 0 0 0 0 -100
199650.874000 448645.021000 57.592000 0 0 0 0 -100
199633.286000 448649.053000 59.922000 0 0 0 0 -100
199741.019000 448624.632000 45.965000 0 0 0 0 -100
199740.913000 448624.656000 45.182000 0 0 0 0 -100
199728.297000 448627.548000 46.366000 0 0 0 0 -100
199764.234000 448619.717000 42.369000 0 0 0 0 -100
199696.565000 448635.233000 51.159000 0 0 0 0 -100
199696.321000 448635.289000 50.801000 0 0 0 0 -100
199663.095000 448642.908000 55.825000 0 0 0 0 -100
199656.826000 448644.345000 57.827000 0 0 0 0 -100
199656.637000 448644.388000 57.260000 0 0 0 0 -100
199644.145000 448647.254000 59.914000 0 0 0 0 -100
199644.071000 448647.271000 59.027000 0 0 0 0 -100
199767.025000 448619.535000 42.321000 0 0 0 0 -100
199766.663000 448619.618000 42.297000 0 0 0 0 -100
199704.189000 448633.945000 50.358000 0 0 0 0 -100
199704.093000 448633.967000 49.502000 0 0 0 0 -100
199644.287000 448647.682000 59.803000 0 0 0 0 -100
199767.075000 448619.885000 42.332000 0 0 0 0 -100
199766.698000 448619.971000 42.377000 0 0 0 0 -100
199766.309000 448620.061000 42.343000 0 0 0 0 -100
199763.234000 448620.766000 42.332000 0 0 0 0 -100
199755.434000 448622.554000 44.340000 0 0 0 0 -100
199740.327000 448626.019000 45.792000 0 0 0 0 -100
199740.163000 448626.056000 45.177000 0 0 0 0 -100
199669.191000 448642.331000 54.901000 0 0 0 0 -100
199663.241000 448643.696000 55.980000 0 0 0 0 -100
199768.369000 448619.869000 42.413000 0 0 0 0 -100
199767.216000 448620.134000 42.466000 0 0 0 0 -100
199766.873000 448620.212000 42.361000 0 0 0 0 -100
199761.190000 448621.516000 42.595000 0 0 0 0 -100
199760.350000 448621.709000 42.762000 0 0 0 0 -100
199758.306000 448622.178000 44.229000 0 0 0 0 -100
199758.278000 448622.184000 43.244000 0 0 0 0 -100
199755.521000 448622.816000 44.597000 0 0 0 0 -100
199755.527000 448622.815000 43.689000 0 0 0 0 -100
199740.490000 448626.265000 45.980000 0 0 0 0 -100
199740.413000 448626.283000 45.143000 0 0 0 0 -100
199676.744000 448640.889000 54.628000 0 0 0 0 -100
199624.476000 448652.881000 61.193000 0 0 0 0 -100
199767.353000 448620.499000 42.417000 0 0 0 0 -100
199766.995000 448620.581000 42.326000 0 0 0 0 -100
199762.163000 448621.690000 42.337000 0 0 0 0 -100
199758.453000 448622.540000 43.230000 0 0 0 0 -100
199677.155000 448641.191000 54.710000 0 0 0 0 -100
199640.167000 448649.676000 59.563000 0 0 0 0 -100
199768.279000 448620.770000 42.306000 0 0 0 0 -100
199767.535000 448620.941000 42.310000 0 0 0 0 -100
199762.209000 448622.163000 42.348000 0 0 0 0 -100
199761.504000 448622.324000 42.334000 0 0 0 0 -100
199755.525000 448623.695000 44.397000 0 0 0 0 -100
199755.370000 448623.731000 43.768000 0 0 0 0 -100
199729.465000 448629.673000 46.579000 0 0 0 0 -100
199701.919000 448635.993000 49.951000 0 0 0 0 -100
199693.589000 448637.904000 52.324000 0 0 0 0 -100
199672.347000 448642.777000 55.707000 0 0 0 0 -100
199650.597000 448647.765000 58.084000 0 0 0 0 -100
199630.955000 448652.272000 61.589000 0 0 0 0 -100
199630.809000 448652.305000 60.699000 0 0 0 0 -100
199763.421000 448622.268000 42.341000 0 0 0 0 -100
199763.079000 448622.347000 42.317000 0 0 0 0 -100
199762.704000 448622.434000 42.302000 0 0 0 0 -100
199762.286000 448622.529000 42.349000 0 0 0 0 -100
199761.139000 448622.792000 42.393000 0 0 0 0 -100
199755.596000 448624.063000 44.358000 0 0 0 0 -100
199755.500000 448624.085000 43.647000 0 0 0 0 -100
199684.023000 448640.482000 52.887000 0 0 0 0 -100
199763.156000 448622.582000 42.321000 0 0 0 0 -100
199762.773000 448622.670000 42.327000 0 0 0 0 -100
199761.271000 448623.014000 42.359000 0 0 0 0 -100
199763.611000 448622.872000 42.396000 0 0 0 0 -100
199762.139000 448623.211000 42.341000 0 0 0 0 -100
199751.729000 448625.599000 44.142000 0 0 0 0 -100
199681.972000 448641.608000 54.266000 0 0 0 0 -100
199673.746000 448643.495000 55.498000 0 0 0 0 -100
199666.144000 448645.238000 55.737000 0 0 0 0 -100
199641.792000 448650.828000 60.150000 0 0 0 0 -100
199633.949000 448652.627000 60.352000 0 0 0 0 -100
199760.179000 448624.122000 42.333000 0 0 0 0 -100
199759.807000 448624.207000 42.397000 0 0 0 0 -100
199700.691000 448637.775000 50.870000 0 0 0 0 -100
199700.481000 448637.823000 50.370000 0 0 0 0 -100
199760.209000 448624.472000 42.346000 0 0 0 0 -100
199759.806000 448624.564000 42.408000 0 0 0 0 -100
199759.435000 448624.650000 42.356000 0 0 0 0 -100
199681.430000 448642.551000 53.598000 0 0 0 0 -100
199631.334000 448654.050000 60.844000 0 0 0 0 -100
199759.811000 448624.820000 42.341000 0 0 0 0 -100
199759.590000 448625.271000 42.375000 0 0 0 0 -100
199748.945000 448627.716000 44.978000 0 0 0 0 -100
199748.911000 448628.162000 45.087000 0 0 0 0 -100
199748.903000 448628.162000 44.034000 0 0 0 0 -100
199710.421000 448636.998000 48.581000 0 0 0 0 -100
199630.110000 448655.435000 60.958000 0 0 0 0 -100
199758.260000 448626.389000 42.423000 0 0 0 0 -100
199722.121000 448634.685000 47.959000 0 0 0 0 -100
199722.053000 448634.701000 47.071000 0 0 0 0 -100
199721.733000 448634.774000 46.914000 0 0 0 0 -100
199710.518000 448637.349000 48.666000 0 0 0 0 -100
199677.391000 448644.953000 54.921000 0 0 0 0 -100
199624.811000 448657.023000 61.540000 0 0 0 0 -100
199758.503000 448626.574000 42.363000 0 0 0 0 -100
199722.154000 448634.921000 47.453000 0 0 0 0 -100
199721.941000 448634.971000 46.974000 0 0 0 0 -100
199677.477000 448645.180000 55.343000 0 0 0 0 -100
199677.495000 448645.176000 54.105000 0 0 0 0 -100
199624.681000 448657.304000 62.638000 0 0 0 0 -100
199758.776000 448626.900000 42.363000 0 0 0 0 -100
199758.399000 448626.986000 42.356000 0 0 0 0 -100
199744.275000 448630.230000 45.255000 0 0 0 0 -100
199744.147000 448630.259000 44.423000 0 0 0 0 -100
199669.551000 448647.388000 56.348000 0 0 0 0 -100
199651.563000 448651.518000 59.382000 0 0 0 0 -100
199629.552000 448656.573000 61.290000 0 0 0 0 -100
199768.045000 448625.222000 43.072000 0 0 0 0 -100
199758.549000 448627.401000 42.334000 0 0 0 0 -100
199744.367000 448630.658000 45.337000 0 0 0 0 -100
199697.820000 448641.345000 51.492000 0 0 0 0 -100
199645.039000 448653.466000 60.428000 0 0 0 0 -100
199637.288000 448655.244000 61.638000 0 0 0 0 -100
199767.092000 448625.800000 42.538000 0 0 0 0 -100
199759.577000 448627.525000 42.377000 0 0 0 0 -100
199759.205000 448627.611000 42.357000 0 0 0 0 -100
199758.825000 448627.698000 42.328000 0 0 0 0 -100
199758.480000 448627.777000 42.344000 0 0 0 0 -100
199715.260000 448637.701000 48.200000 0 0 0 0 -100
199697.853000 448641.698000 51.186000 0 0 0 0 -100
199759.635000 448627.729000 42.331000 0 0 0 0 -100
199759.263000 448627.814000 42.307000 0 0 0 0 -100
199758.538000 448627.981000 42.325000 0 0 0 0 -100
199764.169000 448627.073000 42.341000 0 0 0 0 -100
199763.800000 448627.158000 42.338000 0 0 0 0 -100
199760.420000 448627.935000 42.357000 0 0 0 0 -100
199760.031000 448628.024000 42.354000 0 0 0 0 -100
199759.727000 448628.094000 42.314000 0 0 0 0 -100
199759.322000 448628.187000 42.324000 0 0 0 0 -100
199758.935000 448628.276000 42.316000 0 0 0 0 -100
199758.594000 448628.354000 42.324000 0 0 0 0 -100
199763.555000 448627.662000 42.336000 0 0 0 0 -100
199761.327000 448628.174000 42.326000 0 0 0 0 -100
199760.191000 448628.435000 42.315000 0 0 0 0 -100
199759.833000 448628.517000 42.281000 0 0 0 0 -100
199759.461000 448628.603000 42.316000 0 0 0 0 -100
199759.068000 448628.693000 42.323000 0 0 0 0 -100
199758.702000 448628.777000 42.313000 0 0 0 0 -100
199733.725000 448634.515000 46.452000 0 0 0 0 -100
199675.319000 448647.933000 55.847000 0 0 0 0 -100
199763.258000 448628.101000 42.309000 0 0 0 0 -100
199762.862000 448628.193000 42.355000 0 0 0 0 -100
199762.524000 448628.270000 42.294000 0 0 0 0 -100
199762.145000 448628.357000 42.374000 0 0 0 0 -100
199761.743000 448628.450000 42.321000 0 0 0 0 -100
199761.355000 448628.539000 42.343000 0 0 0 0 -100
199760.991000 448628.622000 42.382000 0 0 0 0 -100
199760.632000 448628.705000 42.351000 0 0 0 0 -100
199759.488000 448628.967000 42.306000 0 0 0 0 -100
199759.082000 448629.061000 42.320000 0 0 0 0 -100
199758.695000 448629.149000 42.311000 0 0 0 0 -100
199758.351000 448629.228000 42.327000 0 0 0 0 -100
199752.817000 448630.500000 43.105000 0 0 0 0 -100
199716.229000 448638.904000 48.172000 0 0 0 0 -100
199677.608000 448647.778000 54.335000 0 0 0 0 -100
199677.259000 448647.858000 54.416000 0 0 0 0 -100
199762.188000 448628.580000 42.335000 0 0 0 0 -100
199761.395000 448628.762000 42.336000 0 0 0 0 -100
199761.019000 448628.848000 42.324000 0 0 0 0 -100
199760.656000 448628.932000 42.277000 0 0 0 0 -100
199759.916000 448629.101000 42.276000 0 0 0 0 -100
199759.550000 448629.185000 42.324000 0 0 0 0 -100
199759.166000 448629.274000 42.277000 0 0 0 0 -100
199758.752000 448629.369000 42.314000 0 0 0 0 -100
199758.415000 448629.446000 42.312000 0 0 0 0 -100
199752.443000 448630.818000 43.343000 0 0 0 0 -100
199677.343000 448648.076000 55.324000 0 0 0 0 -100
199677.260000 448648.094000 54.457000 0 0 0 0 -100
199654.352000 448653.358000 58.230000 0 0 0 0 -100
199762.367000 448628.915000 42.327000 0 0 0 0 -100
199761.629000 448629.085000 42.351000 0 0 0 0 -100
199760.509000 448629.342000 42.322000 0 0 0 0 -100
199760.146000 448629.425000 42.302000 0 0 0 0 -100
199759.785000 448629.508000 42.278000 0 0 0 0 -100
199758.956000 448629.698000 42.325000 0 0 0 0 -100
199758.598000 448629.780000 42.351000 0 0 0 0 -100
199705.257000 448642.040000 51.376000 0 0 0 0 -100
199705.132000 448642.068000 50.647000 0 0 0 0 -100
199650.170000 448654.700000 59.920000 0 0 0 0 -100
199650.086000 448654.718000 59.012000 0 0 0 0 -100
199645.397000 448655.798000 59.459000 0 0 0 0 -100
199641.211000 448656.759000 60.359000 0 0 0 0 -100
199760.215000 448629.814000 42.312000 0 0 0 0 -100
199758.023000 448630.317000 42.355000 0 0 0 0 -100
199740.647000 448634.311000 45.934000 0 0 0 0 -100
199740.654000 448634.309000 44.825000 0 0 0 0 -100
199705.331000 448642.428000 51.427000 0 0 0 0 -100
199632.339000 448659.202000 61.113000 0 0 0 0 -100
199763.992000 448629.311000 42.310000 0 0 0 0 -100
199741.054000 448634.584000 44.763000 0 0 0 0 -100
199735.683000 448635.817000 45.239000 0 0 0 0 -100
199695.092000 448645.147000 52.839000 0 0 0 0 -100
199671.677000 448650.528000 56.338000 0 0 0 0 -100
199651.694000 448655.122000 60.045000 0 0 0 0 -100
199651.569000 448655.149000 59.252000 0 0 0 0 -100
199757.805000 448630.946000 42.307000 0 0 0 0 -100
199757.016000 448631.128000 42.308000 0 0 0 0 -100
199753.985000 448631.825000 43.398000 0 0 0 0 -100
199720.045000 448639.629000 48.202000 0 0 0 0 -100
199674.074000 448650.200000 56.047000 0 0 0 0 -100
199671.814000 448650.719000 56.205000 0 0 0 0 -100
199669.062000 448651.351000 55.853000 0 0 0 0 -100
199651.644000 448655.357000 59.540000 0 0 0 0 -100
199763.128000 448630.128000 42.269000 0 0 0 0 -100
199758.578000 448631.174000 42.261000 0 0 0 0 -100
199758.188000 448631.264000 42.376000 0 0 0 0 -100
199757.808000 448631.351000 42.379000 0 0 0 0 -100
199756.324000 448631.692000 42.283000 0 0 0 0 -100
199753.682000 448632.299000 43.405000 0 0 0 0 -100
199753.340000 448632.378000 43.272000 0 0 0 0 -100
199735.291000 448636.528000 45.991000 0 0 0 0 -100
199718.306000 448640.434000 49.203000 0 0 0 0 -100
199703.621000 448643.811000 50.602000 0 0 0 0 -100
199691.069000 448646.696000 53.541000 0 0 0 0 -100
199674.174000 448650.581000 55.701000 0 0 0 0 -100
199669.085000 448651.750000 55.962000 0 0 0 0 -100
199657.112000 448654.502000 57.860000 0 0 0 0 -100
199755.855000 448632.249000 42.355000 0 0 0 0 -100
199755.530000 448632.324000 42.317000 0 0 0 0 -100
199755.125000 448632.417000 42.304000 0 0 0 0 -100
199753.949000 448632.688000 43.597000 0 0 0 0 -100
199735.553000 448636.917000 46.015000 0 0 0 0 -100
199728.952000 448638.434000 47.079000 0 0 0 0 -100
199728.876000 448638.452000 46.136000 0 0 0 0 -100
199718.461000 448640.847000 48.631000 0 0 0 0 -100
199703.607000 448644.262000 50.603000 0 0 0 0 -100
199676.302000 448650.539000 55.684000 0 0 0 0 -100
199669.822000 448652.028000 55.836000 0 0 0 0 -100
199669.468000 448652.110000 55.809000 0 0 0 0 -100
199644.041000 448657.958000 60.286000 0 0 0 0 -100
199643.669000 448658.043000 60.341000 0 0 0 0 -100
199755.814000 448632.655000 42.349000 0 0 0 0 -100
199755.464000 448632.736000 42.353000 0 0 0 0 -100
199755.063000 448632.828000 42.326000 0 0 0 0 -100
199753.594000 448633.166000 43.438000 0 0 0 0 -100
199729.115000 448638.794000 46.470000 0 0 0 0 -100
199728.811000 448638.864000 46.144000 0 0 0 0 -100
199721.458000 448640.556000 48.157000 0 0 0 0 -100
199703.813000 448644.613000 50.766000 0 0 0 0 -100
199696.190000 448646.365000 51.679000 0 0 0 0 -100
199670.079000 448652.369000 55.924000 0 0 0 0 -100
199656.647000 448655.456000 57.944000 0 0 0 0 -100
199643.994000 448658.368000 60.037000 0 0 0 0 -100
199625.862000 448662.536000 62.016000 0 0 0 0 -100
199623.749000 448663.021000 62.158000 0 0 0 0 -100
199755.658000 448632.928000 42.401000 0 0 0 0 -100
199755.300000 448633.010000 42.340000 0 0 0 0 -100
199753.837000 448633.346000 43.317000 0 0 0 0 -100
199753.448000 448633.435000 43.316000 0 0 0 0 -100
199736.248000 448637.392000 46.478000 0 0 0 0 -100
199735.719000 448637.513000 45.950000 0 0 0 0 -100
199670.310000 448652.553000 55.869000 0 0 0 0 -100
199763.241000 448631.613000 42.242000 0 0 0 0 -100
199761.672000 448631.975000 42.315000 0 0 0 0 -100
199755.710000 448633.345000 42.337000 0 0 0 0 -100
199739.356000 448637.106000 45.224000 0 0 0 0 -100
199722.028000 448641.092000 48.449000 0 0 0 0 -100
199721.134000 448641.298000 48.873000 0 0 0 0 -100
199719.230000 448641.736000 49.164000 0 0 0 0 -100
199671.242000 448652.771000 56.356000 0 0 0 0 -100
199670.679000 448652.900000 55.713000 0 0 0 0 -100
199636.593000 448660.740000 62.154000 0 0 0 0 -100
199763.666000 448631.996000 42.302000 0 0 0 0 -100
199763.321000 448632.075000 42.231000 0 0 0 0 -100
199762.531000 448632.257000 42.282000 0 0 0 0 -100
199762.190000 448632.336000 42.259000 0 0 0 0 -100
199761.830000 448632.418000 42.258000 0 0 0 0 -100
199754.929000 448634.005000 43.710000 0 0 0 0 -100
199722.156000 448641.543000 48.408000 0 0 0 0 -100
199703.545000 448645.823000 51.407000 0 0 0 0 -100
199671.195000 448653.261000 55.672000 0 0 0 0 -100
199670.583000 448653.402000 56.550000 0 0 0 0 -100
199763.582000 448632.409000 42.217000 0 0 0 0 -100
199762.833000 448632.581000 42.267000 0 0 0 0 -100
199761.706000 448632.841000 42.312000 0 0 0 0 -100
199754.499000 448634.497000 42.346000 0 0 0 0 -100
199749.707000 448635.600000 43.376000 0 0 0 0 -100
199736.319000 448638.679000 45.416000 0 0 0 0 -100
199722.363000 448641.890000 48.417000 0 0 0 0 -100
199671.730000 448653.533000 55.711000 0 0 0 0 -100
199671.143000 448653.669000 56.536000 0 0 0 0 -100
199645.599000 448659.543000 59.858000 0 0 0 0 -100
199763.845000 448632.603000 42.226000 0 0 0 0 -100
199763.476000 448632.688000 42.252000 0 0 0 0 -100
199763.123000 448632.769000 42.260000 0 0 0 0 -100
199762.694000 448632.868000 42.278000 0 0 0 0 -100
199755.133000 448634.606000 42.346000 0 0 0 0 -100
199754.723000 448634.701000 42.348000 0 0 0 0 -100
199754.369000 448634.782000 42.333000 0 0 0 0 -100
199704.795000 448646.188000 51.166000 0 0 0 0 -100
199672.327000 448653.657000 55.581000 0 0 0 0 -100
199671.921000 448653.750000 55.726000 0 0 0 0 -100
199671.377000 448653.876000 56.405000 0 0 0 0 -100
199655.508000 448657.525000 58.403000 0 0 0 0 -100
199766.454000 448632.397000 44.246000 0 0 0 0 -100
199766.325000 448632.426000 43.548000 0 0 0 0 -100
199763.796000 448633.007000 42.232000 0 0 0 0 -100
199763.445000 448633.087000 42.263000 0 0 0 0 -100
199763.053000 448633.177000 42.266000 0 0 0 0 -100
199762.645000 448633.271000 42.227000 0 0 0 0 -100
199755.417000 448634.933000 42.512000 0 0 0 0 -100
199755.087000 448635.009000 42.403000 0 0 0 0 -100
199754.707000 448635.097000 42.320000 0 0 0 0 -100
199749.828000 448636.220000 43.451000 0 0 0 0 -100
199704.507000 448646.647000 51.049000 0 0 0 0 -100
199673.028000 448653.889000 55.606000 0 0 0 0 -100
199672.625000 448653.982000 55.709000 0 0 0 0 -100
199672.271000 448654.063000 55.683000 0 0 0 0 -100
199671.937000 448654.140000 55.653000 0 0 0 0 -100
199628.988000 448664.020000 62.196000 0 0 0 0 -100
199766.596000 448632.820000 44.176000 0 0 0 0 -100
199763.841000 448633.452000 42.261000 0 0 0 0 -100
199763.455000 448633.540000 42.302000 0 0 0 0 -100
199763.104000 448633.621000 42.277000 0 0 0 0 -100
199755.837000 448635.292000 42.668000 0 0 0 0 -100
199698.962000 448648.377000 52.584000 0 0 0 0 -100
199673.153000 448654.313000 55.624000 0 0 0 0 -100
199672.754000 448654.405000 55.749000 0 0 0 0 -100
199672.225000 448654.527000 56.307000 0 0 0 0 -100
199653.004000 448658.949000 59.868000 0 0 0 0 -100
199764.166000 448633.786000 42.345000 0 0 0 0 -100
199763.768000 448633.878000 42.333000 0 0 0 0 -100
199763.402000 448633.962000 42.321000 0 0 0 0 -100
199763.043000 448634.044000 42.319000 0 0 0 0 -100
199762.642000 448634.137000 42.290000 0 0 0 0 -100
199748.907000 448637.298000 45.053000 0 0 0 0 -100
199705.034000 448647.391000 51.580000 0 0 0 0 -100
199704.873000 448647.428000 50.932000 0 0 0 0 -100
199695.451000 448649.595000 52.131000 0 0 0 0 -100
199675.127000 448654.271000 55.960000 0 0 0 0 -100
199674.744000 448654.360000 56.062000 0 0 0 0 -100
199673.387000 448654.672000 55.815000 0 0 0 0 -100
199645.117000 448661.177000 60.048000 0 0 0 0 -100
199764.233000 448634.029000 42.283000 0 0 0 0 -100
199763.817000 448634.124000 42.293000 0 0 0 0 -100
199763.446000 448634.210000 42.297000 0 0 0 0 -100
199763.094000 448634.291000 42.300000 0 0 0 0 -100
199762.693000 448634.383000 42.271000 0 0 0 0 -100
199761.205000 448634.726000 42.292000 0 0 0 0 -100
199757.009000 448635.690000 42.567000 0 0 0 0 -100
199749.435000 448637.435000 44.806000 0 0 0 0 -100
199749.017000 448637.530000 43.874000 0 0 0 0 -100
199734.968000 448640.763000 46.864000 0 0 0 0 -100
199734.970000 448640.762000 45.849000 0 0 0 0 -100
199705.124000 448647.632000 51.522000 0 0 0 0 -100
199704.825000 448647.700000 51.305000 0 0 0 0 -100
199674.463000 448654.688000 55.950000 0 0 0 0 -100
199636.315000 448663.466000 61.286000 0 0 0 0 -100
199764.192000 448634.467000 42.480000 0 0 0 0 -100
199763.857000 448634.544000 42.380000 0 0 0 0 -100
199763.542000 448634.617000 42.311000 0 0 0 0 -100
199763.171000 448634.702000 42.313000 0 0 0 0 -100
199762.419000 448634.876000 42.287000 0 0 0 0 -100
199762.065000 448634.957000 42.299000 0 0 0 0 -100
199761.683000 448635.045000 42.331000 0 0 0 0 -100
199757.048000 448636.111000 42.541000 0 0 0 0 -100
199749.198000 448637.919000 44.781000 0 0 0 0 -100
199749.062000 448637.949000 44.034000 0 0 0 0 -100
199735.089000 448641.164000 45.676000 0 0 0 0 -100
199706.173000 448647.821000 51.757000 0 0 0 0 -100
199705.879000 448647.888000 51.586000 0 0 0 0 -100
199705.157000 448648.054000 51.415000 0 0 0 0 -100
199704.710000 448648.157000 51.754000 0 0 0 0 -100
199704.427000 448648.222000 51.486000 0 0 0 0 -100
199685.264000 448652.631000 53.582000 0 0 0 0 -100
199674.707000 448655.061000 56.544000 0 0 0 0 -100
199674.596000 448655.087000 55.636000 0 0 0 0 -100
199673.691000 448655.296000 56.272000 0 0 0 0 -100
199672.935000 448655.470000 56.374000 0 0 0 0 -100
199764.582000 448634.867000 42.525000 0 0 0 0 -100
199764.201000 448634.954000 42.441000 0 0 0 0 -100
199763.152000 448635.196000 42.325000 0 0 0 0 -100
199762.002000 448635.461000 42.347000 0 0 0 0 -100
199758.915000 448636.171000 42.445000 0 0 0 0 -100
199757.033000 448636.603000 42.484000 0 0 0 0 -100
199706.530000 448648.226000 50.533000 0 0 0 0 -100
199705.932000 448648.364000 51.403000 0 0 0 0 -100
199704.710000 448648.645000 51.796000 0 0 0 0 -100
199704.358000 448648.726000 51.809000 0 0 0 0 -100
199673.598000 448655.806000 56.595000 0 0 0 0 -100
199673.189000 448655.899000 56.650000 0 0 0 0 -100
199672.917000 448655.962000 56.480000 0 0 0 0 -100
199625.629000 448666.844000 63.278000 0 0 0 0 -100
199764.531000 448635.286000 42.363000 0 0 0 0 -100
199764.148000 448635.374000 42.342000 0 0 0 0 -100
199763.054000 448635.626000 42.321000 0 0 0 0 -100
199759.154000 448636.524000 42.506000 0 0 0 0 -100
199758.246000 448636.732000 42.891000 0 0 0 0 -100
199745.418000 448639.685000 45.325000 0 0 0 0 -100
199745.348000 448639.701000 44.416000 0 0 0 0 -100
199708.777000 448648.118000 51.060000 0 0 0 0 -100
199707.302000 448648.458000 51.153000 0 0 0 0 -100
199705.380000 448648.900000 51.583000 0 0 0 0 -100
199705.044000 448648.977000 51.451000 0 0 0 0 -100
199704.227000 448649.165000 51.827000 0 0 0 0 -100
199703.864000 448649.249000 51.811000 0 0 0 0 -100
199681.286000 448654.445000 55.644000 0 0 0 0 -100
199679.754000 448654.797000 54.698000 0 0 0 0 -100
199672.613000 448656.440000 55.741000 0 0 0 0 -100
199645.709000 448662.632000 60.261000 0 0 0 0 -100
199634.406000 448665.234000 61.652000 0 0 0 0 -100
199625.781000 448667.219000 63.629000 0 0 0 0 -100
199625.668000 448667.244000 62.642000 0 0 0 0 -100
199758.572000 448636.931000 42.781000 0 0 0 0 -100
199729.704000 448643.575000 46.604000 0 0 0 0 -100
199725.420000 448644.562000 48.306000 0 0 0 0 -100
199704.127000 448649.463000 51.918000 0 0 0 0 -100
199703.762000 448649.548000 51.846000 0 0 0 0 -100
199683.492000 448654.211000 54.048000 0 0 0 0 -100
199681.183000 448654.743000 54.486000 0 0 0 0 -100
199648.580000 448662.248000 59.768000 0 0 0 0 -100
199764.415000 448636.002000 42.311000 0 0 0 0 -100
199764.025000 448636.092000 42.336000 0 0 0 0 -100
199763.297000 448636.259000 42.329000 0 0 0 0 -100
199762.518000 448636.438000 42.351000 0 0 0 0 -100
199757.818000 448637.521000 42.909000 0 0 0 0 -100
199752.135000 448638.829000 43.046000 0 0 0 0 -100
199741.950000 448641.174000 45.521000 0 0 0 0 -100
199725.770000 448644.898000 48.372000 0 0 0 0 -100
199725.560000 448644.947000 47.796000 0 0 0 0 -100
199704.047000 448649.899000 51.979000 0 0 0 0 -100
199703.748000 448649.969000 51.763000 0 0 0 0 -100
199665.730000 448658.718000 56.896000 0 0 0 0 -100
199630.899000 448666.737000 62.517000 0 0 0 0 -100
199630.464000 448666.838000 62.748000 0 0 0 0 -100
199630.533000 448666.821000 62.490000 0 0 0 0 -100
199764.449000 448636.453000 42.393000 0 0 0 0 -100
199764.046000 448636.546000 42.398000 0 0 0 0 -100
199762.920000 448636.805000 42.382000 0 0 0 0 -100
199762.518000 448636.898000 42.383000 0 0 0 0 -100
199759.615000 448637.567000 43.199000 0 0 0 0 -100
199759.278000 448637.644000 43.164000 0 0 0 0 -100
199725.811000 448645.348000 48.347000 0 0 0 0 -100
199708.013000 448649.445000 51.332000 0 0 0 0 -100
199704.142000 448650.335000 51.908000 0 0 0 0 -100
199703.729000 448650.432000 52.048000 0 0 0 0 -100
199631.335000 448667.094000 62.445000 0 0 0 0 -100
199631.076000 448667.154000 62.123000 0 0 0 0 -100
199770.451000 448635.451000 44.814000 0 0 0 0 -100
199770.449000 448635.451000 43.805000 0 0 0 0 -100
199763.007000 448637.162000 42.398000 0 0 0 0 -100
199759.925000 448637.872000 42.705000 0 0 0 0 -100
199759.337000 448638.007000 43.259000 0 0 0 0 -100
199758.879000 448638.112000 42.474000 0 0 0 0 -100
199758.126000 448638.286000 42.483000 0 0 0 0 -100
199754.344000 448639.155000 42.450000 0 0 0 0 -100
199730.193000 448644.716000 46.598000 0 0 0 0 -100
199711.521000 448649.017000 50.826000 0 0 0 0 -100
199711.426000 448649.038000 50.104000 0 0 0 0 -100
199704.108000 448650.722000 52.203000 0 0 0 0 -100
199703.777000 448650.798000 52.118000 0 0 0 0 -100
199669.180000 448658.763000 56.536000 0 0 0 0 -100
199631.395000 448667.462000 62.475000 0 0 0 0 -100
199770.529000 448635.683000 43.886000 0 0 0 0 -100
199764.269000 448637.122000 42.397000 0 0 0 0 -100
199760.165000 448638.067000 42.369000 0 0 0 0 -100
199759.612000 448638.195000 42.765000 0 0 0 0 -100
199759.336000 448638.258000 42.534000 0 0 0 0 -100
199754.854000 448639.289000 42.356000 0 0 0 0 -100
199754.464000 448639.379000 42.329000 0 0 0 0 -100
199745.945000 448641.342000 44.269000 0 0 0 0 -100
199711.562000 448649.261000 51.079000 0 0 0 0 -100
199711.378000 448649.303000 50.477000 0 0 0 0 -100
199703.871000 448651.031000 52.209000 0 0 0 0 -100
199673.545000 448658.014000 55.648000 0 0 0 0 -100
199660.723000 448660.967000 59.096000 0 0 0 0 -100
199647.495000 448664.013000 60.723000 0 0 0 0 -100
199647.257000 448664.068000 60.160000 0 0 0 0 -100
199645.461000 448664.481000 60.398000 0 0 0 0 -100
199631.528000 448667.689000 62.402000 0 0 0 0 -100
199770.362000 448636.092000 43.948000 0 0 0 0 -100
199764.134000 448637.524000 42.428000 0 0 0 0 -100
199760.716000 448638.312000 42.325000 0 0 0 0 -100
199760.344000 448638.397000 42.357000 0 0 0 0 -100
199759.881000 448638.504000 42.588000 0 0 0 0 -100
199759.528000 448638.585000 42.570000 0 0 0 0 -100
199758.453000 448638.832000 42.390000 0 0 0 0 -100
199758.089000 448638.916000 42.375000 0 0 0 0 -100
199754.710000 448639.694000 42.331000 0 0 0 0 -100
199754.342000 448639.778000 42.358000 0 0 0 0 -100
199711.740000 448649.593000 50.997000 0 0 0 0 -100
199711.445000 448649.661000 50.767000 0 0 0 0 -100
199704.123000 448651.347000 52.175000 0 0 0 0 -100
199703.727000 448651.438000 52.197000 0 0 0 0 -100
199689.537000 448654.705000 53.472000 0 0 0 0 -100
199660.898000 448661.302000 59.074000 0 0 0 0 -100
199660.771000 448661.331000 58.338000 0 0 0 0 -100
199647.701000 448664.342000 60.695000 0 0 0 0 -100
199624.931000 448669.585000 62.925000 0 0 0 0 -100
199763.964000 448638.039000 42.415000 0 0 0 0 -100
199761.724000 448638.555000 42.350000 0 0 0 0 -100
199761.339000 448638.644000 42.363000 0 0 0 0 -100
199760.954000 448638.732000 42.348000 0 0 0 0 -100
199760.608000 448638.812000 42.309000 0 0 0 0 -100
199759.825000 448638.992000 42.315000 0 0 0 0 -100
199759.452000 448639.078000 42.294000 0 0 0 0 -100
199759.055000 448639.169000 42.343000 0 0 0 0 -100
199758.696000 448639.252000 42.283000 0 0 0 0 -100
199758.294000 448639.345000 42.319000 0 0 0 0 -100
199757.965000 448639.420000 42.290000 0 0 0 0 -100
199757.567000 448639.511000 42.311000 0 0 0 0 -100
199756.092000 448639.851000 42.306000 0 0 0 0 -100
199755.697000 448639.942000 42.322000 0 0 0 0 -100
199754.990000 448640.105000 42.321000 0 0 0 0 -100
199754.232000 448640.279000 42.347000 0 0 0 0 -100
199738.285000 448643.953000 46.216000 0 0 0 0 -100
199703.560000 448651.951000 52.307000 0 0 0 0 -100
199679.202000 448657.560000 56.143000 0 0 0 0 -100
199679.193000 448657.561000 54.939000 0 0 0 0 -100
199650.641000 448664.136000 59.709000 0 0 0 0 -100
199642.586000 448665.993000 61.962000 0 0 0 0 -100
199642.466000 448666.020000 61.246000 0 0 0 0 -100
199764.029000 448638.420000 42.346000 0 0 0 0 -100
199763.652000 448638.506000 42.334000 0 0 0 0 -100
199761.010000 448639.115000 42.331000 0 0 0 0 -100
199760.627000 448639.203000 42.367000 0 0 0 0 -100
199760.281000 448639.283000 42.327000 0 0 0 0 -100
199759.878000 448639.376000 42.306000 0 0 0 0 -100
199759.530000 448639.456000 42.303000 0 0 0 0 -100
199759.146000 448639.544000 42.315000 0 0 0 0 -100
199758.766000 448639.632000 42.315000 0 0 0 0 -100
199758.383000 448639.720000 42.351000 0 0 0 0 -100
199758.055000 448639.795000 42.293000 0 0 0 0 -100
199757.707000 448639.875000 42.289000 0 0 0 0 -100
199755.430000 448640.399000 42.348000 0 0 0 0 -100
199754.682000 448640.571000 42.317000 0 0 0 0 -100
199738.302000 448644.346000 46.517000 0 0 0 0 -100
199738.194000 448644.370000 45.712000 0 0 0 0 -100
199677.766000 448658.289000 55.243000 0 0 0 0 -100
199665.264000 448661.168000 57.374000 0 0 0 0 -100
199763.911000 448638.702000 42.319000 0 0 0 0 -100
199763.510000 448638.795000 42.318000 0 0 0 0 -100
199760.860000 448639.405000 42.336000 0 0 0 0 -100
199760.508000 448639.487000 42.373000 0 0 0 0 -100
199760.133000 448639.573000 42.358000 0 0 0 0 -100
199759.383000 448639.745000 42.301000 0 0 0 0 -100
199759.031000 448639.826000 42.337000 0 0 0 0 -100
199758.649000 448639.914000 42.343000 0 0 0 0 -100
199758.274000 448640.001000 42.301000 0 0 0 0 -100
199757.943000 448640.077000 42.279000 0 0 0 0 -100
199757.557000 448640.166000 42.269000 0 0 0 0 -100
199754.881000 448640.781000 42.322000 0 0 0 0 -100
199661.238000 448662.354000 58.506000 0 0 0 0 -100
199763.039000 448639.306000 42.350000 0 0 0 0 -100
199762.295000 448639.478000 42.332000 0 0 0 0 -100
199761.940000 448639.560000 42.318000 0 0 0 0 -100
199761.165000 448639.738000 42.326000 0 0 0 0 -100
199760.810000 448639.820000 42.343000 0 0 0 0 -100
199760.471000 448639.898000 42.315000 0 0 0 0 -100
199759.331000 448640.160000 42.340000 0 0 0 0 -100
199758.924000 448640.254000 42.359000 0 0 0 0 -100
199758.565000 448640.336000 42.329000 0 0 0 0 -100
199758.221000 448640.416000 42.287000 0 0 0 0 -100
199757.852000 448640.501000 42.285000 0 0 0 0 -100
199757.427000 448640.598000 42.326000 0 0 0 0 -100
199756.667000 448640.773000 42.328000 0 0 0 0 -100
199756.287000 448640.861000 42.301000 0 0 0 0 -100
199755.184000 448641.115000 42.348000 0 0 0 0 -100
199762.804000 448639.829000 42.346000 0 0 0 0 -100
199762.062000 448640.001000 42.320000 0 0 0 0 -100
199761.715000 448640.081000 42.316000 0 0 0 0 -100
199761.308000 448640.174000 42.302000 0 0 0 0 -100
199760.926000 448640.262000 42.306000 0 0 0 0 -100
199760.578000 448640.342000 42.333000 0 0 0 0 -100
199760.212000 448640.427000 42.321000 0 0 0 0 -100
199759.428000 448640.607000 42.330000 0 0 0 0 -100
199759.018000 448640.702000 42.386000 0 0 0 0 -100
199758.647000 448640.787000 42.302000 0 0 0 0 -100
199758.265000 448640.875000 42.281000 0 0 0 0 -100
199755.630000 448641.481000 42.333000 0 0 0 0 -100
199639.478000 448668.242000 61.538000 0 0 0 0 -100
199625.567000 448671.446000 63.718000 0 0 0 0 -100
199625.372000 448671.491000 63.008000 0 0 0 0 -100
199762.844000 448640.177000 42.345000 0 0 0 0 -100
199762.103000 448640.349000 42.318000 0 0 0 0 -100
199761.723000 448640.436000 42.344000 0 0 0 0 -100
199761.335000 448640.526000 42.309000 0 0 0 0 -100
199760.162000 448640.796000 42.343000 0 0 0 0 -100
199759.439000 448640.962000 42.325000 0 0 0 0 -100
199759.068000 448641.048000 42.384000 0 0 0 0 -100
199756.420000 448641.657000 42.329000 0 0 0 0 -100
199702.787000 448654.018000 52.450000 0 0 0 0 -100
199653.610000 448665.347000 59.178000 0 0 0 0 -100
199762.075000 448640.616000 42.304000 0 0 0 0 -100
199761.728000 448640.696000 42.325000 0 0 0 0 -100
199761.344000 448640.785000 42.307000 0 0 0 0 -100
199760.970000 448640.871000 42.318000 0 0 0 0 -100
199760.588000 448640.959000 42.379000 0 0 0 0 -100
199760.222000 448641.043000 42.312000 0 0 0 0 -100
199759.437000 448641.224000 42.350000 0 0 0 0 -100
199759.067000 448641.309000 42.353000 0 0 0 0 -100
199758.659000 448641.403000 42.346000 0 0 0 0 -100
199643.198000 448668.014000 60.949000 0 0 0 0 -100
199635.911000 448669.692000 62.035000 0 0 0 0 -100
199772.562000 448638.583000 45.260000 0 0 0 0 -100
199761.528000 448641.124000 42.321000 0 0 0 0 -100
199760.740000 448641.306000 42.368000 0 0 0 0 -100
199760.397000 448641.385000 42.350000 0 0 0 0 -100
199759.615000 448641.565000 42.353000 0 0 0 0 -100
199744.238000 448645.109000 44.692000 0 0 0 0 -100
199716.467000 448651.512000 50.207000 0 0 0 0 -100
199716.360000 448651.536000 49.436000 0 0 0 0 -100
199702.568000 448654.716000 52.513000 0 0 0 0 -100
199658.629000 448664.843000 59.810000 0 0 0 0 -100
199772.974000 448638.964000 45.299000 0 0 0 0 -100
199760.510000 448641.835000 42.302000 0 0 0 0 -100
199760.121000 448641.925000 42.328000 0 0 0 0 -100
199759.736000 448642.013000 42.342000 0 0 0 0 -100
199744.292000 448645.573000 45.834000 0 0 0 0 -100
199707.589000 448654.034000 51.954000 0 0 0 0 -100
199681.356000 448660.079000 54.585000 0 0 0 0 -100
199771.091000 448639.795000 44.896000 0 0 0 0 -100
199742.237000 448646.444000 44.783000 0 0 0 0 -100
199707.370000 448654.483000 51.985000 0 0 0 0 -100
199657.244000 448666.036000 59.298000 0 0 0 0 -100
199656.329000 448666.246000 58.798000 0 0 0 0 -100
199649.231000 448667.885000 61.390000 0 0 0 0 -100
199701.574000 448656.107000 51.770000 0 0 0 0 -100
199701.228000 448656.187000 51.731000 0 0 0 0 -100
199700.831000 448656.278000 51.760000 0 0 0 0 -100
199691.566000 448658.414000 53.388000 0 0 0 0 -100
199691.193000 448658.501000 53.476000 0 0 0 0 -100
199657.256000 448666.325000 58.982000 0 0 0 0 -100
199656.928000 448666.400000 58.872000 0 0 0 0 -100
199656.994000 448666.384000 58.641000 0 0 0 0 -100
199656.535000 448666.491000 59.128000 0 0 0 0 -100
199656.258000 448666.554000 58.806000 0 0 0 0 -100
199649.203000 448668.184000 61.210000 0 0 0 0 -100
199649.123000 448668.201000 60.287000 0 0 0 0 -100
199629.073000 448672.823000 62.831000 0 0 0 0 -100
199691.039000 448658.920000 54.258000 0 0 0 0 -100
199670.149000 448663.737000 56.538000 0 0 0 0 -100
199701.375000 448657.007000 52.989000 0 0 0 0 -100
199632.133000 448672.971000 62.611000 0 0 0 0 -100
199700.294000 448657.631000 53.002000 0 0 0 0 -100
199660.327000 448666.846000 59.173000 0 0 0 0 -100
199669.860000 448664.938000 57.212000 0 0 0 0 -100
199628.295000 448674.521000 62.948000 0 0 0 0 -100
199764.440000 448643.561000 44.717000 0 0 0 0 -100
199764.415000 448643.566000 43.737000 0 0 0 0 -100
199763.239000 448644.354000 44.209000 0 0 0 0 -100
199763.086000 448644.389000 43.606000 0 0 0 0 -100
199724.537000 448653.274000 48.598000 0 0 0 0 -100
199669.651000 448665.924000 56.764000 0 0 0 0 -100
199641.684000 448672.371000 61.460000 0 0 0 0 -100
199763.363000 448644.729000 44.490000 0 0 0 0 -100
199760.504000 448645.387000 43.071000 0 0 0 0 -100
199746.533000 448648.607000 45.369000 0 0 0 0 -100
199723.682000 448653.873000 49.464000 0 0 0 0 -100
199732.796000 448652.057000 46.690000 0 0 0 0 -100
199732.368000 448652.156000 46.788000 0 0 0 0 -100
199652.998000 448670.450000 59.745000 0 0 0 0 -100
199645.211000 448672.245000 61.096000 0 0 0 0 -100
199644.873000 448672.324000 61.066000 0 0 0 0 -100
199644.107000 448672.500000 61.285000 0 0 0 0 -100
199626.419000 448676.575000 64.078000 0 0 0 0 -100
199626.253000 448676.613000 63.296000 0 0 0 0 -100
199768.277000 448644.280000 44.488000 0 0 0 0 -100
199757.853000 448646.680000 43.088000 0 0 0 0 -100
199656.965000 448669.934000 59.488000 0 0 0 0 -100
199642.620000 448673.242000 62.634000 0 0 0 0 -100
199642.421000 448673.288000 62.065000 0 0 0 0 -100
199629.469000 448676.272000 63.027000 0 0 0 0 -100
199623.459000 448677.657000 64.705000 0 0 0 0 -100
199748.676000 448649.294000 45.125000 0 0 0 0 -100
199708.838000 448658.475000 51.588000 0 0 0 0 -100
199708.750000 448658.495000 50.781000 0 0 0 0 -100
199671.526000 448667.072000 57.642000 0 0 0 0 -100
199638.999000 448674.568000 62.127000 0 0 0 0 -100
199748.898000 448649.643000 45.087000 0 0 0 0 -100
199748.623000 448649.706000 44.797000 0 0 0 0 -100
199652.171000 448671.929000 60.072000 0 0 0 0 -100
199649.579000 448672.527000 60.548000 0 0 0 0 -100
199627.374000 448677.642000 63.157000 0 0 0 0 -100
199625.893000 448677.983000 63.402000 0 0 0 0 -100
199748.890000 448649.927000 45.054000 0 0 0 0 -100
199660.386000 448670.321000 58.500000 0 0 0 0 -100
199660.030000 448670.403000 58.488000 0 0 0 0 -100
199642.149000 448674.525000 61.716000 0 0 0 0 -100
199672.759000 448667.834000 57.005000 0 0 0 0 -100
199659.419000 448670.907000 58.686000 0 0 0 0 -100
199644.023000 448674.456000 61.805000 0 0 0 0 -100
199643.810000 448674.505000 61.323000 0 0 0 0 -100
199736.116000 448653.716000 46.477000 0 0 0 0 -100
199668.140000 448669.378000 57.806000 0 0 0 0 -100
199664.171000 448670.293000 57.804000 0 0 0 0 -100
199660.799000 448671.070000 58.316000 0 0 0 0 -100
199623.563000 448679.650000 64.184000 0 0 0 0 -100
199703.019000 448661.719000 52.753000 0 0 0 0 -100
199693.526000 448663.906000 54.133000 0 0 0 0 -100
199750.026000 448651.176000 43.728000 0 0 0 0 -100
199659.600000 448672.016000 58.496000 0 0 0 0 -100
199655.152000 448673.042000 60.426000 0 0 0 0 -100
199636.312000 448677.384000 63.391000 0 0 0 0 -100
199636.007000 448677.454000 63.240000 0 0 0 0 -100
199629.745000 448678.897000 62.948000 0 0 0 0 -100
199645.917000 448675.584000 61.064000 0 0 0 0 -100
199636.767000 448677.694000 63.624000 0 0 0 0 -100
199711.518000 448660.958000 50.996000 0 0 0 0 -100
199654.181000 448674.171000 60.578000 0 0 0 0 -100
199654.035000 448674.205000 59.868000 0 0 0 0 -100
199646.028000 448676.050000 61.819000 0 0 0 0 -100
199645.797000 448676.103000 61.335000 0 0 0 0 -100
199749.686000 448652.552000 43.738000 0 0 0 0 -100
199672.288000 448670.388000 56.544000 0 0 0 0 -100
199654.253000 448674.544000 59.768000 0 0 0 0 -100
199646.213000 448676.397000 61.732000 0 0 0 0 -100
199672.450000 448670.644000 56.619000 0 0 0 0 -100
199648.099000 448676.257000 60.786000 0 0 0 0 -100
199758.862000 448651.129000 43.004000 0 0 0 0 -100
199677.112000 448669.968000 55.832000 0 0 0 0 -100
199665.705000 448672.596000 58.105000 0 0 0 0 -100
199665.480000 448672.648000 57.675000 0 0 0 0 -100
199648.979000 448676.452000 60.590000 0 0 0 0 -100
199648.643000 448676.530000 60.654000 0 0 0 0 -100
199702.571000 448664.604000 52.775000 0 0 0 0 -100
199702.470000 448664.627000 52.002000 0 0 0 0 -100
199649.631000 448676.801000 60.562000 0 0 0 0 -100
199648.263000 448677.117000 61.754000 0 0 0 0 -100
199648.084000 448677.158000 61.016000 0 0 0 0 -100
199647.766000 448677.231000 60.873000 0 0 0 0 -100
199645.530000 448677.745000 61.168000 0 0 0 0 -100
199740.936000 448656.165000 46.061000 0 0 0 0 -100
199738.152000 448656.806000 45.507000 0 0 0 0 -100
199735.457000 448657.427000 46.889000 0 0 0 0 -100
199735.113000 448657.506000 46.830000 0 0 0 0 -100
199709.902000 448663.316000 50.659000 0 0 0 0 -100
199702.692000 448664.977000 52.656000 0 0 0 0 -100
199700.229000 448665.545000 53.434000 0 0 0 0 -100
199651.620000 448676.743000 61.308000 0 0 0 0 -100
199650.472000 448677.007000 60.336000 0 0 0 0 -100
199648.401000 448677.486000 61.546000 0 0 0 0 -100
199636.978000 448680.117000 63.275000 0 0 0 0 -100
199636.791000 448680.160000 62.727000 0 0 0 0 -100
199761.902000 448651.608000 44.409000 0 0 0 0 -100
199761.709000 448651.653000 43.834000 0 0 0 0 -100
199761.583000 448651.682000 43.157000 0 0 0 0 -100
199757.118000 448652.709000 43.152000 0 0 0 0 -100
199740.875000 448656.453000 45.654000 0 0 0 0 -100
199735.249000 448657.749000 46.998000 0 0 0 0 -100
199690.536000 448668.052000 53.642000 0 0 0 0 -100
199684.561000 448669.429000 55.516000 0 0 0 0 -100
199651.802000 448676.978000 61.281000 0 0 0 0 -100
199651.523000 448677.043000 60.902000 0 0 0 0 -100
199651.241000 448677.107000 60.629000 0 0 0 0 -100
199650.991000 448677.164000 60.348000 0 0 0 0 -100
199761.894000 448651.992000 43.990000 0 0 0 0 -100
199761.798000 448652.014000 43.202000 0 0 0 0 -100
199682.367000 448670.317000 56.241000 0 0 0 0 -100
199652.476000 448677.204000 60.699000 0 0 0 0 -100
199652.148000 448677.280000 60.730000 0 0 0 0 -100
199651.744000 448677.373000 60.788000 0 0 0 0 -100
199651.473000 448677.435000 60.411000 0 0 0 0 -100
199624.149000 448683.730000 63.724000 0 0 0 0 -100
199735.227000 448658.620000 46.829000 0 0 0 0 -100
199735.100000 448658.649000 46.165000 0 0 0 0 -100
199711.247000 448664.147000 51.382000 0 0 0 0 -100
199696.679000 448667.503000 53.752000 0 0 0 0 -100
199696.292000 448667.592000 53.689000 0 0 0 0 -100
199652.594000 448677.661000 60.746000 0 0 0 0 -100
199652.283000 448677.733000 60.613000 0 0 0 0 -100
199759.601000 448653.397000 43.048000 0 0 0 0 -100
199742.812000 448657.265000 45.063000 0 0 0 0 -100
199718.453000 448662.880000 50.417000 0 0 0 0 -100
199653.243000 448677.904000 60.687000 0 0 0 0 -100
199652.880000 448677.987000 60.667000 0 0 0 0 -100
199652.635000 448678.044000 60.302000 0 0 0 0 -100
199745.280000 448656.987000 44.761000 0 0 0 0 -100
199743.089000 448657.492000 44.707000 0 0 0 0 -100
199705.419000 448666.173000 51.494000 0 0 0 0 -100
199669.720000 448674.400000 57.119000 0 0 0 0 -100
199653.670000 448678.100000 60.753000 0 0 0 0 -100
199653.307000 448678.183000 60.734000 0 0 0 0 -100
199646.144000 448679.834000 61.140000 0 0 0 0 -100
199718.087000 448663.646000 50.309000 0 0 0 0 -100
199699.829000 448667.854000 53.579000 0 0 0 0 -100
199691.163000 448669.850000 54.619000 0 0 0 0 -100
199691.039000 448669.878000 53.844000 0 0 0 0 -100
199672.968000 448674.043000 56.448000 0 0 0 0 -100
199654.186000 448678.373000 60.733000 0 0 0 0 -100
199653.855000 448678.449000 60.737000 0 0 0 0 -100
199653.516000 448678.527000 60.669000 0 0 0 0 -100
199718.069000 448664.112000 50.290000 0 0 0 0 -100
199710.302000 448665.902000 51.828000 0 0 0 0 -100
199709.969000 448665.979000 51.715000 0 0 0 0 -100
199654.008000 448678.875000 60.293000 0 0 0 0 -100
199729.901000 448661.768000 47.317000 0 0 0 0 -100
199677.287000 448673.895000 55.827000 0 0 0 0 -100
199670.171000 448675.824000 56.974000 0 0 0 0 -100
199630.641000 448684.938000 64.116000 0 0 0 0 -100
199630.451000 448684.981000 63.575000 0 0 0 0 -100
199710.327000 448666.983000 51.766000 0 0 0 0 -100
199710.225000 448667.006000 50.945000 0 0 0 0 -100
199697.799000 448669.870000 53.259000 0 0 0 0 -100
199697.372000 448669.969000 53.419000 0 0 0 0 -100
199665.770000 448677.252000 57.960000 0 0 0 0 -100
199665.493000 448677.315000 57.705000 0 0 0 0 -100
199644.903000 448682.063000 61.463000 0 0 0 0 -100
199742.400000 448660.078000 45.902000 0 0 0 0 -100
199730.489000 448662.823000 47.058000 0 0 0 0 -100
199715.512000 448666.276000 51.221000 0 0 0 0 -100
199715.237000 448666.339000 50.870000 0 0 0 0 -100
199697.414000 448670.447000 54.001000 0 0 0 0 -100
199733.420000 448662.538000 46.703000 0 0 0 0 -100
199715.436000 448666.685000 50.870000 0 0 0 0 -100
199643.150000 448683.345000 61.546000 0 0 0 0 -100
199742.973000 448661.004000 45.181000 0 0 0 0 -100
199742.720000 448661.063000 44.795000 0 0 0 0 -100
199679.166000 448675.713000 55.583000 0 0 0 0 -100
199772.404000 448654.686000 45.861000 0 0 0 0 -100
199748.487000 448660.195000 43.429000 0 0 0 0 -100
199673.595000 448677.460000 56.460000 0 0 0 0 -100
199662.724000 448679.966000 59.252000 0 0 0 0 -100
199757.845000 448658.444000 44.404000 0 0 0 0 -100
199678.886000 448676.644000 55.609000 0 0 0 0 -100
199659.347000 448681.148000 59.843000 0 0 0 0 -100
199638.836000 448685.876000 62.302000 0 0 0 0 -100
199694.475000 448673.320000 53.205000 0 0 0 0 -100
199659.385000 448681.409000 59.919000 0 0 0 0 -100
199659.290000 448681.431000 59.005000 0 0 0 0 -100
199629.379000 448688.326000 63.552000 0 0 0 0 -100
199727.504000 448666.144000 48.769000 0 0 0 0 -100
199704.995000 448671.333000 52.699000 0 0 0 0 -100
199695.013000 448673.632000 53.140000 0 0 0 0 -100
199695.113000 448674.077000 53.132000 0 0 0 0 -100
199689.848000 448675.291000 54.850000 0 0 0 0 -100
199669.056000 448680.083000 58.329000 0 0 0 0 -100
199668.146000 448680.292000 57.707000 0 0 0 0 -100
199633.983000 448688.167000 63.197000 0 0 0 0 -100
199695.194000 448674.488000 53.211000 0 0 0 0 -100
199685.564000 448676.707000 55.166000 0 0 0 0 -100
199681.154000 448677.723000 55.393000 0 0 0 0 -100
199672.864000 448679.634000 56.688000 0 0 0 0 -100
199656.709000 448683.355000 59.320000 0 0 0 0 -100
199626.436000 448690.331000 64.353000 0 0 0 0 -100
199626.182000 448690.390000 63.976000 0 0 0 0 -100
199716.512000 448669.849000 50.763000 0 0 0 0 -100
199709.203000 448671.533000 51.924000 0 0 0 0 -100
199695.711000 448674.643000 54.302000 0 0 0 0 -100
199695.360000 448674.723000 53.148000 0 0 0 0 -100
199685.776000 448676.933000 54.890000 0 0 0 0 -100
199674.951000 448679.427000 57.367000 0 0 0 0 -100
199672.916000 448679.897000 57.035000 0 0 0 0 -100
199668.625000 448680.885000 58.184000 0 0 0 0 -100
199742.637000 448664.242000 44.968000 0 0 0 0 -100
199734.050000 448666.221000 47.300000 0 0 0 0 -100
199720.174000 448669.419000 48.981000 0 0 0 0 -100
199695.552000 448675.094000 53.966000 0 0 0 0 -100
199671.985000 448680.525000 56.715000 0 0 0 0 -100
199669.013000 448681.210000 58.396000 0 0 0 0 -100
199668.748000 448681.271000 58.070000 0 0 0 0 -100
199762.253000 448660.189000 43.705000 0 0 0 0 -100
199733.628000 448666.785000 47.564000 0 0 0 0 -100
199733.250000 448666.872000 47.545000 0 0 0 0 -100
199668.865000 448681.710000 57.940000 0 0 0 0 -100
199646.708000 448686.816000 60.816000 0 0 0 0 -100
199733.435000 448667.236000 47.409000 0 0 0 0 -100
199732.507000 448667.451000 47.907000 0 0 0 0 -100
199677.068000 448680.226000 55.904000 0 0 0 0 -100
199765.245000 448660.183000 44.721000 0 0 0 0 -100
199708.142000 448673.343000 52.366000 0 0 0 0 -100
199645.512000 448687.777000 61.231000 0 0 0 0 -100
199748.228000 448664.531000 43.696000 0 0 0 0 -100
199708.384000 448673.716000 52.334000 0 0 0 0 -100
199626.294000 448692.632000 64.042000 0 0 0 0 -100
199723.611000 448670.660000 48.769000 0 0 0 0 -100
199723.360000 448670.717000 48.404000 0 0 0 0 -100
199704.102000 448675.156000 52.171000 0 0 0 0 -100
199703.691000 448675.251000 52.462000 0 0 0 0 -100
199703.396000 448675.319000 52.232000 0 0 0 0 -100
199670.117000 448682.987000 57.064000 0 0 0 0 -100
199647.277000 448688.252000 60.978000 0 0 0 0 -100
199720.193000 448671.849000 49.403000 0 0 0 0 -100
199704.471000 448675.473000 52.761000 0 0 0 0 -100
199704.127000 448675.552000 52.685000 0 0 0 0 -100
199703.731000 448675.643000 52.742000 0 0 0 0 -100
199703.455000 448675.707000 52.546000 0 0 0 0 -100
199673.723000 448682.558000 57.509000 0 0 0 0 -100
199736.998000 448668.244000 46.021000 0 0 0 0 -100
199736.639000 448668.327000 46.033000 0 0 0 0 -100
199736.282000 448668.409000 46.040000 0 0 0 0 -100
199703.842000 448675.888000 53.014000 0 0 0 0 -100
199703.496000 448675.968000 52.976000 0 0 0 0 -100
199703.061000 448676.068000 52.064000 0 0 0 0 -100
199694.829000 448677.965000 53.859000 0 0 0 0 -100
199769.900000 448661.079000 45.571000 0 0 0 0 -100
199735.644000 448668.972000 46.160000 0 0 0 0 -100
199735.279000 448669.056000 46.190000 0 0 0 0 -100
199718.246000 448672.984000 49.767000 0 0 0 0 -100
199717.912000 448673.061000 49.562000 0 0 0 0 -100
199770.219000 448661.487000 44.387000 0 0 0 0 -100
199695.226000 448678.769000 53.969000 0 0 0 0 -100
199695.062000 448678.806000 53.261000 0 0 0 0 -100
199653.719000 448688.336000 60.615000 0 0 0 0 -100
199744.813000 448667.735000 44.902000 0 0 0 0 -100
199730.724000 448670.982000 46.919000 0 0 0 0 -100
199700.402000 448677.971000 53.277000 0 0 0 0 -100
199700.260000 448678.004000 52.473000 0 0 0 0 -100
199751.411000 448666.485000 44.471000 0 0 0 0 -100
199744.769000 448668.017000 45.225000 0 0 0 0 -100
199739.298000 448669.278000 46.012000 0 0 0 0 -100
199700.528000 448678.215000 53.305000 0 0 0 0 -100
199664.901000 448686.426000 59.182000 0 0 0 0 -100
199771.267000 448662.310000 45.306000 0 0 0 0 -100
199690.114000 448681.015000 54.944000 0 0 0 0 -100
199632.935000 448694.196000 64.095000 0 0 0 0 -100
199771.440000 448662.755000 45.607000 0 0 0 0 -100
199626.069000 448696.257000 64.395000 0 0 0 0 -100
199625.556000 448696.375000 64.923000 0 0 0 0 -100
199625.331000 448696.426000 64.510000 0 0 0 0 -100
199729.355000 448672.865000 48.264000 0 0 0 0 -100
199707.902000 448677.810000 51.905000 0 0 0 0 -100
199681.057000 448683.997000 55.593000 0 0 0 0 -100
199625.862000 448696.716000 65.027000 0 0 0 0 -100
199625.522000 448696.794000 64.976000 0 0 0 0 -100
199767.172000 448664.442000 45.100000 0 0 0 0 -100
199742.887000 448670.036000 44.984000 0 0 0 0 -100
199665.467000 448687.877000 58.771000 0 0 0 0 -100
199665.343000 448687.905000 58.029000 0 0 0 0 -100
199767.887000 448665.183000 45.049000 0 0 0 0 -100
199767.548000 448665.260000 44.960000 0 0 0 0 -100
199740.849000 448671.409000 46.301000 0 0 0 0 -100
199690.104000 448683.097000 54.707000 0 0 0 0 -100
199689.911000 448683.141000 54.215000 0 0 0 0 -100
199652.022000 448691.869000 61.173000 0 0 0 0 -100
199708.482000 448679.238000 52.207000 0 0 0 0 -100
199723.898000 448675.967000 48.235000 0 0 0 0 -100
199712.679000 448678.552000 51.146000 0 0 0 0 -100
199712.505000 448678.593000 50.576000 0 0 0 0 -100
199700.339000 448681.395000 53.194000 0 0 0 0 -100
199748.500000 448670.685000 43.643000 0 0 0 0 -100
199746.348000 448671.181000 44.247000 0 0 0 0 -100
199744.383000 448671.634000 44.680000 0 0 0 0 -100
199706.386000 448680.389000 52.377000 0 0 0 0 -100
199678.424000 448686.832000 57.243000 0 0 0 0 -100
199710.166000 448679.997000 51.962000 0 0 0 0 -100
199665.346000 448690.320000 57.941000 0 0 0 0 -100
199644.915000 448695.029000 62.402000 0 0 0 0 -100
199644.774000 448695.061000 61.660000 0 0 0 0 -100
199727.173000 448676.469000 48.655000 0 0 0 0 -100
199711.794000 448680.013000 51.779000 0 0 0 0 -100
199711.397000 448680.104000 51.862000 0 0 0 0 -100
199709.859000 448680.459000 52.139000 0 0 0 0 -100
199680.492000 448687.224000 55.591000 0 0 0 0 -100
199677.712000 448687.864000 56.368000 0 0 0 0 -100
199644.978000 448695.406000 62.414000 0 0 0 0 -100
199751.569000 448671.110000 43.540000 0 0 0 0 -100
199750.115000 448671.444000 43.459000 0 0 0 0 -100
199727.233000 448676.718000 48.339000 0 0 0 0 -100
199677.770000 448688.115000 56.223000 0 0 0 0 -100
199657.081000 448692.882000 59.572000 0 0 0 0 -100
199678.561000 448688.307000 56.379000 0 0 0 0 -100
199657.315000 448693.201000 59.207000 0 0 0 0 -100
199649.473000 448695.010000 60.705000 0 0 0 0 -100
199649.182000 448695.076000 60.499000 0 0 0 0 -100
199710.177000 448681.846000 52.246000 0 0 0 0 -100
199710.020000 448681.882000 51.499000 0 0 0 0 -100
199702.317000 448683.656000 52.926000 0 0 0 0 -100
199626.986000 448701.016000 64.976000 0 0 0 0 -100
199626.647000 448701.094000 64.990000 0 0 0 0 -100
199626.578000 448701.109000 63.849000 0 0 0 0 -100
199710.124000 448682.142000 51.584000 0 0 0 0 -100
199709.860000 448682.202000 51.197000 0 0 0 0 -100
199680.615000 448688.942000 55.516000 0 0 0 0 -100
199627.122000 448701.271000 65.028000 0 0 0 0 -100
199710.259000 448682.523000 51.983000 0 0 0 0 -100
199710.173000 448682.542000 51.111000 0 0 0 0 -100
199708.264000 448682.982000 52.501000 0 0 0 0 -100
199702.587000 448684.290000 53.126000 0 0 0 0 -100
199677.745000 448690.016000 56.091000 0 0 0 0 -100
199673.418000 448691.013000 57.602000 0 0 0 0 -100
199628.093000 448701.460000 63.640000 0 0 0 0 -100
199627.752000 448701.539000 63.623000 0 0 0 0 -100
199761.356000 448671.239000 45.022000 0 0 0 0 -100
199629.420000 448701.643000 63.346000 0 0 0 0 -100
199761.449000 448671.625000 44.590000 0 0 0 0 -100
199716.127000 448682.071000 49.871000 0 0 0 0 -100
199711.965000 448683.030000 51.545000 0 0 0 0 -100
199689.335000 448688.244000 54.085000 0 0 0 0 -100
199630.223000 448701.867000 63.963000 0 0 0 0 -100
199712.082000 448683.325000 50.812000 0 0 0 0 -100
199696.021000 448687.027000 53.051000 0 0 0 0 -100
199630.491000 448702.130000 63.884000 0 0 0 0 -100
199630.102000 448702.220000 63.942000 0 0 0 0 -100
199729.888000 448679.624000 48.136000 0 0 0 0 -100
199729.804000 448679.643000 47.220000 0 0 0 0 -100
199670.235000 448693.373000 57.204000 0 0 0 0 -100
199635.911000 448701.285000 63.153000 0 0 0 0 -100
199630.669000 448702.494000 64.232000 0 0 0 0 -100
199630.304000 448702.578000 64.378000 0 0 0 0 -100
199630.012000 448702.645000 64.110000 0 0 0 0 -100
199629.901000 448702.670000 63.272000 0 0 0 0 -100
199670.528000 448693.802000 57.085000 0 0 0 0 -100
199635.329000 448701.914000 63.538000 0 0 0 0 -100
199634.227000 448702.168000 63.777000 0 0 0 0 -100
199631.127000 448702.882000 63.394000 0 0 0 0 -100
199629.796000 448703.189000 64.351000 0 0 0 0 -100
199629.623000 448703.228000 63.710000 0 0 0 0 -100
199634.860000 448702.403000 63.736000 0 0 0 0 -100
199634.486000 448702.489000 63.807000 0 0 0 0 -100
199634.143000 448702.568000 63.798000 0 0 0 0 -100
199633.785000 448702.650000 63.808000 0 0 0 0 -100
199633.446000 448702.729000 63.784000 0 0 0 0 -100
199633.120000 448702.804000 63.782000 0 0 0 0 -100
199632.804000 448702.877000 63.604000 0 0 0 0 -100
199632.480000 448702.951000 63.418000 0 0 0 0 -100
199632.193000 448703.017000 63.272000 0 0 0 0 -100
199631.835000 448703.100000 63.285000 0 0 0 0 -100
199631.458000 448703.187000 63.297000 0 0 0 0 -100
199631.079000 448703.274000 63.315000 0 0 0 0 -100
199629.721000 448703.587000 64.482000 0 0 0 0 -100
199629.508000 448703.636000 63.991000 0 0 0 0 -100
199752.244000 448675.638000 43.614000 0 0 0 0 -100
199666.045000 448695.509000 57.825000 0 0 0 0 -100
199659.059000 448697.120000 58.734000 0 0 0 0 -100
199637.230000 448702.152000 62.081000 0 0 0 0 -100
199636.234000 448702.382000 62.982000 0 0 0 0 -100
199635.812000 448702.479000 63.330000 0 0 0 0 -100
199634.637000 448702.750000 63.805000 0 0 0 0 -100
199634.296000 448702.829000 63.786000 0 0 0 0 -100
199633.931000 448702.913000 63.824000 0 0 0 0 -100
199633.566000 448702.998000 63.791000 0 0 0 0 -100
199633.229000 448703.075000 63.760000 0 0 0 0 -100
199633.102000 448703.104000 62.950000 0 0 0 0 -100
199632.684000 448703.201000 63.183000 0 0 0 0 -100
199632.304000 448703.288000 63.207000 0 0 0 0 -100
199632.007000 448703.357000 63.133000 0 0 0 0 -100
199629.618000 448703.907000 64.176000 0 0 0 0 -100
199668.216000 448695.406000 58.707000 0 0 0 0 -100
199668.206000 448695.408000 57.619000 0 0 0 0 -100
199666.105000 448695.892000 58.716000 0 0 0 0 -100
199665.978000 448695.921000 57.888000 0 0 0 0 -100
199634.506000 448703.177000 63.824000 0 0 0 0 -100
199629.586000 448704.311000 64.009000 0 0 0 0 -100
199769.773000 448672.491000 45.488000 0 0 0 0 -100
199687.165000 448691.533000 55.074000 0 0 0 0 -100
199677.536000 448693.752000 56.057000 0 0 0 0 -100
199675.145000 448694.302000 56.632000 0 0 0 0 -100
199635.538000 448703.433000 63.569000 0 0 0 0 -100
199635.180000 448703.516000 63.541000 0 0 0 0 -100
199696.487000 448689.755000 53.185000 0 0 0 0 -100
199686.756000 448691.999000 55.534000 0 0 0 0 -100
199686.579000 448692.039000 54.924000 0 0 0 0 -100
199675.197000 448694.662000 56.784000 0 0 0 0 -100
199674.924000 448694.725000 56.485000 0 0 0 0 -100
199667.874000 448696.351000 58.609000 0 0 0 0 -100
199657.009000 448698.854000 59.070000 0 0 0 0 -100
199635.614000 448703.787000 63.496000 0 0 0 0 -100
199635.311000 448703.857000 63.410000 0 0 0 0 -100
199696.477000 448690.061000 53.820000 0 0 0 0 -100
199696.319000 448690.097000 53.158000 0 0 0 0 -100
199686.871000 448692.276000 55.582000 0 0 0 0 -100
199686.717000 448692.311000 54.931000 0 0 0 0 -100
199635.527000 448704.112000 63.498000 0 0 0 0 -100
199635.167000 448704.195000 63.447000 0 0 0 0 -100
199634.731000 448704.296000 63.674000 0 0 0 0 -100
199635.435000 448704.537000 63.545000 0 0 0 0 -100
199635.041000 448704.627000 63.579000 0 0 0 0 -100
199633.929000 448704.883000 63.680000 0 0 0 0 -100
199633.595000 448704.961000 63.602000 0 0 0 0 -100
199716.575000 448686.316000 49.584000 0 0 0 0 -100
199707.595000 448688.386000 52.494000 0 0 0 0 -100
199668.522000 448697.392000 58.330000 0 0 0 0 -100
199668.310000 448697.440000 57.890000 0 0 0 0 -100
199661.788000 448698.944000 58.281000 0 0 0 0 -100
199623.758000 448707.710000 64.193000 0 0 0 0 -100
199750.548000 448678.863000 43.761000 0 0 0 0 -100
199674.015000 448696.505000 57.222000 0 0 0 0 -100
199651.503000 448701.694000 59.862000 0 0 0 0 -100
199734.323000 448682.887000 47.611000 0 0 0 0 -100
199677.558000 448695.975000 56.289000 0 0 0 0 -100
199677.164000 448696.066000 56.390000 0 0 0 0 -100
199665.689000 448698.711000 58.821000 0 0 0 0 -100
199665.620000 448698.726000 57.861000 0 0 0 0 -100
199750.200000 448679.623000 44.575000 0 0 0 0 -100
199734.552000 448683.229000 46.533000 0 0 0 0 -100
199709.231000 448689.068000 51.903000 0 0 0 0 -100
199677.705000 448696.335000 56.453000 0 0 0 0 -100
199677.371000 448696.412000 56.453000 0 0 0 0 -100
199668.884000 448698.368000 58.377000 0 0 0 0 -100
199771.624000 448675.170000 46.364000 0 0 0 0 -100
199742.835000 448681.803000 44.973000 0 0 0 0 -100
199734.913000 448683.629000 47.480000 0 0 0 0 -100
199734.852000 448683.643000 46.501000 0 0 0 0 -100
199729.463000 448684.886000 48.369000 0 0 0 0 -100
199729.329000 448684.916000 47.659000 0 0 0 0 -100
199728.375000 448685.137000 48.270000 0 0 0 0 -100
199698.771000 448691.960000 53.501000 0 0 0 0 -100
199698.669000 448691.983000 52.696000 0 0 0 0 -100
199650.142000 448703.169000 61.296000 0 0 0 0 -100
199717.372000 448688.027000 50.163000 0 0 0 0 -100
199714.115000 448688.777000 49.857000 0 0 0 0 -100
199698.950000 448692.273000 53.785000 0 0 0 0 -100
199698.744000 448692.321000 53.278000 0 0 0 0 -100
199698.572000 448692.360000 52.724000 0 0 0 0 -100
199650.479000 448703.446000 60.003000 0 0 0 0 -100
199734.966000 448684.254000 47.449000 0 0 0 0 -100
199720.141000 448687.674000 49.868000 0 0 0 0 -100
199717.409000 448688.304000 50.237000 0 0 0 0 -100
199712.086000 448689.531000 50.771000 0 0 0 0 -100
199760.065000 448678.869000 44.735000 0 0 0 0 -100
199758.113000 448679.318000 43.999000 0 0 0 0 -100
199742.004000 448683.032000 44.970000 0 0 0 0 -100
199735.244000 448684.591000 47.406000 0 0 0 0 -100
199735.124000 448684.619000 46.752000 0 0 0 0 -100
199713.168000 448689.682000 50.583000 0 0 0 0 -100
199711.541000 448690.058000 51.153000 0 0 0 0 -100
199665.846000 448700.594000 58.514000 0 0 0 0 -100
199665.553000 448700.661000 58.381000 0 0 0 0 -100
199759.586000 448679.452000 44.107000 0 0 0 0 -100
199735.298000 448685.052000 47.289000 0 0 0 0 -100
199713.256000 448690.135000 50.355000 0 0 0 0 -100
199712.833000 448690.232000 50.516000 0 0 0 0 -100
199708.565000 448691.217000 51.162000 0 0 0 0 -100
199708.214000 448691.298000 51.197000 0 0 0 0 -100
199678.853000 448698.068000 55.848000 0 0 0 0 -100
199670.522000 448699.989000 57.118000 0 0 0 0 -100
199667.367000 448700.716000 58.202000 0 0 0 0 -100
199714.020000 448690.321000 50.152000 0 0 0 0 -100
199711.914000 448690.807000 51.024000 0 0 0 0 -100
199761.040000 448679.750000 45.111000 0 0 0 0 -100
199759.807000 448680.035000 44.456000 0 0 0 0 -100
199734.393000 448685.896000 47.735000 0 0 0 0 -100
199733.296000 448686.149000 47.687000 0 0 0 0 -100
199711.957000 448691.071000 51.074000 0 0 0 0 -100
199711.740000 448691.122000 50.573000 0 0 0 0 -100
199638.525000 448708.007000 62.338000 0 0 0 0 -100
199760.570000 448680.254000 44.749000 0 0 0 0 -100
199760.202000 448680.340000 44.630000 0 0 0 0 -100
199735.809000 448685.965000 47.045000 0 0 0 0 -100
199712.305000 448691.386000 51.244000 0 0 0 0 -100
199711.957000 448691.466000 51.178000 0 0 0 0 -100
199711.728000 448691.520000 50.778000 0 0 0 0 -100
199661.704000 448703.056000 58.489000 0 0 0 0 -100
199643.349000 448707.290000 61.938000 0 0 0 0 -100
199760.497000 448680.753000 44.907000 0 0 0 0 -100
199760.193000 448680.824000 44.698000 0 0 0 0 -100
199735.321000 448686.559000 47.451000 0 0 0 0 -100
199734.673000 448686.709000 47.243000 0 0 0 0 -100
199713.770000 448691.530000 50.120000 0 0 0 0 -100
199713.399000 448691.615000 50.151000 0 0 0 0 -100
199712.009000 448691.936000 51.066000 0 0 0 0 -100
199668.324000 448702.010000 57.818000 0 0 0 0 -100
199668.057000 448702.071000 57.497000 0 0 0 0 -100
199661.100000 448703.676000 59.448000 0 0 0 0 -100
199655.049000 448705.072000 60.492000 0 0 0 0 -100
199627.306000 448711.469000 63.974000 0 0 0 0 -100
199627.107000 448711.515000 63.464000 0 0 0 0 -100
199769.820000 448678.989000 44.923000 0 0 0 0 -100
199763.518000 448680.442000 45.454000 0 0 0 0 -100
199760.728000 448681.085000 44.958000 0 0 0 0 -100
199760.407000 448681.158000 44.936000 0 0 0 0 -100
199733.993000 448687.250000 46.750000 0 0 0 0 -100
199728.609000 448688.492000 48.339000 0 0 0 0 -100
199714.016000 448691.858000 50.015000 0 0 0 0 -100
199713.320000 448692.019000 50.094000 0 0 0 0 -100
199674.863000 448700.887000 57.123000 0 0 0 0 -100
199671.991000 448701.550000 57.067000 0 0 0 0 -100
199671.623000 448701.635000 57.051000 0 0 0 0 -100
199668.200000 448702.424000 57.678000 0 0 0 0 -100
199638.668000 448709.236000 61.818000 0 0 0 0 -100
199768.437000 448679.588000 44.756000 0 0 0 0 -100
199763.620000 448680.698000 44.467000 0 0 0 0 -100
199758.540000 448681.870000 44.078000 0 0 0 0 -100
199713.010000 448692.373000 50.247000 0 0 0 0 -100
199675.255000 448701.082000 57.322000 0 0 0 0 -100
199674.870000 448701.171000 57.397000 0 0 0 0 -100
199671.761000 448701.888000 56.952000 0 0 0 0 -100
199728.361000 448689.235000 47.990000 0 0 0 0 -100
199674.980000 448701.549000 57.701000 0 0 0 0 -100
199662.122000 448704.515000 58.940000 0 0 0 0 -100
199772.285000 448679.602000 46.746000 0 0 0 0 -100
199640.688000 448709.955000 61.448000 0 0 0 0 -100
199651.923000 448707.740000 59.812000 0 0 0 0 -100
199651.528000 448707.831000 60.009000 0 0 0 0 -100
199718.027000 448692.779000 50.289000 0 0 0 0 -100
199717.850000 448692.820000 49.643000 0 0 0 0 -100
199714.503000 448693.592000 50.886000 0 0 0 0 -100
199652.661000 448707.857000 59.683000 0 0 0 0 -100
199651.598000 448708.102000 59.741000 0 0 0 0 -100
199647.662000 448709.011000 61.171000 0 0 0 0 -100
199658.135000 448707.004000 59.791000 0 0 0 0 -100
199766.372000 448682.508000 45.767000 0 0 0 0 -100
199740.086000 448688.570000 45.918000 0 0 0 0 -100
199675.373000 448703.498000 57.545000 0 0 0 0 -100
199675.223000 448703.532000 56.773000 0 0 0 0 -100
199658.225000 448707.453000 59.812000 0 0 0 0 -100
199658.106000 448707.480000 58.873000 0 0 0 0 -100
199654.104000 448708.402000 59.419000 0 0 0 0 -100
199759.523000 448684.469000 44.095000 0 0 0 0 -100
199755.708000 448685.348000 44.175000 0 0 0 0 -100
199721.089000 448693.334000 48.751000 0 0 0 0 -100
199703.208000 448697.459000 53.063000 0 0 0 0 -100
199703.079000 448697.488000 52.192000 0 0 0 0 -100
199684.058000 448701.876000 55.125000 0 0 0 0 -100
199658.588000 448707.750000 59.928000 0 0 0 0 -100
199654.600000 448708.670000 60.430000 0 0 0 0 -100
199646.408000 448710.561000 61.541000 0 0 0 0 -100
199703.210000 448697.738000 52.381000 0 0 0 0 -100
199758.635000 448685.354000 45.041000 0 0 0 0 -100
199630.078000 448715.014000 63.044000 0 0 0 0 -100
199623.811000 448716.460000 64.332000 0 0 0 0 -100
199758.257000 448685.925000 45.231000 0 0 0 0 -100
199725.292000 448693.531000 49.076000 0 0 0 0 -100
199713.932000 448696.152000 51.142000 0 0 0 0 -100
199713.560000 448696.238000 51.179000 0 0 0 0 -100
199670.113000 448706.261000 58.193000 0 0 0 0 -100
199661.243000 448708.307000 59.341000 0 0 0 0 -100
199726.168000 448693.715000 48.819000 0 0 0 0 -100
199670.396000 448706.581000 57.508000 0 0 0 0 -100
199661.058000 448708.735000 59.041000 0 0 0 0 -100
199761.830000 448685.753000 44.334000 0 0 0 0 -100
199758.515000 448686.518000 44.155000 0 0 0 0 -100
199713.012000 448697.018000 50.234000 0 0 0 0 -100
199662.923000 448708.576000 58.055000 0 0 0 0 -100
199661.234000 448708.966000 58.839000 0 0 0 0 -100
199650.808000 448711.372000 60.631000 0 0 0 0 -100
199624.311000 448717.485000 64.668000 0 0 0 0 -100
199623.739000 448717.618000 64.157000 0 0 0 0 -100
199746.625000 448689.676000 44.174000 0 0 0 0 -100
199713.486000 448697.323000 50.366000 0 0 0 0 -100
199713.168000 448697.396000 50.205000 0 0 0 0 -100
199660.784000 448709.968000 58.368000 0 0 0 0 -100
199704.790000 448700.206000 52.767000 0 0 0 0 -100
199704.597000 448700.251000 52.191000 0 0 0 0 -100
199751.744000 448689.655000 44.265000 0 0 0 0 -100
199744.619000 448691.300000 44.492000 0 0 0 0 -100
199770.991000 448685.639000 46.113000 0 0 0 0 -100
199753.806000 448689.602000 44.728000 0 0 0 0 -100
199753.576000 448689.655000 44.311000 0 0 0 0 -100
199739.473000 448692.911000 45.232000 0 0 0 0 -100
199690.924000 448704.115000 54.404000 0 0 0 0 -100
199631.208000 448717.896000 63.731000 0 0 0 0 -100
199730.718000 448695.421000 47.469000 0 0 0 0 -100
199629.608000 448718.751000 63.943000 0 0 0 0 -100
199757.813000 448689.575000 44.292000 0 0 0 0 -100
199750.365000 448691.292000 44.269000 0 0 0 0 -100
199676.845000 448708.253000 56.090000 0 0 0 0 -100
199666.004000 448710.753000 57.614000 0 0 0 0 -100
199650.736000 448714.276000 59.810000 0 0 0 0 -100
199670.108000 448710.067000 57.208000 0 0 0 0 -100
199638.407000 448718.277000 61.570000 0 0 0 0 -100
199663.445000 448712.909000 57.901000 0 0 0 0 -100
199708.125000 448702.884000 51.163000 0 0 0 0 -100
199665.786000 448712.648000 58.362000 0 0 0 0 -100
199665.466000 448712.721000 58.222000 0 0 0 0 -100
199628.133000 448721.331000 62.763000 0 0 0 0 -100
199767.648000 448689.582000 46.583000 0 0 0 0 -100
199741.621000 448695.580000 44.789000 0 0 0 0 -100
199741.236000 448695.670000 44.844000 0 0 0 0 -100
199708.421000 448703.237000 51.450000 0 0 0 0 -100
199708.187000 448703.292000 51.096000 0 0 0 0 -100
199691.788000 448707.073000 54.510000 0 0 0 0 -100
199691.424000 448707.157000 54.598000 0 0 0 0 -100
199667.933000 448712.573000 58.429000 0 0 0 0 -100
199713.273000 448702.586000 50.136000 0 0 0 0 -100
199695.749000 448706.627000 53.421000 0 0 0 0 -100
199691.690000 448707.563000 54.870000 0 0 0 0 -100
199687.800000 448708.459000 54.639000 0 0 0 0 -100
199713.450000 448702.951000 50.172000 0 0 0 0 -100
199741.858000 448697.119000 44.636000 0 0 0 0 -100
199665.928000 448714.626000 58.404000 0 0 0 0 -100
199646.790000 448719.040000 60.728000 0 0 0 0 -100
199767.808000 448691.621000 47.112000 0 0 0 0 -100
199666.130000 448715.054000 58.271000 0 0 0 0 -100
199665.855000 448715.117000 57.945000 0 0 0 0 -100
199729.835000 448700.784000 47.116000 0 0 0 0 -100
199720.585000 448702.917000 49.355000 0 0 0 0 -100
199679.754000 448712.329000 56.457000 0 0 0 0 -100
199666.311000 448715.425000 58.372000 0 0 0 0 -100
199645.559000 448720.210000 61.301000 0 0 0 0 -100
199645.385000 448720.249000 60.537000 0 0 0 0 -100
199634.863000 448722.675000 62.922000 0 0 0 0 -100
199634.988000 448722.910000 63.060000 0 0 0 0 -100
199624.262000 448725.382000 63.702000 0 0 0 0 -100
199762.426000 448693.952000 46.103000 0 0 0 0 -100
199756.343000 448695.353000 45.071000 0 0 0 0 -100
199720.822000 448703.542000 50.009000 0 0 0 0 -100
199633.153000 448723.749000 61.970000 0 0 0 0 -100
199626.411000 448725.302000 63.290000 0 0 0 0 -100
199626.235000 448725.342000 62.622000 0 0 0 0 -100
199763.195000 448694.256000 45.366000 0 0 0 0 -100
199704.046000 448707.887000 52.575000 0 0 0 0 -100
199683.080000 448712.719000 55.838000 0 0 0 0 -100
199682.917000 448712.756000 55.183000 0 0 0 0 -100
199657.517000 448718.609000 58.805000 0 0 0 0 -100
199652.991000 448719.653000 60.845000 0 0 0 0 -100
199652.921000 448719.669000 59.696000 0 0 0 0 -100
199623.970000 448726.341000 62.566000 0 0 0 0 -100
199737.268000 448700.639000 46.725000 0 0 0 0 -100
199737.171000 448700.661000 45.856000 0 0 0 0 -100
199676.399000 448714.667000 56.430000 0 0 0 0 -100
199659.780000 448718.496000 58.433000 0 0 0 0 -100
199657.863000 448718.938000 58.739000 0 0 0 0 -100
199657.495000 448719.022000 58.801000 0 0 0 0 -100
199652.991000 448720.061000 59.574000 0 0 0 0 -100
199623.764000 448726.797000 63.332000 0 0 0 0 -100
199737.325000 448700.884000 46.668000 0 0 0 0 -100
199737.164000 448700.921000 46.044000 0 0 0 0 -100
199676.460000 448714.911000 56.566000 0 0 0 0 -100
199695.588000 448710.924000 54.014000 0 0 0 0 -100
199671.651000 448716.440000 56.966000 0 0 0 0 -100
199671.227000 448716.538000 57.076000 0 0 0 0 -100
199655.775000 448720.098000 59.914000 0 0 0 0 -100
199655.492000 448720.163000 59.617000 0 0 0 0 -100
199627.233000 448726.675000 62.123000 0 0 0 0 -100
199753.674000 448698.021000 44.998000 0 0 0 0 -100
199752.295000 448698.340000 45.799000 0 0 0 0 -100
199688.375000 448713.068000 55.635000 0 0 0 0 -100
199671.457000 448716.965000 57.946000 0 0 0 0 -100
199668.623000 448717.617000 57.839000 0 0 0 0 -100
199668.281000 448717.696000 57.740000 0 0 0 0 -100
199769.151000 448694.862000 48.321000 0 0 0 0 -100
199769.090000 448694.875000 47.398000 0 0 0 0 -100
199691.882000 448712.660000 53.922000 0 0 0 0 -100
199688.466000 448713.448000 55.560000 0 0 0 0 -100
199684.809000 448714.290000 55.616000 0 0 0 0 -100
199684.400000 448714.384000 55.759000 0 0 0 0 -100
199684.035000 448714.468000 55.761000 0 0 0 0 -100
199680.931000 448715.183000 55.450000 0 0 0 0 -100
199641.560000 448724.254000 61.881000 0 0 0 0 -100
199636.146000 448725.500000 62.417000 0 0 0 0 -100
199769.155000 448695.136000 48.217000 0 0 0 0 -100
199762.944000 448696.564000 45.702000 0 0 0 0 -100
199707.931000 448709.239000 51.413000 0 0 0 0 -100
199684.020000 448714.748000 55.856000 0 0 0 0 -100
199672.570000 448717.385000 56.917000 0 0 0 0 -100
199672.249000 448717.460000 56.744000 0 0 0 0 -100
199641.601000 448724.523000 61.921000 0 0 0 0 -100
199636.178000 448725.771000 62.491000 0 0 0 0 -100
199634.376000 448726.186000 62.614000 0 0 0 0 -100
199762.959000 448696.969000 45.754000 0 0 0 0 -100
199683.648000 448715.244000 56.115000 0 0 0 0 -100
199683.305000 448715.323000 56.142000 0 0 0 0 -100
199681.489000 448715.742000 56.127000 0 0 0 0 -100
199672.671000 448717.773000 57.928000 0 0 0 0 -100
199672.435000 448717.827000 57.570000 0 0 0 0 -100
199672.173000 448717.888000 57.171000 0 0 0 0 -100
199671.914000 448717.947000 56.889000 0 0 0 0 -100
199642.740000 448724.671000 61.720000 0 0 0 0 -100
199642.548000 448724.715000 61.019000 0 0 0 0 -100
199634.707000 448726.520000 62.712000 0 0 0 0 -100
199732.905000 448704.382000 47.761000 0 0 0 0 -100
199732.838000 448704.397000 46.800000 0 0 0 0 -100
199682.559000 448715.982000 56.443000 0 0 0 0 -100
199681.832000 448716.151000 56.471000 0 0 0 0 -100
199672.546000 448718.288000 57.577000 0 0 0 0 -100
199672.417000 448718.319000 56.798000 0 0 0 0 -100
199642.837000 448725.134000 61.770000 0 0 0 0 -100
199634.104000 448727.145000 62.756000 0 0 0 0 -100
199633.770000 448727.222000 62.749000 0 0 0 0 -100
199756.685000 448699.328000 46.325000 0 0 0 0 -100
199733.096000 448704.760000 47.740000 0 0 0 0 -100
199685.113000 448715.816000 55.764000 0 0 0 0 -100
199664.763000 448720.503000 57.860000 0 0 0 0 -100
199624.503000 448729.778000 62.636000 0 0 0 0 -100
199720.892000 448707.854000 48.752000 0 0 0 0 -100
199624.783000 448729.992000 62.654000 0 0 0 0 -100
199624.487000 448730.060000 62.469000 0 0 0 0 -100
199677.967000 448718.175000 55.928000 0 0 0 0 -100
199772.146000 448696.999000 49.477000 0 0 0 0 -100
199763.472000 448698.995000 46.527000 0 0 0 0 -100
199742.717000 448703.771000 44.759000 0 0 0 0 -100
199738.160000 448704.821000 44.962000 0 0 0 0 -100
199718.547000 448709.338000 49.425000 0 0 0 0 -100
199676.399000 448719.045000 56.273000 0 0 0 0 -100
199664.964000 448721.677000 58.691000 0 0 0 0 -100
199664.605000 448721.760000 58.619000 0 0 0 0 -100
199630.427000 448729.631000 61.783000 0 0 0 0 -100
199630.035000 448729.721000 61.885000 0 0 0 0 -100
199629.691000 448729.800000 61.843000 0 0 0 0 -100
199772.640000 448697.287000 48.933000 0 0 0 0 -100
199718.597000 448709.731000 50.199000 0 0 0 0 -100
199718.524000 448709.746000 49.329000 0 0 0 0 -100
199685.093000 448717.446000 55.782000 0 0 0 0 -100
199665.210000 448722.024000 58.610000 0 0 0 0 -100
199664.822000 448722.113000 58.735000 0 0 0 0 -100
199649.866000 448725.559000 60.019000 0 0 0 0 -100
199629.847000 448730.169000 62.115000 0 0 0 0 -100
199681.403000 448718.568000 56.127000 0 0 0 0 -100
199668.896000 448721.448000 57.271000 0 0 0 0 -100
199664.914000 448722.364000 58.452000 0 0 0 0 -100
199650.079000 448725.783000 60.773000 0 0 0 0 -100
199649.931000 448725.816000 59.956000 0 0 0 0 -100
199634.034000 448729.476000 61.188000 0 0 0 0 -100
199630.142000 448730.374000 62.621000 0 0 0 0 -100
199623.651000 448731.868000 61.877000 0 0 0 0 -100
199758.687000 448701.168000 46.657000 0 0 0 0 -100
199731.739000 448707.373000 47.918000 0 0 0 0 -100
199729.786000 448707.823000 47.120000 0 0 0 0 -100
199648.324000 448726.586000 60.026000 0 0 0 0 -100
199627.093000 448731.476000 61.510000 0 0 0 0 -100
199666.166000 448722.938000 58.747000 0 0 0 0 -100
199649.491000 448726.779000 61.011000 0 0 0 0 -100
199649.399000 448726.800000 60.030000 0 0 0 0 -100
199648.672000 448726.967000 60.033000 0 0 0 0 -100
199647.320000 448727.280000 60.920000 0 0 0 0 -100
199761.058000 448701.480000 46.451000 0 0 0 0 -100
199760.313000 448701.652000 46.384000 0 0 0 0 -100
199684.142000 448719.192000 56.173000 0 0 0 0 -100
199649.539000 448727.160000 60.754000 0 0 0 0 -100
199647.760000 448727.570000 60.752000 0 0 0 0 -100
199647.332000 448727.669000 61.001000 0 0 0 0 -100
199761.086000 448701.754000 46.487000 0 0 0 0 -100
199747.370000 448704.911000 45.050000 0 0 0 0 -100
199732.533000 448708.734000 46.548000 0 0 0 0 -100
199699.242000 448716.402000 52.823000 0 0 0 0 -100
199746.084000 448706.135000 46.316000 0 0 0 0 -100
199729.057000 448710.054000 48.317000 0 0 0 0 -100
199728.948000 448710.079000 47.535000 0 0 0 0 -100
199705.924000 448715.381000 51.655000 0 0 0 0 -100
199666.193000 448724.527000 58.601000 0 0 0 0 -100
199666.103000 448724.548000 57.650000 0 0 0 0 -100
199762.374000 448702.794000 47.906000 0 0 0 0 -100
199762.257000 448702.821000 47.211000 0 0 0 0 -100
199760.576000 448703.208000 46.694000 0 0 0 0 -100
199762.333000 448703.087000 47.349000 0 0 0 0 -100
199673.790000 448723.469000 56.484000 0 0 0 0 -100
199632.815000 448732.902000 60.630000 0 0 0 0 -100
199689.461000 448720.285000 54.386000 0 0 0 0 -100
199644.265000 448730.690000 61.002000 0 0 0 0 -100
199643.982000 448730.755000 60.801000 0 0 0 0 -100
199628.561000 448734.304000 60.434000 0 0 0 0 -100
199724.930000 448712.623000 47.921000 0 0 0 0 -100
199720.983000 448713.532000 48.761000 0 0 0 0 -100
199720.561000 448713.629000 48.791000 0 0 0 0 -100
199684.094000 448722.023000 55.840000 0 0 0 0 -100
199648.271000 448730.268000 59.874000 0 0 0 0 -100
199647.787000 448730.379000 60.290000 0 0 0 0 -100
199717.993000 448714.625000 50.140000 0 0 0 0 -100
199717.948000 448714.634000 49.153000 0 0 0 0 -100
199662.928000 448727.297000 58.124000 0 0 0 0 -100
199625.452000 448735.922000 60.757000 0 0 0 0 -100
199768.928000 448703.203000 49.453000 0 0 0 0 -100
199718.030000 448714.914000 49.232000 0 0 0 0 -100
199706.304000 448717.994000 52.418000 0 0 0 0 -100
199670.496000 448726.235000 57.164000 0 0 0 0 -100
199740.251000 448710.659000 46.206000 0 0 0 0 -100
199740.294000 448710.648000 45.025000 0 0 0 0 -100
199737.980000 448711.181000 46.367000 0 0 0 0 -100
199737.955000 448711.186000 45.321000 0 0 0 0 -100
199670.734000 448726.655000 58.011000 0 0 0 0 -100
199670.628000 448726.679000 57.220000 0 0 0 0 -100
199670.306000 448726.753000 57.116000 0 0 0 0 -100
199668.610000 448727.143000 57.919000 0 0 0 0 -100
199668.461000 448727.177000 57.201000 0 0 0 0 -100
199641.061000 448733.483000 59.875000 0 0 0 0 -100
199637.400000 448734.325000 60.247000 0 0 0 0 -100
199752.417000 448708.248000 46.698000 0 0 0 0 -100
199752.340000 448708.266000 45.879000 0 0 0 0 -100
199740.387000 448711.016000 45.940000 0 0 0 0 -100
199738.140000 448711.532000 46.059000 0 0 0 0 -100
199674.870000 448726.090000 56.275000 0 0 0 0 -100
199660.741000 448729.341000 59.444000 0 0 0 0 -100
199649.799000 448731.859000 60.293000 0 0 0 0 -100
199649.523000 448731.923000 60.107000 0 0 0 0 -100
199752.334000 448708.552000 46.541000 0 0 0 0 -100
199682.228000 448724.685000 55.300000 0 0 0 0 -100
199649.930000 448732.118000 60.430000 0 0 0 0 -100
199649.661000 448732.180000 60.150000 0 0 0 0 -100
199765.575000 448705.903000 49.881000 0 0 0 0 -100
199744.678000 448710.707000 45.407000 0 0 0 0 -100
199694.620000 448722.225000 53.344000 0 0 0 0 -100
199683.879000 448724.698000 55.274000 0 0 0 0 -100
199683.509000 448724.782000 55.288000 0 0 0 0 -100
199678.726000 448725.883000 55.482000 0 0 0 0 -100
199649.991000 448732.495000 59.791000 0 0 0 0 -100
199764.101000 448706.734000 49.457000 0 0 0 0 -100
199763.989000 448706.759000 48.723000 0 0 0 0 -100
199683.812000 448725.203000 55.021000 0 0 0 0 -100
199659.107000 448730.887000 59.626000 0 0 0 0 -100
199658.832000 448730.950000 59.368000 0 0 0 0 -100
199658.645000 448730.993000 58.805000 0 0 0 0 -100
199654.692000 448731.902000 58.861000 0 0 0 0 -100
199653.931000 448732.077000 58.841000 0 0 0 0 -100
199713.107000 448718.839000 50.820000 0 0 0 0 -100
199705.020000 448720.700000 52.133000 0 0 0 0 -100
199704.986000 448720.707000 51.215000 0 0 0 0 -100
199658.827000 448731.327000 59.354000 0 0 0 0 -100
199643.385000 448734.881000 60.012000 0 0 0 0 -100
199765.565000 448707.059000 49.990000 0 0 0 0 -100
199724.639000 448716.471000 47.788000 0 0 0 0 -100
199723.460000 448716.742000 48.027000 0 0 0 0 -100
199694.357000 448723.439000 54.208000 0 0 0 0 -100
199644.070000 448735.009000 59.470000 0 0 0 0 -100
199643.461000 448735.149000 60.407000 0 0 0 0 -100
199633.891000 448737.350000 59.194000 0 0 0 0 -100
199721.343000 448717.624000 48.386000 0 0 0 0 -100
199713.272000 448719.482000 50.541000 0 0 0 0 -100
199680.802000 448726.952000 55.428000 0 0 0 0 -100
199680.467000 448727.029000 55.332000 0 0 0 0 -100
199660.319000 448731.664000 59.238000 0 0 0 0 -100
199660.210000 448731.688000 58.339000 0 0 0 0 -100
199722.166000 448717.925000 48.630000 0 0 0 0 -100
199686.369000 448726.160000 55.585000 0 0 0 0 -100
199681.034000 448727.387000 55.410000 0 0 0 0 -100
199772.881000 448706.665000 51.673000 0 0 0 0 -100
199722.680000 448718.206000 48.951000 0 0 0 0 -100
199686.539000 448726.520000 55.819000 0 0 0 0 -100
199637.646000 448738.060000 60.128000 0 0 0 0 -100
199637.610000 448738.478000 59.665000 0 0 0 0 -100
199628.943000 448740.470000 59.250000 0 0 0 0 -100
199628.861000 448740.489000 58.299000 0 0 0 0 -100
199628.506000 448740.570000 58.188000 0 0 0 0 -100
199726.080000 448718.611000 48.036000 0 0 0 0 -100
199713.577000 448721.487000 50.265000 0 0 0 0 -100
199657.620000 448734.356000 59.499000 0 0 0 0 -100
199657.537000 448734.375000 58.541000 0 0 0 0 -100
199726.546000 448718.898000 47.371000 0 0 0 0 -100
199726.158000 448718.987000 47.444000 0 0 0 0 -100
199713.709000 448721.852000 50.590000 0 0 0 0 -100
199628.660000 448741.409000 58.874000 0 0 0 0 -100
199731.904000 448717.965000 45.923000 0 0 0 0 -100
199746.500000 448715.030000 46.921000 0 0 0 0 -100
199746.248000 448715.087000 46.597000 0 0 0 0 -100
199736.756000 448717.269000 46.038000 0 0 0 0 -100
199736.443000 448717.341000 45.886000 0 0 0 0 -100
199736.192000 448717.398000 45.524000 0 0 0 0 -100
199713.381000 448722.645000 50.693000 0 0 0 0 -100
199760.670000 448712.287000 49.985000 0 0 0 0 -100
199736.433000 448717.857000 46.581000 0 0 0 0 -100
199683.471000 448730.036000 55.438000 0 0 0 0 -100
199642.138000 448739.539000 58.685000 0 0 0 0 -100
199640.201000 448739.985000 59.264000 0 0 0 0 -100
199635.790000 448740.998000 58.709000 0 0 0 0 -100
199635.463000 448741.073000 58.497000 0 0 0 0 -100
199732.843000 448719.087000 46.155000 0 0 0 0 -100
199711.742000 448723.939000 49.677000 0 0 0 0 -100
199660.092000 448735.812000 57.758000 0 0 0 0 -100
199644.201000 448739.464000 58.472000 0 0 0 0 -100
199635.992000 448741.352000 58.899000 0 0 0 0 -100
199635.705000 448741.418000 58.679000 0 0 0 0 -100
199718.005000 448722.796000 49.620000 0 0 0 0 -100
199711.394000 448724.317000 49.721000 0 0 0 0 -100
199746.129000 448716.727000 47.258000 0 0 0 0 -100
199672.833000 448733.572000 56.596000 0 0 0 0 -100
199654.772000 448737.722000 58.590000 0 0 0 0 -100
199654.501000 448737.784000 58.316000 0 0 0 0 -100
199746.617000 448717.115000 47.377000 0 0 0 0 -100
199746.382000 448717.169000 46.973000 0 0 0 0 -100
199717.221000 448723.869000 49.904000 0 0 0 0 -100
199698.303000 448728.216000 51.972000 0 0 0 0 -100
199697.919000 448728.304000 52.116000 0 0 0 0 -100
199697.157000 448728.479000 52.076000 0 0 0 0 -100
199671.257000 448734.431000 56.426000 0 0 0 0 -100
199654.775000 448738.217000 59.188000 0 0 0 0 -100
199651.003000 448739.084000 58.736000 0 0 0 0 -100
199641.271000 448741.320000 57.977000 0 0 0 0 -100
199752.644000 448716.145000 47.583000 0 0 0 0 -100
199716.959000 448724.342000 49.927000 0 0 0 0 -100
199715.820000 448724.603000 48.939000 0 0 0 0 -100
199706.957000 448726.641000 51.280000 0 0 0 0 -100
199702.682000 448727.623000 52.236000 0 0 0 0 -100
199699.581000 448728.336000 52.725000 0 0 0 0 -100
199699.555000 448728.341000 51.650000 0 0 0 0 -100
199699.109000 448728.444000 51.895000 0 0 0 0 -100
199641.009000 448741.790000 57.857000 0 0 0 0 -100
199701.336000 448728.236000 52.234000 0 0 0 0 -100
199700.085000 448728.523000 51.509000 0 0 0 0 -100
199697.812000 448729.045000 51.838000 0 0 0 0 -100
199642.326000 448741.793000 58.714000 0 0 0 0 -100
199701.372000 448728.628000 51.337000 0 0 0 0 -100
199701.021000 448728.709000 51.346000 0 0 0 0 -100
199631.164000 448744.755000 57.459000 0 0 0 0 -100
199770.478000 448713.268000 54.049000 0 0 0 0 -100
199760.450000 448715.569000 50.793000 0 0 0 0 -100
199759.673000 448715.747000 50.788000 0 0 0 0 -100
199759.356000 448715.820000 50.617000 0 0 0 0 -100
199702.731000 448728.823000 51.852000 0 0 0 0 -100
199692.568000 448731.157000 53.106000 0 0 0 0 -100
199676.577000 448734.830000 56.896000 0 0 0 0 -100
199676.472000 448734.854000 56.141000 0 0 0 0 -100
199649.742000 448740.992000 58.355000 0 0 0 0 -100
199717.404000 448725.874000 48.515000 0 0 0 0 -100
199699.583000 448729.967000 51.738000 0 0 0 0 -100
199699.286000 448730.035000 51.608000 0 0 0 0 -100
199692.619000 448731.565000 53.008000 0 0 0 0 -100
199690.344000 448732.088000 53.379000 0 0 0 0 -100
199684.897000 448733.339000 54.504000 0 0 0 0 -100
199676.633000 448735.238000 56.940000 0 0 0 0 -100
199676.663000 448735.230000 55.770000 0 0 0 0 -100
199661.214000 448738.778000 58.144000 0 0 0 0 -100
199661.031000 448738.820000 57.668000 0 0 0 0 -100
199658.548000 448739.389000 57.495000 0 0 0 0 -100
199653.875000 448740.462000 57.813000 0 0 0 0 -100
199649.695000 448741.422000 58.691000 0 0 0 0 -100
199699.561000 448730.272000 51.713000 0 0 0 0 -100
199699.284000 448730.336000 51.461000 0 0 0 0 -100
199661.207000 448739.080000 58.135000 0 0 0 0 -100
199649.675000 448741.728000 58.661000 0 0 0 0 -100
199649.291000 448741.816000 58.749000 0 0 0 0 -100
199763.712000 448715.956000 51.657000 0 0 0 0 -100
199701.349000 448730.273000 51.154000 0 0 0 0 -100
199646.034000 448742.971000 57.185000 0 0 0 0 -100
199745.163000 448720.699000 46.890000 0 0 0 0 -100
199666.752000 448738.702000 56.691000 0 0 0 0 -100
199648.840000 448742.814000 58.274000 0 0 0 0 -100
199648.572000 448742.875000 58.090000 0 0 0 0 -100
199767.084000 448716.052000 53.477000 0 0 0 0 -100
199748.179000 448720.390000 48.758000 0 0 0 0 -100
199707.112000 448729.817000 50.065000 0 0 0 0 -100
199693.013000 448733.053000 53.089000 0 0 0 0 -100
199656.150000 448741.516000 57.381000 0 0 0 0 -100
199705.988000 448730.348000 51.257000 0 0 0 0 -100
199693.054000 448733.317000 53.120000 0 0 0 0 -100
199671.612000 448738.242000 57.182000 0 0 0 0 -100
199671.465000 448738.276000 56.427000 0 0 0 0 -100
199659.467000 448741.030000 57.025000 0 0 0 0 -100
199763.506000 448717.564000 52.962000 0 0 0 0 -100
199763.341000 448717.601000 52.321000 0 0 0 0 -100
199748.176000 448721.081000 48.728000 0 0 0 0 -100
199747.864000 448721.153000 48.689000 0 0 0 0 -100
199706.757000 448730.589000 49.907000 0 0 0 0 -100
199705.993000 448730.765000 51.220000 0 0 0 0 -100
199699.157000 448732.335000 52.099000 0 0 0 0 -100
199656.799000 448742.059000 57.433000 0 0 0 0 -100
199656.486000 448742.131000 57.268000 0 0 0 0 -100
199706.075000 448731.228000 51.076000 0 0 0 0 -100
199657.220000 448742.443000 57.519000 0 0 0 0 -100
199656.828000 448742.533000 57.664000 0 0 0 0 -100
199759.186000 448719.486000 51.888000 0 0 0 0 -100
199695.050000 448734.203000 51.664000 0 0 0 0 -100
199657.485000 448742.824000 57.003000 0 0 0 0 -100
199771.967000 448716.869000 55.447000 0 0 0 0 -100
199736.437000 448725.018000 47.223000 0 0 0 0 -100
199736.149000 448725.084000 46.880000 0 0 0 0 -100
199736.332000 448725.478000 46.889000 0 0 0 0 -100
199736.179000 448725.513000 46.275000 0 0 0 0 -100
199647.571000 448745.842000 57.019000 0 0 0 0 -100
199735.649000 448726.140000 47.414000 0 0 0 0 -100
199649.444000 448745.915000 55.941000 0 0 0 0 -100
199648.311000 448746.175000 56.101000 0 0 0 0 -100
199761.089000 448720.722000 52.780000 0 0 0 0 -100
199649.952000 448746.209000 55.910000 0 0 0 0 -100
199649.508000 448746.311000 56.245000 0 0 0 0 -100
199649.176000 448746.387000 56.183000 0 0 0 0 -100
199648.906000 448746.449000 55.971000 0 0 0 0 -100
199760.057000 448721.238000 52.710000 0 0 0 0 -100
199703.438000 448734.222000 49.737000 0 0 0 0 -100
199660.928000 448743.973000 56.427000 0 0 0 0 -100
199650.308000 448746.407000 56.118000 0 0 0 0 -100
199649.926000 448746.495000 56.270000 0 0 0 0 -100
199649.557000 448746.580000 56.303000 0 0 0 0 -100
199649.205000 448746.660000 56.208000 0 0 0 0 -100
199648.974000 448746.713000 55.787000 0 0 0 0 -100
199723.619000 448730.013000 46.863000 0 0 0 0 -100
199661.025000 448744.369000 56.646000 0 0 0 0 -100
199657.697000 448745.131000 55.916000 0 0 0 0 -100
199650.711000 448746.733000 56.463000 0 0 0 0 -100
199650.317000 448746.823000 56.551000 0 0 0 0 -100
199650.011000 448746.893000 56.499000 0 0 0 0 -100
199649.723000 448746.959000 56.178000 0 0 0 0 -100
199726.376000 448729.849000 46.947000 0 0 0 0 -100
199683.025000 448739.790000 54.597000 0 0 0 0 -100
199682.776000 448739.847000 54.153000 0 0 0 0 -100
199665.513000 448743.807000 56.554000 0 0 0 0 -100
199650.487000 448747.252000 56.601000 0 0 0 0 -100
199697.472000 448736.879000 50.699000 0 0 0 0 -100
199658.723000 448745.764000 56.213000 0 0 0 0 -100
199658.095000 448745.907000 55.758000 0 0 0 0 -100
199645.831000 448748.718000 55.105000 0 0 0 0 -100
199768.470000 448720.877000 55.380000 0 0 0 0 -100
199768.232000 448720.932000 54.997000 0 0 0 0 -100
199740.360000 448727.320000 48.289000 0 0 0 0 -100
199657.910000 448746.228000 55.766000 0 0 0 0 -100
199768.691000 448721.242000 55.586000 0 0 0 0 -100
199768.410000 448721.306000 55.291000 0 0 0 0 -100
199731.296000 448729.812000 46.334000 0 0 0 0 -100
199730.925000 448729.897000 46.293000 0 0 0 0 -100
199697.351000 448737.598000 51.318000 0 0 0 0 -100
199697.001000 448737.678000 51.229000 0 0 0 0 -100
199681.992000 448741.119000 53.999000 0 0 0 0 -100
199671.263000 448743.581000 55.109000 0 0 0 0 -100
199658.441000 448746.521000 56.027000 0 0 0 0 -100
199658.100000 448746.599000 55.855000 0 0 0 0 -100
199647.883000 448748.941000 55.591000 0 0 0 0 -100
199766.291000 448722.269000 54.361000 0 0 0 0 -100
199732.925000 448729.915000 47.369000 0 0 0 0 -100
199697.457000 448738.049000 51.290000 0 0 0 0 -100
199697.218000 448738.103000 50.914000 0 0 0 0 -100
199667.945000 448744.815000 55.718000 0 0 0 0 -100
199658.959000 448746.875000 55.878000 0 0 0 0 -100
199658.558000 448746.967000 56.018000 0 0 0 0 -100
199658.294000 448747.028000 55.719000 0 0 0 0 -100
199657.806000 448747.140000 56.093000 0 0 0 0 -100
199658.114000 448747.069000 55.024000 0 0 0 0 -100
199772.200000 448721.332000 56.436000 0 0 0 0 -100
199709.659000 448735.667000 49.565000 0 0 0 0 -100
199709.284000 448735.752000 49.487000 0 0 0 0 -100
199697.436000 448738.468000 51.160000 0 0 0 0 -100
199681.021000 448742.232000 53.905000 0 0 0 0 -100
199680.307000 448742.395000 53.921000 0 0 0 0 -100
199656.399000 448747.876000 55.929000 0 0 0 0 -100
199767.370000 448722.692000 54.776000 0 0 0 0 -100
199658.482000 448747.657000 55.547000 0 0 0 0 -100
199732.915000 448731.012000 47.791000 0 0 0 0 -100
199682.958000 448742.467000 54.289000 0 0 0 0 -100
199679.052000 448743.363000 53.980000 0 0 0 0 -100
199658.917000 448747.980000 55.489000 0 0 0 0 -100
199738.970000 448730.116000 48.337000 0 0 0 0 -100
199709.239000 448736.931000 48.979000 0 0 0 0 -100
199691.420000 448741.017000 52.232000 0 0 0 0 -100
199690.180000 448741.301000 51.506000 0 0 0 0 -100
199688.252000 448741.742000 51.844000 0 0 0 0 -100
199659.241000 448748.393000 55.025000 0 0 0 0 -100
199656.369000 448749.051000 55.175000 0 0 0 0 -100
199739.445000 448730.433000 47.650000 0 0 0 0 -100
199712.842000 448736.530000 48.881000 0 0 0 0 -100
199712.843000 448736.530000 47.775000 0 0 0 0 -100
199709.696000 448737.252000 48.418000 0 0 0 0 -100
199690.085000 448741.748000 51.508000 0 0 0 0 -100
199686.713000 448742.521000 51.942000 0 0 0 0 -100
199662.377000 448748.100000 55.208000 0 0 0 0 -100
199655.493000 448749.677000 55.331000 0 0 0 0 -100
199742.373000 448730.048000 49.393000 0 0 0 0 -100
199738.603000 448730.912000 48.405000 0 0 0 0 -100
199733.652000 448732.046000 47.881000 0 0 0 0 -100
199733.313000 448732.123000 47.718000 0 0 0 0 -100
199690.124000 448742.023000 51.907000 0 0 0 0 -100
199662.473000 448748.361000 55.254000 0 0 0 0 -100
199738.729000 448731.337000 48.239000 0 0 0 0 -100
199733.752000 448732.476000 47.551000 0 0 0 0 -100
199733.444000 448732.547000 47.418000 0 0 0 0 -100
199766.881000 448725.373000 56.260000 0 0 0 0 -100
199733.793000 448732.950000 47.551000 0 0 0 0 -100
199694.499000 448741.954000 50.855000 0 0 0 0 -100
199694.116000 448742.041000 50.937000 0 0 0 0 -100
199660.893000 448749.654000 54.641000 0 0 0 0 -100
199660.619000 448749.717000 54.408000 0 0 0 0 -100
199768.056000 448725.536000 55.807000 0 0 0 0 -100
199694.426000 448742.400000 50.938000 0 0 0 0 -100
199694.043000 448742.487000 50.986000 0 0 0 0 -100
199688.379000 448743.785000 51.598000 0 0 0 0 -100
199687.972000 448743.878000 51.663000 0 0 0 0 -100
199681.610000 448745.336000 53.748000 0 0 0 0 -100
199681.476000 448745.367000 52.960000 0 0 0 0 -100
199675.335000 448746.774000 54.118000 0 0 0 0 -100
199673.377000 448747.222000 54.615000 0 0 0 0 -100
199673.089000 448747.288000 54.398000 0 0 0 0 -100
199769.037000 448725.589000 57.312000 0 0 0 0 -100
199747.841000 448730.442000 51.826000 0 0 0 0 -100
199693.985000 448742.777000 51.233000 0 0 0 0 -100
199693.694000 448742.844000 50.929000 0 0 0 0 -100
199687.996000 448744.149000 51.618000 0 0 0 0 -100
199687.669000 448744.224000 51.619000 0 0 0 0 -100
199687.471000 448744.687000 51.581000 0 0 0 0 -100
199735.355000 448734.185000 48.224000 0 0 0 0 -100
199735.265000 448734.205000 47.513000 0 0 0 0 -100
199687.009000 448745.255000 51.524000 0 0 0 0 -100
199672.448000 448748.590000 54.215000 0 0 0 0 -100
199672.342000 448748.614000 53.389000 0 0 0 0 -100
199735.531000 448734.570000 47.499000 0 0 0 0 -100
199707.755000 448740.931000 48.847000 0 0 0 0 -100
199772.887000 448726.293000 58.324000 0 0 0 0 -100
199720.505000 448739.176000 48.215000 0 0 0 0 -100
199720.508000 448739.175000 47.057000 0 0 0 0 -100
199707.559000 448742.138000 48.427000 0 0 0 0 -100
199705.560000 448742.992000 48.620000 0 0 0 0 -100
199697.899000 448744.747000 49.836000 0 0 0 0 -100
199712.942000 448741.579000 47.227000 0 0 0 0 -100
199705.805000 448743.213000 48.782000 0 0 0 0 -100
199692.353000 448746.292000 49.695000 0 0 0 0 -100
199701.691000 448744.590000 49.100000 0 0 0 0 -100
199701.296000 448744.682000 49.149000 0 0 0 0 -100
199700.977000 448744.754000 49.117000 0 0 0 0 -100
199692.832000 448746.618000 50.580000 0 0 0 0 -100
199692.653000 448746.658000 49.982000 0 0 0 0 -100
199692.356000 448746.726000 49.754000 0 0 0 0 -100
199745.941000 448734.946000 52.225000 0 0 0 0 -100
199742.121000 448735.819000 50.341000 0 0 0 0 -100
199701.622000 448745.082000 49.192000 0 0 0 0 -100
199692.433000 448747.184000 49.510000 0 0 0 0 -100
199699.953000 448745.891000 49.031000 0 0 0 0 -100
199733.333000 448738.545000 48.678000 0 0 0 0 -100
199729.197000 448739.919000 48.286000 0 0 0 0 -100
199728.930000 448739.980000 47.970000 0 0 0 0 -100
199698.773000 448746.878000 48.195000 0 0 0 0 -100
199733.076000 448739.526000 48.566000 0 0 0 0 -100
199729.866000 448740.261000 48.129000 0 0 0 0 -100
199727.626000 448740.773000 47.999000 0 0 0 0 -100
199727.621000 448740.773000 47.028000 0 0 0 0 -100
199733.411000 448739.878000 47.789000 0 0 0 0 -100
199739.682000 448740.028000 49.849000 0 0 0 0 -100
199727.268000 448742.865000 48.288000 0 0 0 0 -100
199727.112000 448742.901000 47.675000 0 0 0 0 -100
199727.266000 448743.173000 47.477000 0 0 0 0 -100
199749.026000 448738.640000 54.686000 0 0 0 0 -100
199723.776000 448744.409000 47.313000 0 0 0 0 -100
199711.276000 448747.266000 47.330000 0 0 0 0 -100
199710.874000 448747.357000 47.329000 0 0 0 0 -100
199752.849000 448738.286000 55.945000 0 0 0 0 -100
199766.516000 448735.588000 59.558000 0 0 0 0 -100
199766.407000 448735.891000 58.980000 0 0 0 0 -100
199739.394000 448742.056000 51.094000 0 0 0 0 -100
199767.149000 448736.107000 59.891000 0 0 0 0 -100
199738.687000 448743.446000 50.300000 0 0 0 0 -100
199729.188000 448745.903000 47.746000 0 0 0 0 -100
199719.907000 448748.453000 48.283000 0 0 0 0 -100
199758.774000 448740.103000 58.652000 0 0 0 0 -100
199759.051000 448740.477000 58.715000 0 0 0 0 -100
199758.816000 448740.531000 58.269000 0 0 0 0 -100
199745.358000 448743.599000 54.262000 0 0 0 0 -100
199759.324000 448740.742000 58.157000 0 0 0 0 -100
199758.961000 448740.824000 58.062000 0 0 0 0 -100
199749.744000 448742.925000 55.720000 0 0 0 0 -100
199765.162000 448739.823000 60.228000 0 0 0 0 -100
199722.557000 448749.535000 48.291000 0 0 0 0 -100
199765.993000 448742.120000 60.304000 0 0 0 0 -100
199770.774000 448741.351000 61.343000 0 0 0 0 -100
199746.669000 448746.839000 54.854000 0 0 0 0 -100
199770.753000 448741.774000 61.605000 0 0 0 0 -100
199746.906000 448747.204000 55.429000 0 0 0 0 -100
199746.826000 448747.221000 54.594000 0 0 0 0 -100
199772.757000 448742.899000 61.610000 0 0 0 0 -100
199764.993000 448745.160000 61.579000 0 0 0 0 -100
199764.979000 448745.163000 60.649000 0 0 0 0 -100
199765.238000 448745.490000 61.895000 0 0 0 0 -100
199761.785000 448746.276000 61.044000 0 0 0 0 -100
199772.697000 448747.363000 62.428000 0 0 0 0 -100
199768.315000 448748.245000 63.088000 0 0 0 0 -100
199760.840000 448749.681000 61.079000 0 0 0 0 -100
199760.821000 448749.382000 60.935000 0 0 0 0 -100
199760.746000 448749.190000 61.032000 0 0 0 0 -100
199753.202000 448749.955000 58.271000 0 0 0 0 -100
199753.270000 448749.939000 57.652000 0 0 0 0 -100
199773.306000 448744.981000 62.135000 0 0 0 0 -100
199753.105000 448749.767000 58.183000 0 0 0 0 -100
199753.205000 448749.743000 57.629000 0 0 0 0 -100
199773.243000 448744.782000 62.930000 0 0 0 0 -100
199767.738000 448743.684000 61.133000 0 0 0 0 -100
199766.823000 448743.283000 61.803000 0 0 0 0 -100
199771.948000 448742.016000 61.480000 0 0 0 0 -100
199770.741000 448741.883000 61.451000 0 0 0 0 -100
199762.545000 448743.573000 60.330000 0 0 0 0 -100
199770.794000 448741.534000 61.598000 0 0 0 0 -100
199746.957000 448747.206000 55.168000 0 0 0 0 -100
199747.146000 448747.159000 54.635000 0 0 0 0 -100
199762.572000 448743.340000 60.315000 0 0 0 0 -100
199747.013000 448746.810000 54.944000 0 0 0 0 -100
199731.277000 448749.873000 49.277000 0 0 0 0 -100
199743.595000 448746.825000 53.190000 0 0 0 0 -100
199731.212000 448749.650000 49.207000 0 0 0 0 -100
199731.575000 448749.560000 49.091000 0 0 0 0 -100
199743.542000 448746.599000 53.189000 0 0 0 0 -100
199728.324000 448749.999000 48.300000 0 0 0 0 -100
199731.604000 448749.188000 48.968000 0 0 0 0 -100
199733.856000 448747.858000 49.393000 0 0 0 0 -100
199765.526000 448739.826000 60.729000 0 0 0 0 -100
199761.715000 448740.423000 58.731000 0 0 0 0 -100
199720.064000 448749.948000 48.458000 0 0 0 0 -100
199729.553000 448747.602000 48.189000 0 0 0 0 -100
199729.560000 448747.380000 48.380000 0 0 0 0 -100
199758.789000 448740.145000 58.512000 0 0 0 0 -100
199716.385000 448749.539000 47.081000 0 0 0 0 -100
199755.945000 448739.752000 56.615000 0 0 0 0 -100
199732.881000 448744.474000 49.353000 0 0 0 0 -100
199732.986000 448744.449000 48.718000 0 0 0 0 -100
199740.850000 448742.503000 51.277000 0 0 0 0 -100
199732.849000 448744.144000 48.670000 0 0 0 0 -100
199733.133000 448744.074000 48.466000 0 0 0 0 -100
199752.926000 448738.580000 55.440000 0 0 0 0 -100
199757.757000 448737.383000 56.912000 0 0 0 0 -100
199711.242000 448748.105000 48.191000 0 0 0 0 -100
199711.415000 448748.062000 47.697000 0 0 0 0 -100
199711.656000 448748.003000 47.357000 0 0 0 0 -100
199711.249000 448747.887000 48.475000 0 0 0 0 -100
199711.399000 448747.850000 47.936000 0 0 0 0 -100
199711.574000 448747.807000 47.424000 0 0 0 0 -100
199711.079000 448747.551000 48.441000 0 0 0 0 -100
199713.028000 448747.069000 47.187000 0 0 0 0 -100
199724.048000 448744.344000 48.327000 0 0 0 0 -100
199724.188000 448744.309000 47.766000 0 0 0 0 -100
199710.756000 448747.215000 47.451000 0 0 0 0 -100
199711.160000 448747.116000 47.362000 0 0 0 0 -100
199712.816000 448746.705000 47.201000 0 0 0 0 -100
199723.834000 448743.981000 48.333000 0 0 0 0 -100
199727.139000 448743.165000 47.390000 0 0 0 0 -100
199745.262000 448738.680000 52.934000 0 0 0 0 -100
199727.445000 448742.745000 48.331000 0 0 0 0 -100
199745.201000 448738.351000 52.429000 0 0 0 0 -100
199745.102000 448738.150000 52.784000 0 0 0 0 -100
199745.123000 448738.145000 52.045000 0 0 0 0 -100
199734.709000 448740.358000 48.908000 0 0 0 0 -100
199703.487000 448747.669000 48.117000 0 0 0 0 -100
199703.550000 448747.653000 47.413000 0 0 0 0 -100
199731.768000 448740.675000 47.571000 0 0 0 0 -100
199703.202000 448747.398000 47.472000 0 0 0 0 -100
199723.960000 448742.265000 46.973000 0 0 0 0 -100
199731.379000 448740.430000 47.491000 0 0 0 0 -100
199731.799000 448740.326000 47.467000 0 0 0 0 -100
199733.349000 448739.942000 48.894000 0 0 0 0 -100
199736.512000 448739.160000 48.732000 0 0 0 0 -100
199736.859000 448739.074000 48.563000 0 0 0 0 -100
199755.142000 448734.551000 54.856000 0 0 0 0 -100
199733.239000 448739.781000 48.745000 0 0 0 0 -100
199736.673000 448738.932000 49.061000 0 0 0 0 -100
199736.830000 448738.893000 48.551000 0 0 0 0 -100
199755.603000 448734.248000 54.866000 0 0 0 0 -100
199730.191000 448740.169000 47.301000 0 0 0 0 -100
199732.869000 448739.506000 48.502000 0 0 0 0 -100
199736.620000 448738.577000 49.319000 0 0 0 0 -100
199755.802000 448733.831000 54.884000 0 0 0 0 -100
199727.554000 448740.383000 47.086000 0 0 0 0 -100
199733.764000 448738.845000 48.750000 0 0 0 0 -100
199698.508000 448747.032000 48.934000 0 0 0 0 -100
199761.063000 448731.555000 55.896000 0 0 0 0 -100
199768.345000 448729.754000 57.555000 0 0 0 0 -100
199700.135000 448745.869000 49.195000 0 0 0 0 -100
199754.680000 448732.376000 54.873000 0 0 0 0 -100
199700.059000 448745.528000 48.912000 0 0 0 0 -100
199700.211000 448745.491000 48.292000 0 0 0 0 -100
199754.543000 448732.051000 54.400000 0 0 0 0 -100
199764.434000 448729.603000 56.395000 0 0 0 0 -100
199765.726000 448729.283000 56.522000 0 0 0 0 -100
199699.973000 448745.344000 49.327000 0 0 0 0 -100
199699.930000 448745.355000 48.441000 0 0 0 0 -100
199765.738000 448729.072000 56.406000 0 0 0 0 -100
199701.227000 448744.688000 49.235000 0 0 0 0 -100
199751.942000 448732.141000 53.923000 0 0 0 0 -100
199752.086000 448732.105000 53.319000 0 0 0 0 -100
199693.059000 448745.965000 49.568000 0 0 0 0 -100
199702.082000 448743.733000 48.910000 0 0 0 0 -100
199720.569000 448739.160000 47.921000 0 0 0 0 -100
199720.531000 448739.170000 47.030000 0 0 0 0 -100
199767.332000 448727.589000 56.014000 0 0 0 0 -100
199702.398000 448743.460000 48.124000 0 0 0 0 -100
199707.741000 448742.139000 47.724000 0 0 0 0 -100
199720.521000 448738.977000 48.062000 0 0 0 0 -100
199720.581000 448738.962000 47.318000 0 0 0 0 -100
199737.018000 448734.895000 47.707000 0 0 0 0 -100
199707.589000 448741.813000 47.811000 0 0 0 0 -100
199709.118000 448741.435000 47.531000 0 0 0 0 -100
199736.861000 448734.571000 47.709000 0 0 0 0 -100
199709.063000 448741.036000 47.659000 0 0 0 0 -100
199707.909000 448740.999000 48.623000 0 0 0 0 -100
199708.230000 448740.920000 47.746000 0 0 0 0 -100
199709.067000 448740.713000 47.646000 0 0 0 0 -100
199711.770000 448740.045000 47.952000 0 0 0 0 -100
199732.850000 448734.830000 47.435000 0 0 0 0 -100
199733.147000 448734.757000 47.138000 0 0 0 0 -100
199749.705000 448730.659000 51.447000 0 0 0 0 -100
199707.674000 448740.879000 48.968000 0 0 0 0 -100
199707.939000 448740.813000 48.587000 0 0 0 0 -100
199708.119000 448740.769000 48.174000 0 0 0 0 -100
199708.259000 448740.735000 47.640000 0 0 0 0 -100
199733.102000 448734.589000 47.844000 0 0 0 0 -100
199733.244000 448734.554000 47.259000 0 0 0 0 -100
199752.476000 448729.794000 52.736000 0 0 0 0 -100
199761.962000 448727.445000 54.678000 0 0 0 0 -100
199707.597000 448740.599000 49.004000 0 0 0 0 -100
199707.848000 448740.537000 48.640000 0 0 0 0 -100
199725.301000 448736.221000 46.759000 0 0 0 0 -100
199752.338000 448729.529000 52.806000 0 0 0 0 -100
199672.576000 448748.875000 54.030000 0 0 0 0 -100
199706.143000 448740.574000 47.994000 0 0 0 0 -100
199734.093000 448733.660000 47.785000 0 0 0 0 -100
199687.141000 448744.958000 51.588000 0 0 0 0 -100
199701.624000 448741.377000 49.239000 0 0 0 0 -100
199725.225000 448735.540000 46.774000 0 0 0 0 -100
199741.487000 448731.516000 48.484000 0 0 0 0 -100
199744.419000 448730.789000 49.425000 0 0 0 0 -100
199749.960000 448729.230000 51.924000 0 0 0 0 -100
199687.737000 448744.292000 51.624000 0 0 0 0 -100
199693.867000 448742.776000 51.214000 0 0 0 0 -100
199680.273000 448745.759000 53.055000 0 0 0 0 -100
199681.460000 448745.464000 53.673000 0 0 0 0 -100
199688.108000 448743.821000 51.676000 0 0 0 0 -100
199693.769000 448742.421000 51.062000 0 0 0 0 -100
199694.166000 448742.323000 50.934000 0 0 0 0 -100
199673.370000 448747.151000 54.585000 0 0 0 0 -100
199672.860000 448747.277000 53.646000 0 0 0 0 -100
199675.433000 448746.641000 54.442000 0 0 0 0 -100
199693.603000 448742.149000 50.882000 0 0 0 0 -100
199694.028000 448742.043000 50.832000 0 0 0 0 -100
199745.880000 448729.216000 49.817000 0 0 0 0 -100
199747.461000 448728.825000 51.330000 0 0 0 0 -100
199765.064000 448724.467000 55.569000 0 0 0 0 -100
199681.458000 448744.973000 52.948000 0 0 0 0 -100
199693.614000 448741.967000 50.920000 0 0 0 0 -100
199693.330000 448742.038000 50.380000 0 0 0 0 -100
199745.856000 448729.042000 49.850000 0 0 0 0 -100
199747.347000 448728.673000 51.155000 0 0 0 0 -100
199660.574000 448749.814000 54.506000 0 0 0 0 -100
199670.775000 448747.290000 54.952000 0 0 0 0 -100
199676.521000 448745.869000 54.355000 0 0 0 0 -100
199689.914000 448742.557000 52.304000 0 0 0 0 -100
199712.932000 448736.864000 48.383000 0 0 0 0 -100
199739.314000 448730.338000 47.710000 0 0 0 0 -100
199660.393000 448749.471000 54.451000 0 0 0 0 -100
199690.240000 448742.090000 52.299000 0 0 0 0 -100
199690.625000 448741.994000 52.233000 0 0 0 0 -100
199712.981000 448736.466000 48.857000 0 0 0 0 -100
199712.911000 448736.483000 47.955000 0 0 0 0 -100
199739.223000 448729.975000 48.789000 0 0 0 0 -100
199739.275000 448729.962000 48.020000 0 0 0 0 -100
199690.228000 448741.778000 52.279000 0 0 0 0 -100
199772.217000 448721.494000 56.881000 0 0 0 0 -100
199689.989000 448741.670000 52.529000 0 0 0 0 -100
199772.147000 448721.340000 56.613000 0 0 0 0 -100
199772.225000 448721.321000 55.887000 0 0 0 0 -100
199658.863000 448749.048000 54.228000 0 0 0 0 -100
199691.338000 448741.015000 52.315000 0 0 0 0 -100
199772.057000 448721.041000 56.847000 0 0 0 0 -100
199690.513000 448740.817000 52.502000 0 0 0 0 -100
199724.390000 448732.440000 47.939000 0 0 0 0 -100
199724.288000 448732.466000 46.825000 0 0 0 0 -100
199661.405000 448747.693000 54.644000 0 0 0 0 -100
199701.720000 448737.723000 50.563000 0 0 0 0 -100
199742.662000 448727.596000 48.736000 0 0 0 0 -100
199744.654000 448727.102000 49.420000 0 0 0 0 -100
199697.600000 448738.564000 50.289000 0 0 0 0 -100
199701.624000 448737.568000 50.628000 0 0 0 0 -100
199714.626000 448734.353000 47.932000 0 0 0 0 -100
199742.566000 448727.441000 48.777000 0 0 0 0 -100
199745.747000 448726.653000 48.636000 0 0 0 0 -100
199765.444000 448721.777000 53.697000 0 0 0 0 -100
199673.595000 448743.756000 54.766000 0 0 0 0 -100
199682.502000 448741.552000 54.601000 0 0 0 0 -100
199682.088000 448741.328000 54.417000 0 0 0 0 -100
199697.169000 448737.599000 51.375000 0 0 0 0 -100
199714.415000 448733.335000 48.105000 0 0 0 0 -100
199681.919000 448741.155000 54.038000 0 0 0 0 -100
199768.228000 448719.800000 54.029000 0 0 0 0 -100
199658.002000 448746.710000 55.665000 0 0 0 0 -100
199760.302000 448721.403000 52.341000 0 0 0 0 -100
199764.761000 448720.299000 53.288000 0 0 0 0 -100
199768.832000 448719.291000 54.125000 0 0 0 0 -100
199658.167000 448746.236000 55.771000 0 0 0 0 -100
199675.081000 448742.052000 54.967000 0 0 0 0 -100
199683.214000 448740.040000 54.968000 0 0 0 0 -100
199701.787000 448735.449000 49.855000 0 0 0 0 -100
199735.243000 448727.176000 46.273000 0 0 0 0 -100
199658.040000 448745.946000 55.628000 0 0 0 0 -100
199682.753000 448739.834000 54.238000 0 0 0 0 -100
199687.247000 448738.723000 53.072000 0 0 0 0 -100
199682.757000 448739.618000 54.221000 0 0 0 0 -100
199687.049000 448738.557000 53.400000 0 0 0 0 -100
199740.039000 448725.451000 46.871000 0 0 0 0 -100
199742.685000 448724.797000 47.216000 0 0 0 0 -100
199755.334000 448721.664000 50.389000 0 0 0 0 -100
199759.123000 448720.724000 52.301000 0 0 0 0 -100
199759.992000 448720.510000 51.506000 0 0 0 0 -100
199744.917000 448723.911000 48.247000 0 0 0 0 -100
199676.343000 448740.426000 55.238000 0 0 0 0 -100
199699.129000 448734.792000 50.624000 0 0 0 0 -100
199715.703000 448730.693000 49.125000 0 0 0 0 -100
199772.214000 448716.709000 55.081000 0 0 0 0 -100
199660.007000 448744.126000 56.110000 0 0 0 0 -100
199697.552000 448734.841000 50.905000 0 0 0 0 -100
199715.618000 448730.373000 49.039000 0 0 0 0 -100
199686.538000 448737.354000 53.456000 0 0 0 0 -100
199700.311000 448733.949000 50.450000 0 0 0 0 -100
199715.482000 448730.196000 49.618000 0 0 0 0 -100
199675.646000 448739.694000 55.384000 0 0 0 0 -100
199761.519000 448718.450000 51.327000 0 0 0 0 -100
199662.249000 448742.566000 56.343000 0 0 0 0 -100
199675.586000 448739.267000 55.409000 0 0 0 0 -100
199679.284000 448738.352000 55.244000 0 0 0 0 -100
199747.892000 448721.383000 48.912000 0 0 0 0 -100
199679.189000 448738.059000 55.107000 0 0 0 0 -100
199747.859000 448721.076000 48.794000 0 0 0 0 -100
199765.082000 448716.813000 52.285000 0 0 0 0 -100
199748.034000 448720.785000 48.631000 0 0 0 0 -100
199748.084000 448720.453000 48.613000 0 0 0 0 -100
199767.197000 448715.722000 53.470000 0 0 0 0 -100
199714.875000 448727.877000 48.688000 0 0 0 0 -100
199717.979000 448727.110000 48.247000 0 0 0 0 -100
199720.814000 448726.408000 48.938000 0 0 0 0 -100
199720.791000 448726.414000 48.076000 0 0 0 0 -100
199737.281000 448722.337000 45.938000 0 0 0 0 -100
199744.703000 448720.498000 47.674000 0 0 0 0 -100
199671.940000 448738.259000 57.289000 0 0 0 0 -100
199671.904000 448738.269000 56.380000 0 0 0 0 -100
199720.733000 448726.193000 49.107000 0 0 0 0 -100
199720.715000 448726.198000 48.166000 0 0 0 0 -100
199745.037000 448720.179000 47.837000 0 0 0 0 -100
199671.606000 448737.988000 56.486000 0 0 0 0 -100
199729.829000 448723.590000 47.133000 0 0 0 0 -100
199735.820000 448722.109000 45.664000 0 0 0 0 -100
199752.311000 448718.028000 48.248000 0 0 0 0 -100
199678.084000 448735.957000 55.341000 0 0 0 0 -100
199685.733000 448734.066000 54.332000 0 0 0 0 -100
199717.023000 448726.329000 48.590000 0 0 0 0 -100
199729.753000 448723.182000 47.291000 0 0 0 0 -100
199729.333000 448723.286000 46.449000 0 0 0 0 -100
199685.691000 448733.779000 54.447000 0 0 0 0 -100
199751.886000 448717.408000 47.864000 0 0 0 0 -100
199753.750000 448716.947000 48.242000 0 0 0 0 -100
199754.658000 448716.722000 48.453000 0 0 0 0 -100
199760.316000 448715.320000 50.833000 0 0 0 0 -100
199685.545000 448733.582000 54.425000 0 0 0 0 -100
199754.037000 448716.641000 48.245000 0 0 0 0 -100
199754.504000 448716.525000 48.354000 0 0 0 0 -100
199767.775000 448712.888000 52.016000 0 0 0 0 -100
199773.238000 448711.535000 53.405000 0 0 0 0 -100
199704.539000 448727.761000 50.675000 0 0 0 0 -100
199736.777000 448719.791000 45.586000 0 0 0 0 -100
199752.108000 448715.997000 47.417000 0 0 0 0 -100
199707.174000 448726.858000 51.313000 0 0 0 0 -100
199757.423000 448714.427000 49.481000 0 0 0 0 -100
199707.095000 448726.539000 50.454000 0 0 0 0 -100
199736.826000 448719.187000 45.560000 0 0 0 0 -100
199757.232000 448714.136000 49.302000 0 0 0 0 -100
199757.333000 448714.111000 48.602000 0 0 0 0 -100
199689.054000 448730.562000 53.790000 0 0 0 0 -100
199697.911000 448728.372000 52.075000 0 0 0 0 -100
199698.657000 448728.187000 51.861000 0 0 0 0 -100
199712.330000 448724.807000 49.709000 0 0 0 0 -100
199751.110000 448715.216000 48.110000 0 0 0 0 -100
199751.046000 448715.232000 47.118000 0 0 0 0 -100
199750.959000 448714.934000 47.116000 0 0 0 0 -100
199755.452000 448713.822000 47.917000 0 0 0 0 -100
199713.046000 448724.094000 50.511000 0 0 0 0 -100
199751.206000 448714.655000 46.922000 0 0 0 0 -100
199673.040000 448733.652000 57.121000 0 0 0 0 -100
199754.256000 448713.567000 48.332000 0 0 0 0 -100
199754.589000 448713.484000 48.254000 0 0 0 0 -100
199755.255000 448713.320000 47.867000 0 0 0 0 -100
199669.660000 448734.071000 56.755000 0 0 0 0 -100
199690.676000 448728.876000 53.676000 0 0 0 0 -100
199718.571000 448721.978000 48.679000 0 0 0 0 -100
199733.500000 448718.287000 45.948000 0 0 0 0 -100
199742.904000 448715.962000 45.617000 0 0 0 0 -100
199751.586000 448713.812000 46.598000 0 0 0 0 -100
199754.032000 448713.207000 48.250000 0 0 0 0 -100
199754.365000 448713.124000 48.081000 0 0 0 0 -100
199693.245000 448727.908000 53.294000 0 0 0 0 -100
199721.620000 448720.892000 49.245000 0 0 0 0 -100
199734.877000 448717.615000 45.785000 0 0 0 0 -100
199691.206000 448728.194000 53.669000 0 0 0 0 -100
199692.005000 448727.997000 53.574000 0 0 0 0 -100
199692.426000 448727.893000 53.536000 0 0 0 0 -100
199713.676000 448722.637000 49.660000 0 0 0 0 -100
199721.579000 448720.683000 49.468000 0 0 0 0 -100
199721.539000 448720.694000 48.643000 0 0 0 0 -100
199691.013000 448727.893000 53.861000 0 0 0 0 -100
199691.371000 448727.804000 53.724000 0 0 0 0 -100
199722.487000 448720.109000 48.715000 0 0 0 0 -100
199689.806000 448727.731000 54.849000 0 0 0 0 -100
199690.010000 448727.680000 54.400000 0 0 0 0 -100
199694.189000 448726.646000 54.367000 0 0 0 0 -100
199725.941000 448718.455000 48.569000 0 0 0 0 -100
199750.516000 448712.377000 46.167000 0 0 0 0 -100
199690.398000 448727.034000 53.895000 0 0 0 0 -100
199713.695000 448721.273000 50.654000 0 0 0 0 -100
199692.278000 448726.235000 53.705000 0 0 0 0 -100
199692.030000 448725.891000 53.742000 0 0 0 0 -100
199721.941000 448718.496000 49.514000 0 0 0 0 -100
199690.140000 448726.015000 53.828000 0 0 0 0 -100
199698.264000 448724.005000 52.341000 0 0 0 0 -100
199721.803000 448718.186000 48.932000 0 0 0 0 -100
199736.028000 448714.669000 45.567000 0 0 0 0 -100
199750.308000 448711.137000 45.974000 0 0 0 0 -100
199770.263000 448706.198000 50.929000 0 0 0 0 -100
199686.091000 448726.779000 54.729000 0 0 0 0 -100
199720.497000 448718.272000 48.557000 0 0 0 0 -100
199721.737000 448717.965000 48.520000 0 0 0 0 -100
199745.365000 448712.121000 45.854000 0 0 0 0 -100
199757.558000 448709.104000 47.224000 0 0 0 0 -100
199769.815000 448706.069000 51.499000 0 0 0 0 -100
199689.994000 448725.420000 53.951000 0 0 0 0 -100
199742.936000 448712.328000 46.725000 0 0 0 0 -100
199742.933000 448712.329000 45.863000 0 0 0 0 -100
199769.804000 448705.678000 51.397000 0 0 0 0 -100
199666.156000 448730.862000 58.478000 0 0 0 0 -100
199689.947000 448724.981000 53.998000 0 0 0 0 -100
199690.728000 448724.788000 53.888000 0 0 0 0 -100
199692.370000 448724.382000 53.738000 0 0 0 0 -100
199724.762000 448716.374000 47.758000 0 0 0 0 -100
199743.376000 448711.771000 46.655000 0 0 0 0 -100
199764.196000 448706.619000 49.057000 0 0 0 0 -100
199765.754000 448706.234000 49.807000 0 0 0 0 -100
199692.774000 448723.951000 53.691000 0 0 0 0 -100
199713.095000 448718.927000 50.524000 0 0 0 0 -100
199743.142000 448711.499000 45.505000 0 0 0 0 -100
199768.797000 448705.152000 50.199000 0 0 0 0 -100
199660.264000 448731.784000 58.284000 0 0 0 0 -100
199665.885000 448730.394000 57.472000 0 0 0 0 -100
199667.569000 448729.976000 58.239000 0 0 0 0 -100
199667.597000 448729.970000 57.473000 0 0 0 0 -100
199713.025000 448718.738000 50.767000 0 0 0 0 -100
199660.020000 448731.501000 58.274000 0 0 0 0 -100
199660.418000 448731.403000 58.180000 0 0 0 0 -100
199667.464000 448729.659000 58.395000 0 0 0 0 -100
199710.028000 448719.136000 51.049000 0 0 0 0 -100
199739.769000 448711.782000 46.083000 0 0 0 0 -100
199773.045000 448703.155000 51.686000 0 0 0 0 -100
199700.367000 448720.801000 52.050000 0 0 0 0 -100
199724.003000 448714.957000 48.068000 0 0 0 0 -100
199739.722000 448711.070000 46.217000 0 0 0 0 -100
199740.021000 448710.996000 45.973000 0 0 0 0 -100
199773.120000 448702.806000 51.713000 0 0 0 0 -100
199740.089000 448710.783000 46.138000 0 0 0 0 -100
199773.059000 448702.623000 51.633000 0 0 0 0 -100
199773.343000 448702.553000 51.388000 0 0 0 0 -100
199769.193000 448703.228000 50.460000 0 0 0 0 -100
199769.177000 448703.232000 49.577000 0 0 0 0 -100
199691.320000 448722.057000 55.009000 0 0 0 0 -100
199691.284000 448722.067000 54.063000 0 0 0 0 -100
199722.783000 448714.279000 48.186000 0 0 0 0 -100
199668.669000 448727.306000 58.023000 0 0 0 0 -100
199668.774000 448727.281000 57.376000 0 0 0 0 -100
199670.797000 448726.779000 57.931000 0 0 0 0 -100
199688.616000 448722.374000 54.448000 0 0 0 0 -100
199691.093000 448721.762000 54.333000 0 0 0 0 -100
199718.121000 448715.078000 50.207000 0 0 0 0 -100
199730.937000 448711.909000 46.650000 0 0 0 0 -100
199668.648000 448727.103000 57.724000 0 0 0 0 -100
199670.500000 448726.645000 57.167000 0 0 0 0 -100
199690.805000 448721.624000 54.247000 0 0 0 0 -100
199691.220000 448721.521000 54.129000 0 0 0 0 -100
199718.151000 448714.861000 49.966000 0 0 0 0 -100
199718.177000 448714.855000 49.183000 0 0 0 0 -100
199755.544000 448705.612000 45.854000 0 0 0 0 -100
199670.740000 448726.218000 57.287000 0 0 0 0 -100
199717.989000 448714.533000 50.214000 0 0 0 0 -100
199718.025000 448714.525000 49.473000 0 0 0 0 -100
199762.481000 448703.113000 47.372000 0 0 0 0 -100
199746.403000 448706.761000 45.253000 0 0 0 0 -100
199762.527000 448702.770000 48.062000 0 0 0 0 -100
199762.607000 448702.751000 47.407000 0 0 0 0 -100
199688.806000 448720.785000 54.394000 0 0 0 0 -100
199762.454000 448702.569000 47.355000 0 0 0 0 -100
199689.524000 448720.242000 55.043000 0 0 0 0 -100
199745.808000 448705.871000 45.287000 0 0 0 0 -100
199680.026000 448721.763000 55.514000 0 0 0 0 -100
199683.236000 448720.970000 55.174000 0 0 0 0 -100
199705.895000 448715.368000 51.435000 0 0 0 0 -100
199734.393000 448708.323000 45.576000 0 0 0 0 -100
199705.815000 448715.154000 51.363000 0 0 0 0 -100
199699.355000 448716.382000 53.584000 0 0 0 0 -100
199699.318000 448716.392000 52.628000 0 0 0 0 -100
199734.407000 448707.300000 45.834000 0 0 0 0 -100
199728.948000 448708.314000 47.175000 0 0 0 0 -100
199740.681000 448705.415000 45.757000 0 0 0 0 -100
199740.738000 448705.401000 44.973000 0 0 0 0 -100
199743.155000 448704.804000 44.802000 0 0 0 0 -100
199740.629000 448705.222000 45.574000 0 0 0 0 -100
199740.765000 448705.189000 45.019000 0 0 0 0 -100
199676.822000 448720.638000 56.955000 0 0 0 0 -100
199771.582000 448697.208000 48.705000 0 0 0 0 -100
199666.067000 448722.878000 57.710000 0 0 0 0 -100
199676.668000 448720.257000 57.342000 0 0 0 0 -100
199772.105000 448696.663000 48.873000 0 0 0 0 -100
199718.441000 448709.616000 49.379000 0 0 0 0 -100
199718.420000 448709.437000 49.161000 0 0 0 0 -100
199664.411000 448722.048000 59.016000 0 0 0 0 -100
199664.671000 448721.985000 58.694000 0 0 0 0 -100
199673.122000 448719.897000 56.823000 0 0 0 0 -100
199756.649000 448699.243000 46.036000 0 0 0 0 -100
199764.231000 448697.367000 46.436000 0 0 0 0 -100
199663.693000 448721.907000 58.655000 0 0 0 0 -100
199664.266000 448721.766000 58.879000 0 0 0 0 -100
199664.591000 448721.685000 58.720000 0 0 0 0 -100
199673.007000 448719.604000 57.648000 0 0 0 0 -100
199756.550000 448698.946000 46.090000 0 0 0 0 -100
199756.749000 448698.897000 45.639000 0 0 0 0 -100
199758.651000 448698.427000 46.125000 0 0 0 0 -100
199664.332000 448721.548000 58.504000 0 0 0 0 -100
199730.086000 448705.290000 47.132000 0 0 0 0 -100
199733.133000 448704.536000 47.312000 0 0 0 0 -100
199733.168000 448704.528000 46.535000 0 0 0 0 -100
199758.561000 448698.246000 46.121000 0 0 0 0 -100
199764.414000 448696.798000 46.375000 0 0 0 0 -100
199675.328000 448718.462000 57.304000 0 0 0 0 -100
199675.696000 448718.371000 57.268000 0 0 0 0 -100
199733.083000 448704.181000 47.273000 0 0 0 0 -100
199733.163000 448704.162000 46.610000 0 0 0 0 -100
199758.534000 448697.886000 46.175000 0 0 0 0 -100
199762.916000 448696.801000 45.891000 0 0 0 0 -100
199675.332000 448718.040000 57.646000 0 0 0 0 -100
199677.435000 448717.522000 56.028000 0 0 0 0 -100
199696.780000 448712.737000 53.004000 0 0 0 0 -100
199769.173000 448694.833000 48.300000 0 0 0 0 -100
199769.176000 448694.833000 47.384000 0 0 0 0 -100
199672.720000 448718.369000 57.597000 0 0 0 0 -100
199709.927000 448709.171000 51.537000 0 0 0 0 -100
199762.687000 448696.122000 45.676000 0 0 0 0 -100
199769.008000 448694.558000 47.760000 0 0 0 0 -100
199769.231000 448694.503000 47.360000 0 0 0 0 -100
199672.473000 448718.253000 57.778000 0 0 0 0 -100
199672.774000 448718.178000 57.598000 0 0 0 0 -100
199677.130000 448717.103000 56.038000 0 0 0 0 -100
199745.409000 448700.217000 44.689000 0 0 0 0 -100
199753.509000 448698.213000 45.206000 0 0 0 0 -100
199762.748000 448695.926000 45.625000 0 0 0 0 -100
199768.897000 448694.404000 47.461000 0 0 0 0 -100
199668.665000 448718.851000 57.563000 0 0 0 0 -100
199672.719000 448717.847000 57.894000 0 0 0 0 -100
199672.908000 448717.801000 57.529000 0 0 0 0 -100
199707.863000 448709.158000 51.036000 0 0 0 0 -100
199753.544000 448697.859000 45.753000 0 0 0 0 -100
199758.457000 448696.645000 44.816000 0 0 0 0 -100
199762.493000 448695.644000 45.564000 0 0 0 0 -100
199672.593000 448717.477000 57.488000 0 0 0 0 -100
199683.729000 448714.723000 55.908000 0 0 0 0 -100
199684.093000 448714.633000 55.802000 0 0 0 0 -100
199688.754000 448713.481000 55.665000 0 0 0 0 -100
199684.282000 448714.254000 55.687000 0 0 0 0 -100
199688.573000 448713.193000 55.686000 0 0 0 0 -100
199688.495000 448713.214000 54.730000 0 0 0 0 -100
199691.501000 448712.471000 54.033000 0 0 0 0 -100
199717.503000 448706.041000 50.369000 0 0 0 0 -100
199664.629000 448718.955000 58.504000 0 0 0 0 -100
199684.605000 448714.016000 55.600000 0 0 0 0 -100
199688.440000 448713.069000 54.831000 0 0 0 0 -100
199698.464000 448710.590000 52.759000 0 0 0 0 -100
199745.073000 448699.064000 44.765000 0 0 0 0 -100
199752.452000 448697.239000 45.698000 0 0 0 0 -100
199760.831000 448695.165000 45.096000 0 0 0 0 -100
199681.456000 448714.432000 55.876000 0 0 0 0 -100
199671.281000 448716.521000 57.266000 0 0 0 0 -100
199685.402000 448713.029000 54.894000 0 0 0 0 -100
199756.483000 448695.453000 45.597000 0 0 0 0 -100
199762.501000 448693.965000 45.308000 0 0 0 0 -100
199683.792000 448713.089000 56.137000 0 0 0 0 -100
199684.041000 448713.028000 55.837000 0 0 0 0 -100
199686.469000 448712.429000 54.769000 0 0 0 0 -100
199751.428000 448696.368000 44.626000 0 0 0 0 -100
199751.849000 448696.264000 44.729000 0 0 0 0 -100
199761.552000 448693.863000 46.122000 0 0 0 0 -100
199761.493000 448693.878000 45.127000 0 0 0 0 -100
199666.333000 448717.219000 57.645000 0 0 0 0 -100
199683.597000 448712.950000 56.305000 0 0 0 0 -100
199683.824000 448712.894000 55.945000 0 0 0 0 -100
199761.696000 448693.639000 46.179000 0 0 0 0 -100
199660.080000 448718.424000 58.436000 0 0 0 0 -100
199683.408000 448712.654000 56.115000 0 0 0 0 -100
199683.762000 448712.566000 55.926000 0 0 0 0 -100
199704.073000 448707.546000 51.803000 0 0 0 0 -100
199720.492000 448703.486000 50.063000 0 0 0 0 -100
199720.793000 448703.412000 49.890000 0 0 0 0 -100
199674.101000 448714.556000 56.565000 0 0 0 0 -100
199682.867000 448712.388000 55.347000 0 0 0 0 -100
199683.208000 448712.304000 55.132000 0 0 0 0 -100
199728.252000 448701.170000 47.492000 0 0 0 0 -100
199763.901000 448692.353000 45.256000 0 0 0 0 -100
199677.429000 448713.214000 55.990000 0 0 0 0 -100
199683.958000 448711.598000 56.140000 0 0 0 0 -100
199706.481000 448706.032000 51.282000 0 0 0 0 -100
199727.599000 448700.811000 47.506000 0 0 0 0 -100
199728.868000 448700.496000 48.335000 0 0 0 0 -100
199743.956000 448696.767000 44.377000 0 0 0 0 -100
199679.987000 448712.248000 56.359000 0 0 0 0 -100
199727.812000 448700.426000 47.491000 0 0 0 0 -100
199686.469000 448709.864000 54.688000 0 0 0 0 -100
199711.763000 448703.611000 50.251000 0 0 0 0 -100
199721.195000 448701.277000 49.924000 0 0 0 0 -100
199721.162000 448701.286000 49.046000 0 0 0 0 -100
199665.864000 448714.746000 58.474000 0 0 0 0 -100
199696.276000 448707.228000 53.647000 0 0 0 0 -100
199713.560000 448702.955000 51.146000 0 0 0 0 -100
199713.467000 448702.978000 50.067000 0 0 0 0 -100
199721.106000 448701.090000 49.489000 0 0 0 0 -100
199721.225000 448701.061000 48.841000 0 0 0 0 -100
199756.496000 448692.338000 45.512000 0 0 0 0 -100
199767.644000 448689.580000 46.590000 0 0 0 0 -100
199696.499000 448706.816000 53.977000 0 0 0 0 -100
199696.637000 448706.783000 53.512000 0 0 0 0 -100
199713.490000 448702.616000 51.048000 0 0 0 0 -100
199713.569000 448702.597000 50.328000 0 0 0 0 -100
199767.999000 448689.136000 46.462000 0 0 0 0 -100
199696.340000 448706.441000 54.062000 0 0 0 0 -100
199696.367000 448706.436000 53.364000 0 0 0 0 -100
199741.121000 448695.375000 44.852000 0 0 0 0 -100
199675.144000 448711.391000 56.236000 0 0 0 0 -100
199691.044000 448707.459000 54.739000 0 0 0 0 -100
199691.382000 448707.375000 54.654000 0 0 0 0 -100
199708.484000 448703.149000 51.634000 0 0 0 0 -100
199749.897000 448692.911000 44.365000 0 0 0 0 -100
199690.995000 448707.274000 54.831000 0 0 0 0 -100
199691.259000 448707.209000 54.584000 0 0 0 0 -100
199708.478000 448702.953000 51.921000 0 0 0 0 -100
199739.456000 448695.296000 45.319000 0 0 0 0 -100
199748.953000 448692.947000 44.404000 0 0 0 0 -100
199739.362000 448694.982000 45.419000 0 0 0 0 -100
199757.504000 448690.496000 44.387000 0 0 0 0 -100
199665.505000 448712.801000 58.347000 0 0 0 0 -100
199723.526000 448698.460000 48.973000 0 0 0 0 -100
199756.772000 448689.612000 45.507000 0 0 0 0 -100
199761.048000 448688.190000 44.368000 0 0 0 0 -100
199770.970000 448685.283000 46.830000 0 0 0 0 -100
199678.477000 448707.834000 57.023000 0 0 0 0 -100
199689.420000 448705.131000 54.315000 0 0 0 0 -100
199753.759000 448689.227000 44.185000 0 0 0 0 -100
199771.041000 448684.365000 46.863000 0 0 0 0 -100
199691.024000 448703.710000 54.371000 0 0 0 0 -100
199687.366000 448704.274000 54.636000 0 0 0 0 -100
199731.121000 448693.459000 46.943000 0 0 0 0 -100
199687.125000 448704.123000 54.699000 0 0 0 0 -100
199737.729000 448691.614000 45.823000 0 0 0 0 -100
199686.743000 448703.854000 54.697000 0 0 0 0 -100
199712.819000 448697.407000 50.200000 0 0 0 0 -100
199713.308000 448697.286000 50.281000 0 0 0 0 -100
199660.677000 448709.829000 58.375000 0 0 0 0 -100
199686.274000 448703.501000 54.725000 0 0 0 0 -100
199758.741000 448685.587000 44.179000 0 0 0 0 -100
199712.440000 448696.692000 50.259000 0 0 0 0 -100
199725.988000 448693.342000 48.860000 0 0 0 0 -100
199737.704000 448690.447000 45.592000 0 0 0 0 -100
199743.965000 448688.899000 44.831000 0 0 0 0 -100
199752.357000 448686.823000 45.193000 0 0 0 0 -100
199752.343000 448686.827000 44.298000 0 0 0 0 -100
199763.451000 448684.079000 44.345000 0 0 0 0 -100
199712.415000 448696.488000 50.202000 0 0 0 0 -100
199713.659000 448696.179000 50.992000 0 0 0 0 -100
199725.953000 448693.140000 48.760000 0 0 0 0 -100
199752.324000 448686.619000 44.157000 0 0 0 0 -100
199669.859000 448706.693000 58.182000 0 0 0 0 -100
199712.695000 448696.102000 50.708000 0 0 0 0 -100
199713.215000 448695.974000 50.937000 0 0 0 0 -100
199713.593000 448695.881000 50.778000 0 0 0 0 -100
199714.063000 448695.764000 50.800000 0 0 0 0 -100
199724.540000 448693.174000 49.291000 0 0 0 0 -100
199749.392000 448687.029000 44.038000 0 0 0 0 -100
199670.058000 448706.218000 58.274000 0 0 0 0 -100
199669.932000 448706.251000 57.247000 0 0 0 0 -100
199713.475000 448695.482000 51.094000 0 0 0 0 -100
199749.533000 448686.566000 44.035000 0 0 0 0 -100
199661.251000 448708.063000 59.531000 0 0 0 0 -100
199670.068000 448705.881000 58.305000 0 0 0 0 -100
199670.281000 448705.829000 57.877000 0 0 0 0 -100
199683.401000 448702.585000 55.154000 0 0 0 0 -100
199703.392000 448697.642000 52.662000 0 0 0 0 -100
199712.124000 448695.483000 50.825000 0 0 0 0 -100
199719.463000 448693.668000 48.791000 0 0 0 0 -100
199749.229000 448686.306000 44.141000 0 0 0 0 -100
199758.233000 448684.079000 44.051000 0 0 0 0 -100
199766.321000 448682.077000 45.598000 0 0 0 0 -100
199683.466000 448702.350000 55.111000 0 0 0 0 -100
199703.435000 448697.410000 52.688000 0 0 0 0 -100
199683.795000 448701.906000 55.061000 0 0 0 0 -100
199703.116000 448697.127000 53.064000 0 0 0 0 -100
199711.920000 448694.952000 51.233000 0 0 0 0 -100
199713.033000 448694.676000 50.983000 0 0 0 0 -100
199717.098000 448693.671000 49.976000 0 0 0 0 -100
199670.642000 448704.709000 57.049000 0 0 0 0 -100
199675.526000 448703.500000 57.296000 0 0 0 0 -100
199711.524000 448694.600000 51.380000 0 0 0 0 -100
199711.884000 448694.511000 51.276000 0 0 0 0 -100
199712.746000 448694.297000 50.537000 0 0 0 0 -100
199717.984000 448693.003000 49.240000 0 0 0 0 -100
199675.508000 448703.171000 57.046000 0 0 0 0 -100
199679.121000 448702.278000 56.549000 0 0 0 0 -100
199718.046000 448692.655000 49.834000 0 0 0 0 -100
199717.834000 448692.483000 49.382000 0 0 0 0 -100
199759.103000 448682.277000 44.075000 0 0 0 0 -100
199763.677000 448680.805000 45.355000 0 0 0 0 -100
199763.620000 448680.819000 44.385000 0 0 0 0 -100
199772.076000 448678.728000 45.880000 0 0 0 0 -100
199713.981000 448692.634000 51.163000 0 0 0 0 -100
199763.696000 448680.339000 45.346000 0 0 0 0 -100
199763.723000 448680.333000 44.576000 0 0 0 0 -100
199661.748000 448705.195000 58.268000 0 0 0 0 -100
199679.358000 448700.840000 56.684000 0 0 0 0 -100
199679.715000 448700.752000 56.456000 0 0 0 0 -100
199712.250000 448692.708000 50.377000 0 0 0 0 -100
199734.172000 448687.287000 47.400000 0 0 0 0 -100
199679.417000 448700.595000 56.775000 0 0 0 0 -100
199679.641000 448700.540000 56.343000 0 0 0 0 -100
199734.154000 448687.061000 47.408000 0 0 0 0 -100
199734.178000 448687.055000 46.675000 0 0 0 0 -100
199711.862000 448692.229000 51.015000 0 0 0 0 -100
199668.111000 448702.625000 57.738000 0 0 0 0 -100
199711.776000 448691.830000 50.990000 0 0 0 0 -100
199668.325000 448702.255000 57.803000 0 0 0 0 -100
199711.607000 448691.557000 51.084000 0 0 0 0 -100
199711.669000 448691.542000 50.399000 0 0 0 0 -100
199713.273000 448691.144000 50.231000 0 0 0 0 -100
199719.702000 448689.555000 48.890000 0 0 0 0 -100
199724.731000 448688.312000 48.002000 0 0 0 0 -100
199746.083000 448683.033000 44.106000 0 0 0 0 -100
199660.769000 448703.919000 58.405000 0 0 0 0 -100
199668.217000 448702.075000 57.808000 0 0 0 0 -100
199682.397000 448698.570000 55.397000 0 0 0 0 -100
199711.604000 448691.349000 51.179000 0 0 0 0 -100
199731.998000 448686.307000 46.819000 0 0 0 0 -100
199668.008000 448701.764000 57.816000 0 0 0 0 -100
199672.315000 448700.699000 57.874000 0 0 0 0 -100
199682.451000 448698.193000 55.847000 0 0 0 0 -100
199713.789000 448690.445000 50.127000 0 0 0 0 -100
199672.216000 448700.269000 57.673000 0 0 0 0 -100
199712.262000 448690.370000 50.472000 0 0 0 0 -100
199712.658000 448690.271000 50.505000 0 0 0 0 -100
199713.018000 448690.182000 50.444000 0 0 0 0 -100
199753.368000 448680.207000 43.626000 0 0 0 0 -100
199708.427000 448690.968000 51.103000 0 0 0 0 -100
199711.489000 448690.211000 51.417000 0 0 0 0 -100
199711.952000 448690.096000 50.707000 0 0 0 0 -100
199712.363000 448689.994000 50.635000 0 0 0 0 -100
199712.566000 448689.944000 50.224000 0 0 0 0 -100
199711.520000 448689.982000 51.436000 0 0 0 0 -100
199711.986000 448689.867000 50.708000 0 0 0 0 -100
199712.396000 448689.765000 50.610000 0 0 0 0 -100
199772.137000 448674.991000 45.940000 0 0 0 0 -100
199711.197000 448689.712000 51.741000 0 0 0 0 -100
199711.451000 448689.650000 51.431000 0 0 0 0 -100
199711.900000 448689.540000 50.715000 0 0 0 0 -100
199767.177000 448675.870000 45.182000 0 0 0 0 -100
199767.369000 448675.823000 44.736000 0 0 0 0 -100
199772.134000 448674.644000 46.192000 0 0 0 0 -100
199772.258000 448674.614000 45.577000 0 0 0 0 -100
199676.942000 448697.744000 56.142000 0 0 0 0 -100
199699.047000 448692.277000 53.643000 0 0 0 0 -100
199711.578000 448689.181000 50.903000 0 0 0 0 -100
199728.266000 448685.056000 47.392000 0 0 0 0 -100
199734.956000 448683.402000 46.640000 0 0 0 0 -100
199742.752000 448681.475000 44.817000 0 0 0 0 -100
199750.371000 448679.590000 45.102000 0 0 0 0 -100
199750.205000 448679.631000 43.919000 0 0 0 0 -100
199698.608000 448692.025000 52.701000 0 0 0 0 -100
199734.989000 448683.032000 46.599000 0 0 0 0 -100
199765.913000 448675.386000 44.194000 0 0 0 0 -100
199671.302000 448698.566000 58.267000 0 0 0 0 -100
199715.213000 448687.711000 50.385000 0 0 0 0 -100
199734.850000 448682.856000 46.989000 0 0 0 0 -100
199735.006000 448682.818000 46.455000 0 0 0 0 -100
199671.320000 448698.194000 57.084000 0 0 0 0 -100
199711.217000 448688.331000 50.559000 0 0 0 0 -100
199665.139000 448699.281000 57.841000 0 0 0 0 -100
199668.838000 448698.365000 58.281000 0 0 0 0 -100
199669.006000 448698.324000 57.812000 0 0 0 0 -100
199677.253000 448696.287000 56.418000 0 0 0 0 -100
199770.737000 448673.175000 45.429000 0 0 0 0 -100
199668.868000 448698.009000 58.409000 0 0 0 0 -100
199674.065000 448696.724000 57.001000 0 0 0 0 -100
199665.747000 448698.552000 58.507000 0 0 0 0 -100
199674.257000 448696.449000 57.551000 0 0 0 0 -100
199674.200000 448696.464000 56.712000 0 0 0 0 -100
199716.395000 448686.032000 49.719000 0 0 0 0 -100
199730.829000 448682.464000 46.797000 0 0 0 0 -100
199731.229000 448682.364000 46.823000 0 0 0 0 -100
199769.555000 448672.548000 45.373000 0 0 0 0 -100
199769.852000 448672.474000 45.176000 0 0 0 0 -100
199668.212000 448697.165000 57.995000 0 0 0 0 -100
199668.349000 448697.132000 57.407000 0 0 0 0 -100
199730.671000 448681.727000 46.849000 0 0 0 0 -100
199745.617000 448678.033000 45.131000 0 0 0 0 -100
199745.631000 448678.029000 44.279000 0 0 0 0 -100
199748.006000 448677.443000 45.033000 0 0 0 0 -100
199696.601000 448689.807000 54.296000 0 0 0 0 -100
199696.563000 448689.818000 53.452000 0 0 0 0 -100
199743.967000 448678.102000 44.408000 0 0 0 0 -100
199686.998000 448691.971000 55.430000 0 0 0 0 -100
199696.565000 448689.606000 54.088000 0 0 0 0 -100
199696.482000 448689.628000 53.158000 0 0 0 0 -100
199697.392000 448689.402000 54.139000 0 0 0 0 -100
199733.399000 448680.503000 46.464000 0 0 0 0 -100
199675.137000 448694.559000 56.648000 0 0 0 0 -100
199686.684000 448691.705000 55.053000 0 0 0 0 -100
199686.463000 448691.337000 54.871000 0 0 0 0 -100
199668.139000 448695.520000 57.758000 0 0 0 0 -100
199668.222000 448695.287000 57.506000 0 0 0 0 -100
199694.712000 448688.740000 53.323000 0 0 0 0 -100
199666.204000 448695.426000 58.898000 0 0 0 0 -100
199666.087000 448695.456000 57.934000 0 0 0 0 -100
199730.061000 448679.644000 47.119000 0 0 0 0 -100
199761.479000 448671.877000 44.668000 0 0 0 0 -100
199671.574000 448693.684000 57.116000 0 0 0 0 -100
199753.480000 448673.440000 43.614000 0 0 0 0 -100
199761.575000 448671.438000 44.290000 0 0 0 0 -100
199662.189000 448695.654000 58.251000 0 0 0 0 -100
199671.579000 448693.333000 57.232000 0 0 0 0 -100
199671.955000 448693.240000 57.187000 0 0 0 0 -100
199733.696000 448677.982000 46.406000 0 0 0 0 -100
199761.525000 448671.103000 45.008000 0 0 0 0 -100
199761.426000 448671.129000 43.951000 0 0 0 0 -100
199671.504000 448693.167000 57.170000 0 0 0 0 -100
199671.875000 448693.076000 57.137000 0 0 0 0 -100
199672.267000 448692.979000 57.058000 0 0 0 0 -100
199716.111000 448682.142000 49.778000 0 0 0 0 -100
199761.319000 448670.968000 44.794000 0 0 0 0 -100
199674.306000 448692.151000 57.861000 0 0 0 0 -100
199689.230000 448688.057000 54.253000 0 0 0 0 -100
199701.573000 448684.686000 52.123000 0 0 0 0 -100
199671.709000 448691.874000 56.842000 0 0 0 0 -100
199673.025000 448691.185000 57.469000 0 0 0 0 -100
199677.473000 448690.087000 56.145000 0 0 0 0 -100
199723.820000 448678.633000 48.353000 0 0 0 0 -100
199752.614000 448671.515000 43.520000 0 0 0 0 -100
199672.812000 448690.842000 57.374000 0 0 0 0 -100
199724.013000 448678.189000 48.979000 0 0 0 0 -100
199678.937000 448688.498000 57.118000 0 0 0 0 -100
199678.803000 448688.532000 56.155000 0 0 0 0 -100
199679.103000 448688.458000 55.930000 0 0 0 0 -100
199727.390000 448676.523000 48.666000 0 0 0 0 -100
199727.442000 448676.511000 47.950000 0 0 0 0 -100
199742.926000 448672.684000 45.583000 0 0 0 0 -100
199756.779000 448669.259000 43.414000 0 0 0 0 -100
199678.765000 448688.146000 56.266000 0 0 0 0 -100
199681.077000 448687.574000 56.602000 0 0 0 0 -100
199692.086000 448684.854000 54.790000 0 0 0 0 -100
199691.955000 448684.888000 53.775000 0 0 0 0 -100
199727.386000 448676.132000 48.871000 0 0 0 0 -100
199773.036000 448664.848000 45.443000 0 0 0 0 -100
199678.312000 448687.915000 57.218000 0 0 0 0 -100
199705.574000 448681.179000 52.436000 0 0 0 0 -100
199744.174000 448671.641000 45.298000 0 0 0 0 -100
199744.237000 448671.626000 44.570000 0 0 0 0 -100
199746.468000 448671.073000 44.953000 0 0 0 0 -100
199763.165000 448666.947000 43.756000 0 0 0 0 -100
199772.739000 448664.579000 45.922000 0 0 0 0 -100
199772.929000 448664.532000 45.498000 0 0 0 0 -100
199677.578000 448687.924000 57.236000 0 0 0 0 -100
199677.504000 448687.943000 56.364000 0 0 0 0 -100
199705.633000 448680.990000 52.333000 0 0 0 0 -100
199746.314000 448670.935000 44.381000 0 0 0 0 -100
199746.197000 448670.964000 44.140000 0 0 0 0 -100
199763.311000 448666.733000 43.733000 0 0 0 0 -100
199677.609000 448687.563000 57.373000 0 0 0 0 -100
199677.575000 448687.572000 56.530000 0 0 0 0 -100
199695.946000 448683.031000 54.288000 0 0 0 0 -100
199757.798000 448667.745000 43.530000 0 0 0 0 -100
199771.250000 448664.418000 44.325000 0 0 0 0 -100
199695.990000 448682.633000 53.880000 0 0 0 0 -100
199700.292000 448681.570000 53.138000 0 0 0 0 -100
199712.453000 448678.565000 50.514000 0 0 0 0 -100
199769.700000 448664.414000 44.023000 0 0 0 0 -100
199712.584000 448678.208000 51.189000 0 0 0 0 -100
199732.467000 448673.294000 46.573000 0 0 0 0 -100
199758.666000 448666.818000 43.453000 0 0 0 0 -100
199764.054000 448665.485000 43.725000 0 0 0 0 -100
199764.458000 448665.386000 43.704000 0 0 0 0 -100
199772.335000 448663.437000 44.798000 0 0 0 0 -100
199690.362000 448682.813000 55.179000 0 0 0 0 -100
199746.406000 448668.963000 45.011000 0 0 0 0 -100
199746.668000 448668.898000 44.714000 0 0 0 0 -100
199678.835000 448685.304000 56.930000 0 0 0 0 -100
199678.902000 448685.288000 56.254000 0 0 0 0 -100
199689.727000 448682.613000 54.130000 0 0 0 0 -100
199734.889000 448671.453000 46.199000 0 0 0 0 -100
199678.855000 448685.105000 56.625000 0 0 0 0 -100
199734.542000 448670.987000 46.749000 0 0 0 0 -100
199770.015000 448661.452000 45.460000 0 0 0 0 -100
199772.928000 448660.732000 44.701000 0 0 0 0 -100
199699.564000 448677.857000 52.501000 0 0 0 0 -100
199700.460000 448677.635000 53.351000 0 0 0 0 -100
199700.396000 448677.652000 52.474000 0 0 0 0 -100
199717.835000 448673.345000 49.500000 0 0 0 0 -100
199717.762000 448673.006000 49.590000 0 0 0 0 -100
199718.098000 448672.923000 49.442000 0 0 0 0 -100
199669.478000 448684.730000 57.180000 0 0 0 0 -100
199717.796000 448672.796000 49.535000 0 0 0 0 -100
199703.358000 448676.006000 53.135000 0 0 0 0 -100
199703.592000 448675.948000 52.852000 0 0 0 0 -100
199703.879000 448675.879000 52.605000 0 0 0 0 -100
199720.247000 448671.836000 49.955000 0 0 0 0 -100
199720.249000 448671.836000 49.122000 0 0 0 0 -100
199763.556000 448661.137000 43.748000 0 0 0 0 -100
199703.256000 448675.621000 53.089000 0 0 0 0 -100
199703.458000 448675.572000 52.745000 0 0 0 0 -100
199703.857000 448675.474000 52.667000 0 0 0 0 -100
199704.119000 448675.409000 52.306000 0 0 0 0 -100
199723.591000 448670.601000 48.555000 0 0 0 0 -100
199751.649000 448663.671000 44.758000 0 0 0 0 -100
199703.368000 448675.257000 52.534000 0 0 0 0 -100
199703.722000 448675.170000 52.480000 0 0 0 0 -100
199772.659000 448658.140000 45.101000 0 0 0 0 -100
199772.892000 448658.083000 44.745000 0 0 0 0 -100
199670.429000 448683.173000 58.166000 0 0 0 0 -100
199686.805000 448679.130000 54.308000 0 0 0 0 -100
199772.754000 448657.897000 45.433000 0 0 0 0 -100
199672.379000 448682.356000 56.751000 0 0 0 0 -100
199749.659000 448663.268000 44.838000 0 0 0 0 -100
199762.107000 448660.192000 44.230000 0 0 0 0 -100
199762.186000 448660.173000 43.570000 0 0 0 0 -100
199700.272000 448674.699000 53.221000 0 0 0 0 -100
199746.445000 448663.297000 44.435000 0 0 0 0 -100
199700.177000 448674.497000 53.278000 0 0 0 0 -100
199700.216000 448674.488000 52.447000 0 0 0 0 -100
199746.367000 448663.089000 45.250000 0 0 0 0 -100
199746.384000 448663.085000 44.519000 0 0 0 0 -100
199679.583000 448679.228000 55.694000 0 0 0 0 -100
199716.665000 448669.650000 50.500000 0 0 0 0 -100
199716.689000 448669.645000 49.782000 0 0 0 0 -100
199671.665000 448680.446000 56.735000 0 0 0 0 -100
199672.947000 448680.129000 56.670000 0 0 0 0 -100
199685.684000 448676.983000 54.823000 0 0 0 0 -100
199695.115000 448674.655000 53.268000 0 0 0 0 -100
199737.826000 448664.105000 46.544000 0 0 0 0 -100
199772.376000 448655.568000 45.639000 0 0 0 0 -100
199673.117000 448679.873000 57.617000 0 0 0 0 -100
199673.054000 448679.890000 56.724000 0 0 0 0 -100
199674.926000 448679.427000 57.077000 0 0 0 0 -100
199685.786000 448676.745000 54.936000 0 0 0 0 -100
199726.753000 448666.627000 47.660000 0 0 0 0 -100
199731.438000 448665.470000 46.956000 0 0 0 0 -100
199737.775000 448663.904000 46.403000 0 0 0 0 -100
199760.618000 448658.261000 44.119000 0 0 0 0 -100
199772.394000 448655.350000 45.660000 0 0 0 0 -100
199690.098000 448675.354000 54.223000 0 0 0 0 -100
199772.204000 448655.069000 45.980000 0 0 0 0 -100
199772.242000 448655.061000 45.250000 0 0 0 0 -100
199690.096000 448674.948000 54.890000 0 0 0 0 -100
199690.111000 448674.945000 54.129000 0 0 0 0 -100
199722.598000 448666.592000 49.643000 0 0 0 0 -100
199676.292000 448677.505000 56.499000 0 0 0 0 -100
199678.351000 448676.996000 55.644000 0 0 0 0 -100
199742.960000 448661.031000 45.136000 0 0 0 0 -100
199673.952000 448677.668000 57.431000 0 0 0 0 -100
199673.907000 448677.680000 56.548000 0 0 0 0 -100
199696.821000 448671.120000 53.884000 0 0 0 0 -100
199715.223000 448666.574000 50.977000 0 0 0 0 -100
199696.345000 448670.798000 53.604000 0 0 0 0 -100
199696.775000 448670.692000 53.605000 0 0 0 0 -100
199763.031000 448654.320000 44.253000 0 0 0 0 -100
199750.004000 448657.187000 43.678000 0 0 0 0 -100
199671.172000 448676.468000 56.837000 0 0 0 0 -100
199713.820000 448665.583000 50.202000 0 0 0 0 -100
199667.766000 448676.519000 57.449000 0 0 0 0 -100
199674.208000 448674.926000 57.454000 0 0 0 0 -100
199674.299000 448674.905000 56.864000 0 0 0 0 -100
199718.459000 448663.992000 50.268000 0 0 0 0 -100
199718.466000 448663.991000 49.470000 0 0 0 0 -100
199671.664000 448675.200000 56.735000 0 0 0 0 -100
199674.116000 448674.594000 56.443000 0 0 0 0 -100
199699.335000 448668.362000 52.474000 0 0 0 0 -100
199718.114000 448663.721000 49.567000 0 0 0 0 -100
199744.307000 448657.248000 44.484000 0 0 0 0 -100
199745.492000 448656.954000 44.364000 0 0 0 0 -100
199699.207000 448668.155000 53.398000 0 0 0 0 -100
199699.195000 448668.159000 52.624000 0 0 0 0 -100
199743.164000 448657.294000 45.193000 0 0 0 0 -100
199745.209000 448656.787000 45.144000 0 0 0 0 -100
199745.293000 448656.767000 44.458000 0 0 0 0 -100
199757.052000 448653.861000 43.185000 0 0 0 0 -100
199690.972000 448669.841000 53.880000 0 0 0 0 -100
199743.091000 448656.960000 45.772000 0 0 0 0 -100
199743.008000 448656.981000 44.676000 0 0 0 0 -100
199690.807000 448669.489000 53.734000 0 0 0 0 -100
199735.247000 448658.508000 46.648000 0 0 0 0 -100
199735.302000 448658.495000 45.934000 0 0 0 0 -100
199753.083000 448654.101000 43.461000 0 0 0 0 -100
199762.016000 448651.892000 44.083000 0 0 0 0 -100
199762.029000 448651.889000 43.238000 0 0 0 0 -100
199695.891000 448667.912000 53.815000 0 0 0 0 -100
199735.197000 448658.198000 46.069000 0 0 0 0 -100
199739.383000 448657.164000 45.331000 0 0 0 0 -100
199752.935000 448653.815000 43.435000 0 0 0 0 -100
199761.922000 448651.592000 44.265000 0 0 0 0 -100
199761.893000 448651.600000 43.306000 0 0 0 0 -100
199695.860000 448667.723000 53.783000 0 0 0 0 -100
199696.264000 448667.623000 53.778000 0 0 0 0 -100
199752.971000 448653.608000 43.522000 0 0 0 0 -100
199761.763000 448651.434000 43.894000 0 0 0 0 -100
199717.009000 448662.142000 49.611000 0 0 0 0 -100
199678.401000 448671.239000 56.783000 0 0 0 0 -100
199678.439000 448671.231000 56.072000 0 0 0 0 -100
199678.213000 448670.938000 56.937000 0 0 0 0 -100
199694.432000 448666.931000 52.982000 0 0 0 0 -100
199700.846000 448665.345000 52.125000 0 0 0 0 -100
199743.510000 448654.571000 44.755000 0 0 0 0 -100
199746.721000 448653.776000 45.339000 0 0 0 0 -100
199678.635000 448670.254000 55.652000 0 0 0 0 -100
199691.403000 448667.096000 54.766000 0 0 0 0 -100
199665.980000 448672.984000 57.694000 0 0 0 0 -100
199677.492000 448670.138000 56.750000 0 0 0 0 -100
199677.802000 448670.062000 56.478000 0 0 0 0 -100
199665.498000 448672.796000 58.238000 0 0 0 0 -100
199665.769000 448672.729000 57.917000 0 0 0 0 -100
199677.250000 448669.892000 56.804000 0 0 0 0 -100
199677.530000 448669.823000 56.607000 0 0 0 0 -100
199665.473000 448672.600000 58.181000 0 0 0 0 -100
199665.698000 448672.546000 57.753000 0 0 0 0 -100
199677.311000 448669.675000 56.948000 0 0 0 0 -100
199677.359000 448669.664000 56.322000 0 0 0 0 -100
199761.202000 448648.940000 43.891000 0 0 0 0 -100
199672.179000 448670.600000 56.609000 0 0 0 0 -100
199672.557000 448670.506000 56.503000 0 0 0 0 -100
199711.565000 448660.865000 51.360000 0 0 0 0 -100
199711.491000 448660.884000 50.479000 0 0 0 0 -100
199722.694000 448658.115000 49.422000 0 0 0 0 -100
199761.007000 448648.645000 43.786000 0 0 0 0 -100
199677.218000 448668.927000 55.906000 0 0 0 0 -100
199677.135000 448668.618000 56.521000 0 0 0 0 -100
199732.862000 448654.848000 46.529000 0 0 0 0 -100
199734.433000 448654.460000 46.329000 0 0 0 0 -100
199699.942000 448662.765000 52.115000 0 0 0 0 -100
199727.861000 448655.866000 47.483000 0 0 0 0 -100
199728.270000 448655.765000 47.434000 0 0 0 0 -100
199767.803000 448645.991000 44.669000 0 0 0 0 -100
199736.200000 448653.476000 46.065000 0 0 0 0 -100
199754.669000 448648.189000 43.123000 0 0 0 0 -100
199727.072000 448654.806000 47.499000 0 0 0 0 -100
199754.079000 448647.798000 43.267000 0 0 0 0 -100
199661.727000 448670.182000 59.252000 0 0 0 0 -100
199708.937000 448658.517000 50.762000 0 0 0 0 -100
199734.688000 448652.154000 46.278000 0 0 0 0 -100
199757.927000 448646.411000 43.937000 0 0 0 0 -100
199661.700000 448669.887000 59.291000 0 0 0 0 -100
199661.568000 448669.922000 58.263000 0 0 0 0 -100
199686.522000 448663.755000 54.275000 0 0 0 0 -100
199686.916000 448663.658000 54.227000 0 0 0 0 -100
199705.349000 448659.103000 51.209000 0 0 0 0 -100
199708.923000 448658.220000 51.656000 0 0 0 0 -100
199709.003000 448658.200000 51.005000 0 0 0 0 -100
199732.437000 448652.409000 46.787000 0 0 0 0 -100
199708.890000 448658.008000 51.215000 0 0 0 0 -100
199710.215000 448657.335000 50.750000 0 0 0 0 -100
199764.031000 448644.035000 43.674000 0 0 0 0 -100
199764.361000 448643.527000 44.572000 0 0 0 0 -100
199721.199000 448653.867000 48.608000 0 0 0 0 -100
199764.143000 448643.254000 44.194000 0 0 0 0 -100
199745.902000 448647.525000 44.283000 0 0 0 0 -100
199741.758000 448648.193000 44.917000 0 0 0 0 -100
199773.255000 448640.405000 46.600000 0 0 0 0 -100
199676.341000 448663.522000 55.850000 0 0 0 0 -100
199676.743000 448663.423000 55.769000 0 0 0 0 -100
199664.235000 448666.310000 57.919000 0 0 0 0 -100
199676.584000 448663.257000 56.850000 0 0 0 0 -100
199676.549000 448663.268000 55.983000 0 0 0 0 -100
199747.873000 448645.644000 43.998000 0 0 0 0 -100
199676.619000 448662.916000 56.651000 0 0 0 0 -100
199771.010000 448639.593000 45.711000 0 0 0 0 -100
199771.120000 448639.567000 45.091000 0 0 0 0 -100
199664.235000 448665.557000 57.555000 0 0 0 0 -100
199691.444000 448658.834000 53.837000 0 0 0 0 -100
199700.979000 448656.478000 51.800000 0 0 0 0 -100
199724.815000 448650.588000 48.989000 0 0 0 0 -100
199750.867000 448644.151000 43.810000 0 0 0 0 -100
199759.260000 448642.078000 42.306000 0 0 0 0 -100
199691.376000 448658.529000 53.832000 0 0 0 0 -100
199705.432000 448655.056000 51.462000 0 0 0 0 -100
199724.710000 448650.293000 48.929000 0 0 0 0 -100
199744.352000 448645.441000 44.879000 0 0 0 0 -100
199744.243000 448645.468000 44.654000 0 0 0 0 -100
199758.370000 448641.978000 42.357000 0 0 0 0 -100
199758.753000 448641.883000 42.361000 0 0 0 0 -100
199759.174000 448641.779000 42.326000 0 0 0 0 -100
199759.611000 448641.671000 42.326000 0 0 0 0 -100
199759.985000 448641.579000 42.335000 0 0 0 0 -100
199676.444000 448661.999000 55.579000 0 0 0 0 -100
199744.222000 448645.248000 45.625000 0 0 0 0 -100
199744.344000 448645.219000 45.064000 0 0 0 0 -100
199744.552000 448645.167000 44.611000 0 0 0 0 -100
199757.451000 448641.979000 42.331000 0 0 0 0 -100
199757.898000 448641.869000 42.350000 0 0 0 0 -100
199758.268000 448641.777000 42.327000 0 0 0 0 -100
199758.685000 448641.674000 42.354000 0 0 0 0 -100
199759.111000 448641.569000 42.330000 0 0 0 0 -100
199759.551000 448641.460000 42.313000 0 0 0 0 -100
199759.966000 448641.358000 42.361000 0 0 0 0 -100
199760.383000 448641.255000 42.341000 0 0 0 0 -100
199663.731000 448664.789000 57.747000 0 0 0 0 -100
199705.234000 448654.532000 51.371000 0 0 0 0 -100
199715.917000 448651.891000 49.942000 0 0 0 0 -100
199756.980000 448641.743000 42.272000 0 0 0 0 -100
199757.397000 448641.640000 42.276000 0 0 0 0 -100
199757.875000 448641.522000 42.313000 0 0 0 0 -100
199758.303000 448641.416000 42.363000 0 0 0 0 -100
199758.659000 448641.328000 42.334000 0 0 0 0 -100
199759.082000 448641.224000 42.350000 0 0 0 0 -100
199759.472000 448641.127000 42.322000 0 0 0 0 -100
199759.889000 448641.024000 42.351000 0 0 0 0 -100
199760.296000 448640.924000 42.335000 0 0 0 0 -100
199756.072000 448641.503000 42.314000 0 0 0 0 -100
199756.533000 448641.389000 42.316000 0 0 0 0 -100
199756.894000 448641.300000 42.296000 0 0 0 0 -100
199757.286000 448641.203000 42.293000 0 0 0 0 -100
199758.547000 448640.891000 42.348000 0 0 0 0 -100
199758.959000 448640.789000 42.344000 0 0 0 0 -100
199759.392000 448640.682000 42.335000 0 0 0 0 -100
199755.516000 448641.277000 42.312000 0 0 0 0 -100
199755.932000 448641.175000 42.312000 0 0 0 0 -100
199756.382000 448641.064000 42.337000 0 0 0 0 -100
199757.181000 448640.866000 42.318000 0 0 0 0 -100
199757.626000 448640.756000 42.333000 0 0 0 0 -100
199758.074000 448640.645000 42.355000 0 0 0 0 -100
199758.435000 448640.556000 42.312000 0 0 0 0 -100
199758.872000 448640.448000 42.381000 0 0 0 0 -100
199766.764000 448638.496000 43.531000 0 0 0 0 -100
199755.235000 448641.128000 42.309000 0 0 0 0 -100
199755.639000 448641.029000 42.307000 0 0 0 0 -100
199756.489000 448640.818000 42.323000 0 0 0 0 -100
199756.882000 448640.721000 42.277000 0 0 0 0 -100
199757.273000 448640.625000 42.272000 0 0 0 0 -100
199757.748000 448640.507000 42.349000 0 0 0 0 -100
199758.119000 448640.416000 42.304000 0 0 0 0 -100
199758.509000 448640.319000 42.347000 0 0 0 0 -100
199758.915000 448640.219000 42.327000 0 0 0 0 -100
199756.229000 448640.531000 42.320000 0 0 0 0 -100
199756.641000 448640.430000 42.289000 0 0 0 0 -100
199756.999000 448640.341000 42.285000 0 0 0 0 -100
199757.441000 448640.232000 42.318000 0 0 0 0 -100
199757.849000 448640.131000 42.303000 0 0 0 0 -100
199758.244000 448640.033000 42.309000 0 0 0 0 -100
199758.646000 448639.934000 42.328000 0 0 0 0 -100
199666.600000 448662.252000 58.178000 0 0 0 0 -100
199738.320000 448644.533000 45.488000 0 0 0 0 -100
199755.379000 448640.319000 42.309000 0 0 0 0 -100
199755.746000 448640.228000 42.301000 0 0 0 0 -100
199756.150000 448640.128000 42.299000 0 0 0 0 -100
199756.600000 448640.017000 42.324000 0 0 0 0 -100
199756.981000 448639.923000 42.323000 0 0 0 0 -100
199757.407000 448639.817000 42.346000 0 0 0 0 -100
199757.853000 448639.707000 42.339000 0 0 0 0 -100
199758.237000 448639.612000 42.321000 0 0 0 0 -100
199758.609000 448639.520000 42.324000 0 0 0 0 -100
199759.044000 448639.413000 42.295000 0 0 0 0 -100
199759.492000 448639.302000 42.341000 0 0 0 0 -100
199760.325000 448639.096000 42.327000 0 0 0 0 -100
199760.782000 448638.983000 42.368000 0 0 0 0 -100
199666.406000 448661.986000 58.308000 0 0 0 0 -100
199666.393000 448661.991000 57.577000 0 0 0 0 -100
199666.277000 448662.019000 57.366000 0 0 0 0 -100
199738.462000 448644.186000 46.319000 0 0 0 0 -100
199738.502000 448644.176000 45.570000 0 0 0 0 -100
199754.207000 448640.296000 42.315000 0 0 0 0 -100
199754.617000 448640.195000 42.326000 0 0 0 0 -100
199755.031000 448640.092000 42.322000 0 0 0 0 -100
199755.457000 448639.987000 42.320000 0 0 0 0 -100
199756.265000 448639.787000 42.319000 0 0 0 0 -100
199756.688000 448639.683000 42.334000 0 0 0 0 -100
199757.087000 448639.584000 42.300000 0 0 0 0 -100
199757.531000 448639.475000 42.384000 0 0 0 0 -100
199757.943000 448639.373000 42.329000 0 0 0 0 -100
199758.372000 448639.267000 42.334000 0 0 0 0 -100
199758.770000 448639.168000 42.347000 0 0 0 0 -100
199759.615000 448638.960000 42.378000 0 0 0 0 -100
199759.979000 448638.870000 42.343000 0 0 0 0 -100
199760.400000 448638.766000 42.333000 0 0 0 0 -100
199760.866000 448638.651000 42.395000 0 0 0 0 -100
199761.231000 448638.559000 42.338000 0 0 0 0 -100
199761.672000 448638.450000 42.418000 0 0 0 0 -100
199770.184000 448636.346000 44.063000 0 0 0 0 -100
199666.281000 448661.833000 58.046000 0 0 0 0 -100
199666.191000 448661.856000 57.153000 0 0 0 0 -100
199738.429000 448644.006000 46.121000 0 0 0 0 -100
199738.445000 448644.002000 45.393000 0 0 0 0 -100
199755.141000 448639.876000 42.348000 0 0 0 0 -100
199755.945000 448639.678000 42.338000 0 0 0 0 -100
199756.830000 448639.459000 42.334000 0 0 0 0 -100
199757.209000 448639.365000 42.327000 0 0 0 0 -100
199757.612000 448639.266000 42.349000 0 0 0 0 -100
199758.019000 448639.165000 42.332000 0 0 0 0 -100
199758.435000 448639.062000 42.333000 0 0 0 0 -100
199758.845000 448638.961000 42.346000 0 0 0 0 -100
199759.300000 448638.848000 42.431000 0 0 0 0 -100
199759.713000 448638.746000 42.381000 0 0 0 0 -100
199760.498000 448638.553000 42.310000 0 0 0 0 -100
199760.971000 448638.435000 42.410000 0 0 0 0 -100
199761.358000 448638.339000 42.376000 0 0 0 0 -100
199761.748000 448638.243000 42.397000 0 0 0 0 -100
199764.439000 448637.577000 42.882000 0 0 0 0 -100
199770.301000 448636.127000 43.989000 0 0 0 0 -100
199753.878000 448639.802000 42.364000 0 0 0 0 -100
199754.259000 448639.708000 42.338000 0 0 0 0 -100
199754.700000 448639.599000 42.342000 0 0 0 0 -100
199755.107000 448639.498000 42.324000 0 0 0 0 -100
199755.496000 448639.402000 42.339000 0 0 0 0 -100
199756.755000 448639.091000 42.316000 0 0 0 0 -100
199757.112000 448639.003000 42.312000 0 0 0 0 -100
199757.577000 448638.888000 42.370000 0 0 0 0 -100
199758.048000 448638.772000 42.415000 0 0 0 0 -100
199758.450000 448638.672000 42.413000 0 0 0 0 -100
199758.817000 448638.582000 42.381000 0 0 0 0 -100
199759.506000 448638.411000 42.887000 0 0 0 0 -100
199760.880000 448638.072000 42.360000 0 0 0 0 -100
199761.260000 448637.977000 42.360000 0 0 0 0 -100
199761.632000 448637.885000 42.364000 0 0 0 0 -100
199764.248000 448637.238000 42.669000 0 0 0 0 -100
199770.221000 448635.761000 43.985000 0 0 0 0 -100
199665.402000 448661.213000 57.454000 0 0 0 0 -100
199711.603000 448649.798000 51.188000 0 0 0 0 -100
199711.903000 448649.724000 50.986000 0 0 0 0 -100
199712.317000 448649.622000 51.033000 0 0 0 0 -100
199734.107000 448644.238000 45.962000 0 0 0 0 -100
199753.889000 448639.350000 42.433000 0 0 0 0 -100
199754.277000 448639.254000 42.397000 0 0 0 0 -100
199754.713000 448639.147000 42.392000 0 0 0 0 -100
199755.510000 448638.950000 42.366000 0 0 0 0 -100
199757.580000 448638.438000 42.350000 0 0 0 0 -100
199758.928000 448638.105000 42.660000 0 0 0 0 -100
199761.642000 448637.433000 42.408000 0 0 0 0 -100
199764.193000 448636.803000 42.550000 0 0 0 0 -100
199665.387000 448660.839000 58.089000 0 0 0 0 -100
199677.668000 448657.807000 55.267000 0 0 0 0 -100
199689.741000 448654.824000 53.867000 0 0 0 0 -100
199711.943000 448649.339000 50.929000 0 0 0 0 -100
199733.725000 448643.958000 45.927000 0 0 0 0 -100
199753.953000 448638.960000 42.380000 0 0 0 0 -100
199754.422000 448638.844000 42.490000 0 0 0 0 -100
199754.777000 448638.757000 42.409000 0 0 0 0 -100
199757.900000 448637.985000 42.975000 0 0 0 0 -100
199758.887000 448637.741000 43.352000 0 0 0 0 -100
199759.125000 448637.682000 43.053000 0 0 0 0 -100
199689.589000 448654.615000 53.614000 0 0 0 0 -100
199711.860000 448649.112000 50.913000 0 0 0 0 -100
199720.643000 448646.942000 48.291000 0 0 0 0 -100
199733.659000 448643.725000 45.920000 0 0 0 0 -100
199754.328000 448638.618000 42.422000 0 0 0 0 -100
199754.734000 448638.518000 42.425000 0 0 0 0 -100
199758.648000 448637.551000 42.908000 0 0 0 0 -100
199759.065000 448637.447000 42.960000 0 0 0 0 -100
199759.400000 448637.365000 42.791000 0 0 0 0 -100
199728.899000 448644.525000 47.387000 0 0 0 0 -100
199753.355000 448638.483000 42.371000 0 0 0 0 -100
199754.167000 448638.283000 42.376000 0 0 0 0 -100
199754.582000 448638.180000 42.397000 0 0 0 0 -100
199755.009000 448638.075000 42.395000 0 0 0 0 -100
199758.952000 448637.100000 42.871000 0 0 0 0 -100
199759.311000 448637.011000 42.684000 0 0 0 0 -100
199764.051000 448635.839000 42.363000 0 0 0 0 -100
199764.475000 448635.735000 42.386000 0 0 0 0 -100
199708.176000 448649.230000 50.419000 0 0 0 0 -100
199725.685000 448644.904000 47.562000 0 0 0 0 -100
199754.188000 448637.861000 42.408000 0 0 0 0 -100
199758.512000 448636.793000 42.854000 0 0 0 0 -100
199759.528000 448636.542000 42.349000 0 0 0 0 -100
199761.231000 448636.120000 42.469000 0 0 0 0 -100
199762.794000 448635.734000 42.320000 0 0 0 0 -100
199763.625000 448635.529000 42.326000 0 0 0 0 -100
199764.026000 448635.430000 42.368000 0 0 0 0 -100
199764.436000 448635.329000 42.362000 0 0 0 0 -100
199670.911000 448658.137000 55.987000 0 0 0 0 -100
199676.104000 448656.854000 55.263000 0 0 0 0 -100
199708.049000 448648.961000 50.413000 0 0 0 0 -100
199725.638000 448644.616000 47.893000 0 0 0 0 -100
199729.898000 448643.562000 47.316000 0 0 0 0 -100
199743.916000 448640.100000 44.500000 0 0 0 0 -100
199744.282000 448640.009000 44.392000 0 0 0 0 -100
199745.598000 448639.683000 45.423000 0 0 0 0 -100
199745.509000 448639.705000 44.358000 0 0 0 0 -100
199754.051000 448637.595000 42.422000 0 0 0 0 -100
199759.060000 448636.358000 42.494000 0 0 0 0 -100
199759.483000 448636.253000 42.488000 0 0 0 0 -100
199761.091000 448635.855000 42.428000 0 0 0 0 -100
199761.431000 448635.771000 42.367000 0 0 0 0 -100
199762.645000 448635.471000 42.306000 0 0 0 0 -100
199763.037000 448635.374000 42.332000 0 0 0 0 -100
199763.899000 448635.161000 42.405000 0 0 0 0 -100
199764.289000 448635.065000 42.425000 0 0 0 0 -100
199676.130000 448656.675000 55.317000 0 0 0 0 -100
199725.434000 448644.488000 47.493000 0 0 0 0 -100
199729.891000 448643.386000 47.125000 0 0 0 0 -100
199745.552000 448639.515000 45.215000 0 0 0 0 -100
199745.537000 448639.519000 44.350000 0 0 0 0 -100
199754.107000 448637.401000 42.495000 0 0 0 0 -100
199758.052000 448636.426000 42.899000 0 0 0 0 -100
199759.075000 448636.173000 42.528000 0 0 0 0 -100
199759.514000 448636.065000 42.578000 0 0 0 0 -100
199760.633000 448635.788000 42.365000 0 0 0 0 -100
199761.051000 448635.684000 42.394000 0 0 0 0 -100
199761.391000 448635.600000 42.333000 0 0 0 0 -100
199761.795000 448635.500000 42.335000 0 0 0 0 -100
199762.200000 448635.400000 42.315000 0 0 0 0 -100
199762.614000 448635.297000 42.316000 0 0 0 0 -100
199763.040000 448635.192000 42.341000 0 0 0 0 -100
199763.904000 448634.979000 42.441000 0 0 0 0 -100
199764.355000 448634.867000 42.545000 0 0 0 0 -100
199753.837000 448637.104000 42.447000 0 0 0 0 -100
199757.935000 448636.091000 42.418000 0 0 0 0 -100
199758.699000 448635.902000 42.421000 0 0 0 0 -100
199759.117000 448635.799000 42.381000 0 0 0 0 -100
199760.797000 448635.384000 42.403000 0 0 0 0 -100
199761.132000 448635.300000 42.329000 0 0 0 0 -100
199761.508000 448635.207000 42.320000 0 0 0 0 -100
199761.947000 448635.099000 42.324000 0 0 0 0 -100
199762.367000 448634.995000 42.290000 0 0 0 0 -100
199762.773000 448634.894000 42.321000 0 0 0 0 -100
199763.206000 448634.787000 42.313000 0 0 0 0 -100
199763.716000 448634.661000 42.470000 0 0 0 0 -100
199764.146000 448634.555000 42.552000 0 0 0 0 -100
199764.467000 448634.476000 42.451000 0 0 0 0 -100
199749.252000 448637.807000 43.900000 0 0 0 0 -100
199753.101000 448636.856000 42.469000 0 0 0 0 -100
199757.603000 448635.743000 42.507000 0 0 0 0 -100
199758.798000 448635.448000 42.425000 0 0 0 0 -100
199760.447000 448635.040000 42.405000 0 0 0 0 -100
199760.848000 448634.941000 42.353000 0 0 0 0 -100
199761.241000 448634.843000 42.330000 0 0 0 0 -100
199761.666000 448634.738000 42.332000 0 0 0 0 -100
199762.085000 448634.634000 42.342000 0 0 0 0 -100
199762.464000 448634.541000 42.315000 0 0 0 0 -100
199762.880000 448634.438000 42.366000 0 0 0 0 -100
199763.297000 448634.335000 42.349000 0 0 0 0 -100
199763.730000 448634.228000 42.342000 0 0 0 0 -100
199764.141000 448634.126000 42.431000 0 0 0 0 -100
199680.351000 448654.502000 54.563000 0 0 0 0 -100
199725.185000 448643.420000 47.282000 0 0 0 0 -100
199749.346000 448637.447000 44.912000 0 0 0 0 -100
199753.161000 448636.504000 42.551000 0 0 0 0 -100
199757.193000 448635.508000 42.475000 0 0 0 0 -100
199760.898000 448634.591000 42.392000 0 0 0 0 -100
199761.261000 448634.501000 42.331000 0 0 0 0 -100
199761.672000 448634.399000 42.301000 0 0 0 0 -100
199762.087000 448634.297000 42.301000 0 0 0 0 -100
199762.529000 448634.188000 42.338000 0 0 0 0 -100
199762.964000 448634.080000 42.407000 0 0 0 0 -100
199763.352000 448633.984000 42.328000 0 0 0 0 -100
199763.764000 448633.882000 42.324000 0 0 0 0 -100
199764.161000 448633.784000 42.313000 0 0 0 0 -100
199679.776000 448654.463000 55.099000 0 0 0 0 -100
199714.254000 448645.938000 50.337000 0 0 0 0 -100
199757.241000 448635.311000 42.336000 0 0 0 0 -100
199761.023000 448634.375000 42.438000 0 0 0 0 -100
199761.407000 448634.280000 42.375000 0 0 0 0 -100
199761.768000 448634.191000 42.309000 0 0 0 0 -100
199762.220000 448634.079000 42.340000 0 0 0 0 -100
199762.591000 448633.988000 42.321000 0 0 0 0 -100
199763.018000 448633.882000 42.349000 0 0 0 0 -100
199763.430000 448633.780000 42.344000 0 0 0 0 -100
199763.835000 448633.680000 42.350000 0 0 0 0 -100
199764.216000 448633.586000 42.353000 0 0 0 0 -100
199672.899000 448655.825000 56.754000 0 0 0 0 -100
199673.168000 448655.758000 56.493000 0 0 0 0 -100
199761.337000 448633.957000 42.323000 0 0 0 0 -100
199761.745000 448633.856000 42.380000 0 0 0 0 -100
199762.152000 448633.756000 42.318000 0 0 0 0 -100
199762.920000 448633.566000 42.285000 0 0 0 0 -100
199763.364000 448633.456000 42.348000 0 0 0 0 -100
199763.726000 448633.367000 42.238000 0 0 0 0 -100
199766.762000 448632.614000 44.390000 0 0 0 0 -100
199673.002000 448655.410000 56.391000 0 0 0 0 -100
199673.399000 448655.312000 56.343000 0 0 0 0 -100
199766.524000 448632.285000 43.305000 0 0 0 0 -100
199682.018000 448652.830000 54.094000 0 0 0 0 -100
199700.510000 448648.258000 51.314000 0 0 0 0 -100
199762.675000 448632.888000 42.251000 0 0 0 0 -100
199673.417000 448654.773000 55.712000 0 0 0 0 -100
199674.587000 448654.483000 56.308000 0 0 0 0 -100
199673.246000 448654.452000 55.645000 0 0 0 0 -100
199672.648000 448654.172000 56.319000 0 0 0 0 -100
199673.118000 448654.055000 55.563000 0 0 0 0 -100
199695.340000 448648.562000 53.215000 0 0 0 0 -100
199672.438000 448653.865000 55.911000 0 0 0 0 -100
199672.670000 448653.807000 55.626000 0 0 0 0 -100
199735.924000 448638.168000 45.363000 0 0 0 0 -100
199672.422000 448653.684000 56.086000 0 0 0 0 -100
199735.496000 448638.089000 45.586000 0 0 0 0 -100
199735.601000 448637.673000 46.061000 0 0 0 0 -100
199687.027000 448649.273000 54.253000 0 0 0 0 -100
199703.865000 448645.111000 50.615000 0 0 0 0 -100
199710.179000 448643.550000 50.643000 0 0 0 0 -100
199735.373000 448637.321000 45.801000 0 0 0 0 -100
199753.279000 448632.555000 43.458000 0 0 0 0 -100
199670.651000 448652.795000 55.709000 0 0 0 0 -100
199735.144000 448636.849000 46.094000 0 0 0 0 -100
199753.277000 448632.366000 43.465000 0 0 0 0 -100
199720.636000 448640.085000 47.609000 0 0 0 0 -100
199734.853000 448636.569000 45.954000 0 0 0 0 -100
199703.442000 448643.936000 50.653000 0 0 0 0 -100
199703.412000 448643.586000 50.550000 0 0 0 0 -100
199740.859000 448634.327000 45.042000 0 0 0 0 -100
199758.140000 448630.054000 42.368000 0 0 0 0 -100
199758.465000 448629.974000 42.296000 0 0 0 0 -100
199759.722000 448629.663000 42.321000 0 0 0 0 -100
199760.119000 448629.565000 42.333000 0 0 0 0 -100
199762.964000 448628.861000 42.335000 0 0 0 0 -100
199764.246000 448628.544000 42.374000 0 0 0 0 -100
199703.263000 448643.436000 50.595000 0 0 0 0 -100
199740.629000 448634.196000 44.873000 0 0 0 0 -100
199758.709000 448629.725000 42.289000 0 0 0 0 -100
199761.597000 448629.009000 42.282000 0 0 0 0 -100
199762.871000 448628.694000 42.302000 0 0 0 0 -100
199669.067000 448651.529000 55.899000 0 0 0 0 -100
199752.396000 448630.923000 43.359000 0 0 0 0 -100
199758.403000 448629.438000 42.366000 0 0 0 0 -100
199758.784000 448629.343000 42.317000 0 0 0 0 -100
199759.651000 448629.129000 42.349000 0 0 0 0 -100
199760.056000 448629.029000 42.328000 0 0 0 0 -100
199760.532000 448628.911000 42.388000 0 0 0 0 -100
199760.913000 448628.816000 42.293000 0 0 0 0 -100
199761.288000 448628.723000 42.305000 0 0 0 0 -100
199761.683000 448628.625000 42.289000 0 0 0 0 -100
199762.119000 448628.518000 42.309000 0 0 0 0 -100
199762.505000 448628.422000 42.275000 0 0 0 0 -100
199762.935000 448628.316000 42.308000 0 0 0 0 -100
199764.610000 448627.902000 42.351000 0 0 0 0 -100
199705.424000 448642.127000 50.764000 0 0 0 0 -100
199758.317000 448629.050000 42.303000 0 0 0 0 -100
199758.743000 448628.945000 42.351000 0 0 0 0 -100
199759.150000 448628.844000 42.312000 0 0 0 0 -100
199759.532000 448628.749000 42.288000 0 0 0 0 -100
199759.933000 448628.650000 42.329000 0 0 0 0 -100
199760.377000 448628.541000 42.344000 0 0 0 0 -100
199760.817000 448628.432000 42.376000 0 0 0 0 -100
199761.188000 448628.339000 42.355000 0 0 0 0 -100
199762.027000 448628.132000 42.331000 0 0 0 0 -100
199762.443000 448628.029000 42.334000 0 0 0 0 -100
199762.846000 448627.929000 42.358000 0 0 0 0 -100
199763.250000 448627.829000 42.290000 0 0 0 0 -100
199764.869000 448627.429000 42.309000 0 0 0 0 -100
199705.239000 448641.841000 50.269000 0 0 0 0 -100
199758.413000 448628.694000 42.360000 0 0 0 0 -100
199758.800000 448628.598000 42.301000 0 0 0 0 -100
199759.248000 448628.487000 42.346000 0 0 0 0 -100
199759.640000 448628.390000 42.300000 0 0 0 0 -100
199760.088000 448628.279000 42.370000 0 0 0 0 -100
199762.146000 448627.769000 42.342000 0 0 0 0 -100
199762.923000 448627.578000 42.350000 0 0 0 0 -100
199715.983000 448638.983000 48.221000 0 0 0 0 -100
199717.476000 448638.615000 47.883000 0 0 0 0 -100
199758.428000 448628.490000 42.359000 0 0 0 0 -100
199758.831000 448628.390000 42.406000 0 0 0 0 -100
199759.245000 448628.288000 42.333000 0 0 0 0 -100
199759.667000 448628.184000 42.370000 0 0 0 0 -100
199760.073000 448628.083000 42.400000 0 0 0 0 -100
199760.459000 448627.987000 42.340000 0 0 0 0 -100
199762.072000 448627.588000 42.317000 0 0 0 0 -100
199762.467000 448627.490000 42.301000 0 0 0 0 -100
199762.845000 448627.397000 42.321000 0 0 0 0 -100
199763.287000 448627.287000 42.356000 0 0 0 0 -100
199765.328000 448626.783000 42.345000 0 0 0 0 -100
199715.703000 448638.670000 48.242000 0 0 0 0 -100
199717.628000 448638.194000 47.896000 0 0 0 0 -100
199758.504000 448628.088000 42.385000 0 0 0 0 -100
199758.889000 448627.993000 42.322000 0 0 0 0 -100
199759.335000 448627.883000 42.364000 0 0 0 0 -100
199759.698000 448627.793000 42.326000 0 0 0 0 -100
199760.122000 448627.688000 42.345000 0 0 0 0 -100
199762.957000 448626.986000 42.352000 0 0 0 0 -100
199765.495000 448626.358000 42.398000 0 0 0 0 -100
199758.308000 448627.710000 42.349000 0 0 0 0 -100
199758.729000 448627.606000 42.407000 0 0 0 0 -100
199759.143000 448627.504000 42.383000 0 0 0 0 -100
199761.990000 448626.799000 42.293000 0 0 0 0 -100
199762.437000 448626.689000 42.337000 0 0 0 0 -100
199768.169000 448625.272000 43.147000 0 0 0 0 -100
199660.962000 448651.409000 57.165000 0 0 0 0 -100
199758.367000 448627.333000 42.369000 0 0 0 0 -100
199758.747000 448627.239000 42.365000 0 0 0 0 -100
199767.906000 448624.974000 43.478000 0 0 0 0 -100
199768.033000 448624.943000 42.824000 0 0 0 0 -100
199715.125000 448637.772000 48.291000 0 0 0 0 -100
199758.300000 448627.101000 42.343000 0 0 0 0 -100
199744.508000 448630.134000 45.010000 0 0 0 0 -100
199758.466000 448626.684000 42.368000 0 0 0 0 -100
199763.836000 448625.356000 42.357000 0 0 0 0 -100
199766.642000 448624.662000 42.313000 0 0 0 0 -100
199767.035000 448624.565000 42.294000 0 0 0 0 -100
199698.122000 448641.163000 52.255000 0 0 0 0 -100
199698.000000 448641.194000 51.138000 0 0 0 0 -100
199765.625000 448624.484000 42.375000 0 0 0 0 -100
199767.288000 448624.073000 42.326000 0 0 0 0 -100
199662.072000 448649.716000 57.979000 0 0 0 0 -100
199722.237000 448634.851000 47.738000 0 0 0 0 -100
199760.171000 448625.478000 42.367000 0 0 0 0 -100
199767.560000 448623.652000 42.363000 0 0 0 0 -100
199722.024000 448634.681000 47.162000 0 0 0 0 -100
199758.654000 448625.632000 42.366000 0 0 0 0 -100
199764.380000 448624.217000 42.329000 0 0 0 0 -100
199764.790000 448624.115000 42.322000 0 0 0 0 -100
199765.205000 448624.013000 42.300000 0 0 0 0 -100
199767.708000 448623.394000 42.377000 0 0 0 0 -100
199666.099000 448648.122000 56.335000 0 0 0 0 -100
199677.456000 448645.318000 54.178000 0 0 0 0 -100
199711.513000 448636.907000 48.585000 0 0 0 0 -100
199735.313000 448631.028000 45.179000 0 0 0 0 -100
199759.169000 448625.136000 42.356000 0 0 0 0 -100
199763.718000 448624.011000 42.338000 0 0 0 0 -100
199764.098000 448623.917000 42.361000 0 0 0 0 -100
199764.503000 448623.817000 42.342000 0 0 0 0 -100
199764.947000 448623.708000 42.338000 0 0 0 0 -100
199765.739000 448623.512000 42.334000 0 0 0 0 -100
199766.589000 448623.302000 42.312000 0 0 0 0 -100
199767.380000 448623.107000 42.334000 0 0 0 0 -100
199689.099000 448641.969000 53.312000 0 0 0 0 -100
199759.336000 448624.628000 42.358000 0 0 0 0 -100
199759.734000 448624.530000 42.346000 0 0 0 0 -100
199763.430000 448623.616000 42.326000 0 0 0 0 -100
199763.831000 448623.517000 42.299000 0 0 0 0 -100
199764.222000 448623.421000 42.320000 0 0 0 0 -100
199764.627000 448623.321000 42.302000 0 0 0 0 -100
199765.459000 448623.115000 42.315000 0 0 0 0 -100
199766.292000 448622.909000 42.375000 0 0 0 0 -100
199766.664000 448622.818000 42.335000 0 0 0 0 -100
199768.268000 448622.422000 42.329000 0 0 0 0 -100
199759.963000 448624.119000 42.359000 0 0 0 0 -100
199760.407000 448624.009000 42.375000 0 0 0 0 -100
199761.234000 448623.804000 42.348000 0 0 0 0 -100
199763.283000 448623.298000 42.349000 0 0 0 0 -100
199763.658000 448623.205000 42.292000 0 0 0 0 -100
199764.074000 448623.103000 42.342000 0 0 0 0 -100
199764.457000 448623.008000 42.349000 0 0 0 0 -100
199764.881000 448622.903000 42.301000 0 0 0 0 -100
199765.288000 448622.803000 42.335000 0 0 0 0 -100
199765.660000 448622.711000 42.341000 0 0 0 0 -100
199766.104000 448622.602000 42.359000 0 0 0 0 -100
199766.498000 448622.504000 42.341000 0 0 0 0 -100
199767.322000 448622.301000 42.360000 0 0 0 0 -100
199751.884000 448625.862000 43.789000 0 0 0 0 -100
199759.883000 448623.887000 42.363000 0 0 0 0 -100
199760.273000 448623.791000 42.359000 0 0 0 0 -100
199763.089000 448623.095000 42.323000 0 0 0 0 -100
199763.908000 448622.893000 42.305000 0 0 0 0 -100
199764.284000 448622.800000 42.321000 0 0 0 0 -100
199764.720000 448622.692000 42.319000 0 0 0 0 -100
199765.547000 448622.488000 42.321000 0 0 0 0 -100
199760.356000 448623.382000 42.346000 0 0 0 0 -100
199762.787000 448622.781000 42.327000 0 0 0 0 -100
199763.217000 448622.675000 42.312000 0 0 0 0 -100
199763.649000 448622.569000 42.328000 0 0 0 0 -100
199764.006000 448622.480000 42.303000 0 0 0 0 -100
199764.416000 448622.379000 42.317000 0 0 0 0 -100
199764.868000 448622.268000 42.304000 0 0 0 0 -100
199765.306000 448622.160000 42.357000 0 0 0 0 -100
199767.296000 448621.669000 42.338000 0 0 0 0 -100
199767.736000 448621.560000 42.325000 0 0 0 0 -100
199768.170000 448621.453000 42.346000 0 0 0 0 -100
199700.886000 448637.600000 51.262000 0 0 0 0 -100
199700.884000 448637.601000 50.502000 0 0 0 0 -100
199749.794000 448625.532000 43.836000 0 0 0 0 -100
199750.172000 448625.439000 43.732000 0 0 0 0 -100
199753.290000 448624.670000 43.357000 0 0 0 0 -100
199755.878000 448624.031000 44.324000 0 0 0 0 -100
199755.744000 448624.064000 43.246000 0 0 0 0 -100
199760.637000 448622.857000 42.380000 0 0 0 0 -100
199761.039000 448622.757000 42.353000 0 0 0 0 -100
199761.816000 448622.565000 42.341000 0 0 0 0 -100
199762.238000 448622.461000 42.333000 0 0 0 0 -100
199762.651000 448622.359000 42.331000 0 0 0 0 -100
199763.077000 448622.254000 42.357000 0 0 0 0 -100
199763.515000 448622.146000 42.336000 0 0 0 0 -100
199763.932000 448622.043000 42.343000 0 0 0 0 -100
199764.317000 448621.948000 42.354000 0 0 0 0 -100
199764.727000 448621.847000 42.346000 0 0 0 0 -100
199765.159000 448621.740000 42.409000 0 0 0 0 -100
199765.535000 448621.648000 42.353000 0 0 0 0 -100
199765.981000 448621.537000 42.400000 0 0 0 0 -100
199766.367000 448621.442000 42.341000 0 0 0 0 -100
199766.785000 448621.339000 42.352000 0 0 0 0 -100
199767.185000 448621.240000 42.349000 0 0 0 0 -100
199767.615000 448621.134000 42.338000 0 0 0 0 -100
199768.030000 448621.032000 42.341000 0 0 0 0 -100
199768.449000 448620.929000 42.403000 0 0 0 0 -100
199700.713000 448637.303000 51.327000 0 0 0 0 -100
199755.732000 448623.730000 44.367000 0 0 0 0 -100
199761.302000 448622.356000 42.338000 0 0 0 0 -100
199761.694000 448622.259000 42.316000 0 0 0 0 -100
199762.541000 448622.050000 42.332000 0 0 0 0 -100
199762.909000 448621.959000 42.304000 0 0 0 0 -100
199763.322000 448621.857000 42.326000 0 0 0 0 -100
199764.543000 448621.556000 42.284000 0 0 0 0 -100
199764.998000 448621.444000 42.324000 0 0 0 0 -100
199765.416000 448621.341000 42.312000 0 0 0 0 -100
199765.811000 448621.243000 42.295000 0 0 0 0 -100
199766.229000 448621.140000 42.330000 0 0 0 0 -100
199767.039000 448620.940000 42.318000 0 0 0 0 -100
199767.878000 448620.733000 42.347000 0 0 0 0 -100
199768.272000 448620.636000 42.331000 0 0 0 0 -100
199761.516000 448622.076000 42.334000 0 0 0 0 -100
199761.949000 448621.969000 42.324000 0 0 0 0 -100
199762.376000 448621.864000 42.353000 0 0 0 0 -100
199762.770000 448621.767000 42.334000 0 0 0 0 -100
199764.427000 448621.358000 42.338000 0 0 0 0 -100
199764.812000 448621.263000 42.276000 0 0 0 0 -100
199765.621000 448621.063000 42.286000 0 0 0 0 -100
199766.010000 448620.967000 42.283000 0 0 0 0 -100
199766.455000 448620.858000 42.303000 0 0 0 0 -100
199767.260000 448620.659000 42.353000 0 0 0 0 -100
199767.663000 448620.560000 42.331000 0 0 0 0 -100
199768.067000 448620.460000 42.337000 0 0 0 0 -100
199666.121000 448645.276000 55.996000 0 0 0 0 -100
199666.389000 448645.210000 55.752000 0 0 0 0 -100
199729.627000 448629.609000 46.835000 0 0 0 0 -100
199729.642000 448629.606000 46.065000 0 0 0 0 -100
199762.182000 448621.577000 42.282000 0 0 0 0 -100
199762.619000 448621.469000 42.354000 0 0 0 0 -100
199764.621000 448620.976000 42.355000 0 0 0 0 -100
199765.025000 448620.876000 42.310000 0 0 0 0 -100
199765.433000 448620.775000 42.323000 0 0 0 0 -100
199765.788000 448620.688000 42.294000 0 0 0 0 -100
199766.184000 448620.590000 42.258000 0 0 0 0 -100
199766.652000 448620.474000 42.326000 0 0 0 0 -100
199767.051000 448620.376000 42.393000 0 0 0 0 -100
199767.461000 448620.275000 42.363000 0 0 0 0 -100
199767.893000 448620.168000 42.331000 0 0 0 0 -100
199701.911000 448635.969000 51.088000 0 0 0 0 -100
199701.995000 448635.949000 50.404000 0 0 0 0 -100
199755.640000 448622.718000 44.172000 0 0 0 0 -100
199762.942000 448620.917000 42.326000 0 0 0 0 -100
199763.764000 448620.715000 42.289000 0 0 0 0 -100
199764.165000 448620.616000 42.358000 0 0 0 0 -100
199764.577000 448620.514000 42.330000 0 0 0 0 -100
199764.985000 448620.413000 42.342000 0 0 0 0 -100
199765.388000 448620.314000 42.321000 0 0 0 0 -100
199765.824000 448620.206000 42.344000 0 0 0 0 -100
199766.245000 448620.102000 42.385000 0 0 0 0 -100
199766.671000 448619.997000 42.436000 0 0 0 0 -100
199767.037000 448619.907000 42.384000 0 0 0 0 -100
199767.459000 448619.803000 42.331000 0 0 0 0 -100
199767.907000 448619.693000 42.382000 0 0 0 0 -100
199740.406000 448626.093000 45.650000 0 0 0 0 -100
199740.582000 448626.050000 45.110000 0 0 0 0 -100
199763.555000 448620.384000 42.288000 0 0 0 0 -100
199763.920000 448620.294000 42.279000 0 0 0 0 -100
199764.340000 448620.191000 42.363000 0 0 0 0 -100
199764.764000 448620.086000 42.313000 0 0 0 0 -100
199765.199000 448619.979000 42.336000 0 0 0 0 -100
199765.618000 448619.876000 42.371000 0 0 0 0 -100
199766.071000 448619.764000 42.407000 0 0 0 0 -100
199766.468000 448619.666000 42.326000 0 0 0 0 -100
199766.842000 448619.574000 42.314000 0 0 0 0 -100
199767.246000 448619.474000 42.366000 0 0 0 0 -100
199679.006000 448640.964000 53.842000 0 0 0 0 -100
199740.462000 448625.811000 46.194000 0 0 0 0 -100
199740.449000 448625.815000 45.268000 0 0 0 0 -100
199763.695000 448620.082000 42.243000 0 0 0 0 -100
199764.113000 448619.980000 42.299000 0 0 0 0 -100
199764.541000 448619.874000 42.305000 0 0 0 0 -100
199764.942000 448619.775000 42.279000 0 0 0 0 -100
199765.355000 448619.673000 42.348000 0 0 0 0 -100
199765.753000 448619.575000 42.386000 0 0 0 0 -100
199766.165000 448619.474000 42.314000 0 0 0 0 -100
199715.329000 448631.624000 48.344000 0 0 0 0 -100
199764.258000 448619.563000 42.371000 0 0 0 0 -100
199764.637000 448619.469000 42.299000 0 0 0 0 -100
199676.798000 448640.667000 54.778000 0 0 0 0 -100
199676.824000 448640.661000 53.981000 0 0 0 0 -100
199704.252000 448633.901000 50.132000 0 0 0 0 -100
199660.300000 448644.410000 56.488000 0 0 0 0 -100
199740.903000 448624.547000 45.161000 0 0 0 0 -100
199696.265000 448635.315000 50.709000 0 0 0 0 -100
199720.910000 448629.242000 46.913000 0 0 0 0 -100
199724.820000 448628.279000 46.316000 0 0 0 0 -100
199728.270000 448627.429000 47.437000 0 0 0 0 -100
199667.993000 448641.943000 55.157000 0 0 0 0 -100
199696.451000 448634.931000 51.373000 0 0 0 0 -100
199696.497000 448634.920000 50.643000 0 0 0 0 -100
199721.822000 448628.680000 46.520000 0 0 0 0 -100
199728.381000 448627.064000 46.404000 0 0 0 0 -100
199734.754000 448625.493000 46.516000 0 0 0 0 -100
199734.837000 448625.473000 45.765000 0 0 0 0 -100
199711.081000 448630.877000 48.753000 0 0 0 0 -100
199722.618000 448628.035000 46.673000 0 0 0 0 -100
199725.102000 448627.423000 46.587000 0 0 0 0 -100
199711.041000 448630.514000 48.990000 0 0 0 0 -100
199747.150000 448621.620000 44.348000 0 0 0 0 -100
199692.896000 448634.720000 51.180000 0 0 0 0 -100
199676.081000 448638.059000 53.784000 0 0 0 0 -100
199745.976000 448620.850000 45.380000 0 0 0 0 -100
199746.005000 448620.844000 44.603000 0 0 0 0 -100
199727.878000 448625.011000 46.508000 0 0 0 0 -100
199717.833000 448627.312000 46.827000 0 0 0 0 -100
199722.311000 448625.907000 48.042000 0 0 0 0 -100
199722.128000 448625.953000 46.884000 0 0 0 0 -100
199682.786000 448634.588000 53.626000 0 0 0 0 -100
199681.028000 448634.652000 52.717000 0 0 0 0 -100
199713.991000 448625.243000 48.585000 0 0 0 0 -100
199714.080000 448625.221000 47.883000 0 0 0 0 -100
199713.944000 448624.825000 48.491000 0 0 0 0 -100
199713.978000 448624.817000 47.725000 0 0 0 0 -100
199683.456000 448630.655000 52.086000 0 0 0 0 -100
199686.807000 448628.867000 51.536000 0 0 0 0 -100
199686.732000 448628.545000 52.077000 0 0 0 0 -100
199686.824000 448628.523000 51.439000 0 0 0 0 -100
199719.465000 448620.491000 48.189000 0 0 0 0 -100
199719.514000 448620.260000 48.140000 0 0 0 0 -100
199693.898000 448624.908000 49.814000 0 0 0 0 -100
199679.267000 448627.711000 53.077000 0 0 0 0 -100
199673.292000 448628.959000 54.195000 0 0 0 0 -100
199680.801000 448627.112000 53.026000 0 0 0 0 -100
199685.911000 448625.514000 52.128000 0 0 0 0 -100
199675.570000 448627.330000 53.976000 0 0 0 0 -100
199677.574000 448626.657000 53.229000 0 0 0 0 -100
199685.102000 448624.804000 52.122000 0 0 0 0 -100
199676.856000 448626.487000 53.710000 0 0 0 0 -100
199677.103000 448626.426000 53.340000 0 0 0 0 -100
199675.763000 448626.368000 53.437000 0 0 0 0 -100
199675.976000 448625.995000 53.366000 0 0 0 0 -100
199676.393000 448625.892000 53.421000 0 0 0 0 -100
199677.086000 448625.722000 53.095000 0 0 0 0 -100
199688.892000 448622.817000 50.342000 0 0 0 0 -100
199688.882000 448622.618000 50.193000 0 0 0 0 -100
199674.967000 448624.917000 53.642000 0 0 0 0 -100
199676.633000 448624.507000 53.441000 0 0 0 0 -100
199674.287000 448624.913000 53.609000 0 0 0 0 -100
199674.790000 448624.789000 53.713000 0 0 0 0 -100
199674.338000 448624.551000 53.794000 0 0 0 0 -100
199659.536000 448627.433000 55.579000 0 0 0 0 -100
199659.588000 448627.420000 54.880000 0 0 0 0 -100
199672.907000 448624.142000 53.913000 0 0 0 0 -100
199673.343000 448624.035000 53.891000 0 0 0 0 -100
199659.618000 448627.221000 55.836000 0 0 0 0 -100
199659.552000 448627.237000 54.989000 0 0 0 0 -100
199672.889000 448623.954000 54.033000 0 0 0 0 -100
199686.341000 448620.643000 50.334000 0 0 0 0 -100
199672.337000 448623.748000 53.917000 0 0 0 0 -100
199686.295000 448620.313000 50.256000 0 0 0 0 -100
199686.345000 448619.913000 50.158000 0 0 0 0 -100
199673.525000 448622.735000 52.586000 0 0 0 0 -100
199665.145000 448621.748000 53.443000 0 0 0 0 -100
199672.446000 448619.948000 53.403000 0 0 0 0 -100
199660.029000 448620.115000 55.050000 0 0 0 0 -100
199659.837000 448620.164000 53.930000 0 0 0 0 -100
199766.652000 448619.737000 42.313000 0 0 0 0 -100
199764.607000 448619.603000 42.352000 0 0 0 0 -100
199765.006000 448619.708000 42.321000 0 0 0 0 -100
199765.695000 448619.889000 42.363000 0 0 0 0 -100
199766.079000 448619.989000 42.318000 0 0 0 0 -100
199766.456000 448620.088000 42.403000 0 0 0 0 -100
199766.839000 448620.189000 42.360000 0 0 0 0 -100
199769.421000 448620.864000 42.543000 0 0 0 0 -100
199764.803000 448619.945000 42.284000 0 0 0 0 -100
199765.180000 448620.044000 42.315000 0 0 0 0 -100
199765.526000 448620.135000 42.317000 0 0 0 0 -100
199765.880000 448620.228000 42.354000 0 0 0 0 -100
199766.286000 448620.334000 42.331000 0 0 0 0 -100
199766.662000 448620.433000 42.309000 0 0 0 0 -100
199767.446000 448620.638000 42.343000 0 0 0 0 -100
199768.543000 448620.926000 42.337000 0 0 0 0 -100
199764.144000 448620.179000 42.327000 0 0 0 0 -100
199764.540000 448620.283000 42.276000 0 0 0 0 -100
199764.924000 448620.384000 42.314000 0 0 0 0 -100
199765.310000 448620.485000 42.349000 0 0 0 0 -100
199765.694000 448620.585000 42.300000 0 0 0 0 -100
199766.066000 448620.683000 42.287000 0 0 0 0 -100
199766.418000 448620.775000 42.333000 0 0 0 0 -100
199767.139000 448620.964000 42.370000 0 0 0 0 -100
199763.739000 448620.590000 42.298000 0 0 0 0 -100
199764.087000 448620.681000 42.322000 0 0 0 0 -100
199764.435000 448620.772000 42.319000 0 0 0 0 -100
199764.790000 448620.865000 42.381000 0 0 0 0 -100
199765.963000 448621.173000 42.298000 0 0 0 0 -100
199766.330000 448621.269000 42.297000 0 0 0 0 -100
199766.669000 448621.358000 42.350000 0 0 0 0 -100
199763.388000 448620.901000 42.291000 0 0 0 0 -100
199764.091000 448621.085000 42.348000 0 0 0 0 -100
199763.083000 448621.119000 42.331000 0 0 0 0 -100
199762.345000 448621.844000 42.342000 0 0 0 0 -100
199761.853000 448622.089000 42.323000 0 0 0 0 -100
199763.378000 448622.489000 42.304000 0 0 0 0 -100
199763.744000 448622.584000 42.338000 0 0 0 0 -100
199761.536000 448622.286000 42.335000 0 0 0 0 -100
199763.036000 448622.679000 42.328000 0 0 0 0 -100
199761.335000 448622.628000 42.357000 0 0 0 0 -100
199758.177000 448622.302000 43.234000 0 0 0 0 -100
199760.763000 448622.982000 42.361000 0 0 0 0 -100
199761.827000 448623.261000 42.347000 0 0 0 0 -100
199762.609000 448623.466000 42.326000 0 0 0 0 -100
199763.364000 448623.664000 42.352000 0 0 0 0 -100
199760.943000 448623.458000 42.341000 0 0 0 0 -100
199761.305000 448623.553000 42.355000 0 0 0 0 -100
199767.763000 448625.246000 42.978000 0 0 0 0 -100
199768.073000 448625.327000 43.139000 0 0 0 0 -100
199768.248000 448625.371000 43.790000 0 0 0 0 -100
199760.255000 448623.535000 42.344000 0 0 0 0 -100
199767.865000 448625.531000 42.937000 0 0 0 0 -100
199755.303000 448622.660000 43.509000 0 0 0 0 -100
199755.342000 448622.668000 44.383000 0 0 0 0 -100
199759.755000 448624.319000 42.346000 0 0 0 0 -100
199760.118000 448624.414000 42.327000 0 0 0 0 -100
199760.869000 448624.611000 42.335000 0 0 0 0 -100
199745.912000 448621.078000 44.550000 0 0 0 0 -100
199755.612000 448623.622000 44.390000 0 0 0 0 -100
199757.201000 448624.040000 44.054000 0 0 0 0 -100
199759.668000 448624.690000 42.331000 0 0 0 0 -100
199760.744000 448624.973000 42.398000 0 0 0 0 -100
199755.404000 448623.880000 44.107000 0 0 0 0 -100
199759.339000 448624.916000 42.363000 0 0 0 0 -100
199755.538000 448624.353000 44.328000 0 0 0 0 -100
199758.435000 448626.044000 42.368000 0 0 0 0 -100
199758.485000 448626.723000 42.358000 0 0 0 0 -100
199758.824000 448626.812000 42.349000 0 0 0 0 -100
199759.206000 448626.912000 42.363000 0 0 0 0 -100
199762.597000 448627.802000 42.332000 0 0 0 0 -100
199751.873000 448625.506000 43.654000 0 0 0 0 -100
199758.266000 448627.188000 42.378000 0 0 0 0 -100
199762.390000 448628.270000 42.286000 0 0 0 0 -100
199762.758000 448628.367000 42.282000 0 0 0 0 -100
199751.617000 448625.827000 43.921000 0 0 0 0 -100
199751.785000 448625.870000 44.488000 0 0 0 0 -100
199758.461000 448627.628000 42.370000 0 0 0 0 -100
199758.829000 448627.724000 42.336000 0 0 0 0 -100
199761.444000 448628.410000 42.340000 0 0 0 0 -100
199758.316000 448627.877000 42.353000 0 0 0 0 -100
199761.307000 448628.662000 42.299000 0 0 0 0 -100
199758.958000 448628.487000 42.324000 0 0 0 0 -100
199760.830000 448628.978000 42.355000 0 0 0 0 -100
199761.186000 448629.072000 42.296000 0 0 0 0 -100
199741.015000 448624.296000 46.161000 0 0 0 0 -100
199758.645000 448628.938000 42.308000 0 0 0 0 -100
199758.989000 448629.028000 42.312000 0 0 0 0 -100
199759.367000 448629.128000 42.337000 0 0 0 0 -100
199740.870000 448624.707000 45.349000 0 0 0 0 -100
199741.047000 448624.752000 46.071000 0 0 0 0 -100
199758.969000 448629.471000 42.289000 0 0 0 0 -100
199760.044000 448629.753000 42.329000 0 0 0 0 -100
199763.362000 448631.362000 42.303000 0 0 0 0 -100
199748.803000 448628.031000 44.184000 0 0 0 0 -100
199748.826000 448628.036000 45.169000 0 0 0 0 -100
199749.700000 448628.265000 44.836000 0 0 0 0 -100
199763.241000 448631.831000 42.266000 0 0 0 0 -100
199766.165000 448632.599000 43.303000 0 0 0 0 -100
199766.334000 448632.642000 43.943000 0 0 0 0 -100
199740.169000 448626.130000 46.021000 0 0 0 0 -100
199758.126000 448630.862000 42.287000 0 0 0 0 -100
199758.489000 448630.957000 42.324000 0 0 0 0 -100
199763.306000 448632.224000 42.322000 0 0 0 0 -100
199763.693000 448632.326000 42.295000 0 0 0 0 -100
199772.303000 448634.587000 44.367000 0 0 0 0 -100
199761.557000 448632.039000 42.326000 0 0 0 0 -100
199758.000000 448631.510000 42.357000 0 0 0 0 -100
199762.077000 448632.582000 42.283000 0 0 0 0 -100
199762.863000 448632.790000 42.249000 0 0 0 0 -100
199763.233000 448632.887000 42.299000 0 0 0 0 -100
199763.631000 448632.992000 42.267000 0 0 0 0 -100
199763.976000 448633.082000 42.302000 0 0 0 0 -100
199734.465000 448625.854000 45.784000 0 0 0 0 -100
199734.544000 448625.874000 46.715000 0 0 0 0 -100
199761.613000 448633.003000 42.302000 0 0 0 0 -100
199762.353000 448633.198000 42.255000 0 0 0 0 -100
199762.687000 448633.286000 42.289000 0 0 0 0 -100
199763.093000 448633.393000 42.294000 0 0 0 0 -100
199763.503000 448633.501000 42.317000 0 0 0 0 -100
199763.806000 448633.581000 42.323000 0 0 0 0 -100
199764.196000 448633.684000 42.317000 0 0 0 0 -100
199755.908000 448631.923000 42.302000 0 0 0 0 -100
199761.519000 448633.399000 42.311000 0 0 0 0 -100
199761.940000 448633.510000 42.273000 0 0 0 0 -100
199762.280000 448633.599000 42.292000 0 0 0 0 -100
199762.672000 448633.703000 42.248000 0 0 0 0 -100
199763.051000 448633.802000 42.302000 0 0 0 0 -100
199763.429000 448633.902000 42.328000 0 0 0 0 -100
199763.779000 448633.994000 42.289000 0 0 0 0 -100
199764.164000 448634.095000 42.297000 0 0 0 0 -100
199764.527000 448634.191000 42.365000 0 0 0 0 -100
199770.294000 448635.705000 43.965000 0 0 0 0 -100
199755.617000 448632.162000 42.327000 0 0 0 0 -100
199755.955000 448632.251000 42.348000 0 0 0 0 -100
199757.497000 448632.657000 42.298000 0 0 0 0 -100
199758.254000 448632.856000 42.315000 0 0 0 0 -100
199761.622000 448633.742000 42.314000 0 0 0 0 -100
199762.032000 448633.850000 42.249000 0 0 0 0 -100
199762.362000 448633.937000 42.296000 0 0 0 0 -100
199762.750000 448634.039000 42.294000 0 0 0 0 -100
199763.119000 448634.136000 42.318000 0 0 0 0 -100
199763.473000 448634.229000 42.326000 0 0 0 0 -100
199763.824000 448634.321000 42.314000 0 0 0 0 -100
199764.144000 448634.406000 42.473000 0 0 0 0 -100
199764.534000 448634.508000 42.496000 0 0 0 0 -100
199770.341000 448636.033000 44.011000 0 0 0 0 -100
199755.458000 448632.529000 42.316000 0 0 0 0 -100
199761.417000 448634.098000 42.260000 0 0 0 0 -100
199761.801000 448634.198000 42.241000 0 0 0 0 -100
199762.150000 448634.290000 42.320000 0 0 0 0 -100
199762.484000 448634.378000 42.326000 0 0 0 0 -100
199762.877000 448634.482000 42.339000 0 0 0 0 -100
199763.252000 448634.580000 42.344000 0 0 0 0 -100
199763.932000 448634.759000 42.411000 0 0 0 0 -100
199764.249000 448634.842000 42.580000 0 0 0 0 -100
199744.222000 448630.088000 44.593000 0 0 0 0 -100
199755.364000 448633.025000 42.342000 0 0 0 0 -100
199761.320000 448634.593000 42.292000 0 0 0 0 -100
199761.691000 448634.691000 42.279000 0 0 0 0 -100
199762.068000 448634.790000 42.308000 0 0 0 0 -100
199762.395000 448634.876000 42.334000 0 0 0 0 -100
199762.793000 448634.980000 42.333000 0 0 0 0 -100
199763.552000 448635.180000 42.320000 0 0 0 0 -100
199764.278000 448635.371000 42.343000 0 0 0 0 -100
199770.042000 448636.885000 44.118000 0 0 0 0 -100
199770.736000 448637.067000 44.263000 0 0 0 0 -100
199744.185000 448630.448000 45.436000 0 0 0 0 -100
199753.390000 448632.875000 43.344000 0 0 0 0 -100
199761.178000 448634.928000 42.288000 0 0 0 0 -100
199761.557000 448635.027000 42.312000 0 0 0 0 -100
199761.918000 448635.122000 42.328000 0 0 0 0 -100
199762.278000 448635.217000 42.318000 0 0 0 0 -100
199763.453000 448635.527000 42.308000 0 0 0 0 -100
199763.811000 448635.621000 42.305000 0 0 0 0 -100
199764.184000 448635.719000 42.319000 0 0 0 0 -100
199770.215000 448637.303000 44.260000 0 0 0 0 -100
199753.461000 448633.230000 43.355000 0 0 0 0 -100
199754.180000 448633.422000 42.340000 0 0 0 0 -100
199761.218000 448635.274000 42.301000 0 0 0 0 -100
199761.628000 448635.383000 42.293000 0 0 0 0 -100
199762.015000 448635.484000 42.321000 0 0 0 0 -100
199762.359000 448635.575000 42.328000 0 0 0 0 -100
199762.720000 448635.670000 42.316000 0 0 0 0 -100
199763.487000 448635.872000 42.310000 0 0 0 0 -100
199763.850000 448635.968000 42.292000 0 0 0 0 -100
199764.224000 448636.066000 42.302000 0 0 0 0 -100
199770.268000 448637.653000 44.235000 0 0 0 0 -100
199754.748000 448633.972000 43.692000 0 0 0 0 -100
199762.675000 448636.062000 42.317000 0 0 0 0 -100
199763.087000 448636.171000 42.307000 0 0 0 0 -100
199763.470000 448636.272000 42.318000 0 0 0 0 -100
199764.184000 448636.460000 42.375000 0 0 0 0 -100
199772.462000 448638.634000 45.279000 0 0 0 0 -100
199772.810000 448638.726000 45.305000 0 0 0 0 -100
199722.235000 448625.945000 47.142000 0 0 0 0 -100
199724.602000 448626.569000 46.586000 0 0 0 0 -100
199726.522000 448627.076000 46.365000 0 0 0 0 -100
199726.905000 448627.177000 46.355000 0 0 0 0 -100
199727.932000 448627.447000 46.515000 0 0 0 0 -100
199728.011000 448627.466000 47.393000 0 0 0 0 -100
199755.137000 448634.618000 42.329000 0 0 0 0 -100
199755.407000 448634.688000 42.658000 0 0 0 0 -100
199758.153000 448635.412000 42.363000 0 0 0 0 -100
199761.873000 448636.391000 42.376000 0 0 0 0 -100
199762.243000 448636.489000 42.366000 0 0 0 0 -100
199764.412000 448637.060000 42.485000 0 0 0 0 -100
199772.791000 448639.261000 45.281000 0 0 0 0 -100
199724.835000 448627.040000 46.641000 0 0 0 0 -100
199755.337000 448635.080000 42.458000 0 0 0 0 -100
199755.749000 448635.189000 42.354000 0 0 0 0 -100
199755.936000 448635.237000 42.894000 0 0 0 0 -100
199762.791000 448637.044000 42.437000 0 0 0 0 -100
199764.269000 448637.434000 42.463000 0 0 0 0 -100
199764.563000 448637.511000 42.641000 0 0 0 0 -100
199714.034000 448624.517000 48.265000 0 0 0 0 -100
199714.255000 448624.575000 48.659000 0 0 0 0 -100
199725.575000 448627.561000 46.483000 0 0 0 0 -100
199753.010000 448634.794000 42.581000 0 0 0 0 -100
199753.204000 448634.843000 43.102000 0 0 0 0 -100
199756.558000 448635.726000 43.145000 0 0 0 0 -100
199756.849000 448635.803000 43.357000 0 0 0 0 -100
199763.860000 448637.651000 42.379000 0 0 0 0 -100
199764.189000 448637.738000 42.542000 0 0 0 0 -100
199764.537000 448637.829000 42.653000 0 0 0 0 -100
199713.789000 448624.842000 47.809000 0 0 0 0 -100
199714.004000 448624.897000 48.253000 0 0 0 0 -100
199714.243000 448624.960000 48.587000 0 0 0 0 -100
199735.875000 448630.664000 45.072000 0 0 0 0 -100
199747.662000 448633.772000 44.009000 0 0 0 0 -100
199753.037000 448635.191000 42.547000 0 0 0 0 -100
199753.431000 448635.295000 42.379000 0 0 0 0 -100
199754.572000 448635.595000 42.364000 0 0 0 0 -100
199755.315000 448635.790000 42.417000 0 0 0 0 -100
199756.619000 448636.133000 43.013000 0 0 0 0 -100
199763.860000 448638.042000 42.420000 0 0 0 0 -100
199764.260000 448638.147000 42.388000 0 0 0 0 -100
199770.863000 448639.880000 45.713000 0 0 0 0 -100
199713.702000 448625.337000 47.875000 0 0 0 0 -100
199725.486000 448628.446000 46.354000 0 0 0 0 -100
199729.679000 448629.552000 45.979000 0 0 0 0 -100
199753.201000 448635.754000 42.845000 0 0 0 0 -100
199755.193000 448636.279000 42.543000 0 0 0 0 -100
199755.631000 448636.395000 42.368000 0 0 0 0 -100
199763.791000 448638.546000 42.367000 0 0 0 0 -100
199729.369000 448629.832000 46.724000 0 0 0 0 -100
199753.249000 448636.133000 42.526000 0 0 0 0 -100
199755.532000 448636.734000 42.409000 0 0 0 0 -100
199753.348000 448636.479000 42.537000 0 0 0 0 -100
199763.543000 448639.165000 42.317000 0 0 0 0 -100
199753.373000 448636.873000 42.435000 0 0 0 0 -100
199753.747000 448636.971000 42.467000 0 0 0 0 -100
199755.276000 448637.374000 42.391000 0 0 0 0 -100
199686.540000 448619.772000 50.090000 0 0 0 0 -100
199753.946000 448637.558000 42.406000 0 0 0 0 -100
199754.326000 448637.659000 42.423000 0 0 0 0 -100
199721.010000 448629.267000 46.629000 0 0 0 0 -100
199740.674000 448634.455000 44.904000 0 0 0 0 -100
199740.649000 448634.446000 45.984000 0 0 0 0 -100
199754.435000 448638.089000 42.453000 0 0 0 0 -100
199761.123000 448639.853000 42.398000 0 0 0 0 -100
199761.529000 448639.960000 42.344000 0 0 0 0 -100
199762.636000 448640.252000 42.324000 0 0 0 0 -100
199763.029000 448640.356000 42.339000 0 0 0 0 -100
199686.385000 448620.462000 50.226000 0 0 0 0 -100
199720.766000 448629.536000 46.622000 0 0 0 0 -100
199757.947000 448639.348000 42.327000 0 0 0 0 -100
199759.037000 448639.636000 42.291000 0 0 0 0 -100
199761.270000 448640.224000 42.309000 0 0 0 0 -100
199761.661000 448640.327000 42.354000 0 0 0 0 -100
199686.484000 448620.856000 50.270000 0 0 0 0 -100
199714.209000 448628.175000 47.073000 0 0 0 0 -100
199720.489000 448629.832000 46.816000 0 0 0 0 -100
199754.398000 448638.783000 42.383000 0 0 0 0 -100
199754.741000 448638.874000 42.389000 0 0 0 0 -100
199756.616000 448639.369000 42.312000 0 0 0 0 -100
199756.976000 448639.464000 42.301000 0 0 0 0 -100
199735.269000 448634.282000 46.157000 0 0 0 0 -100
199754.247000 448639.295000 42.539000 0 0 0 0 -100
199755.012000 448639.497000 42.354000 0 0 0 0 -100
199755.427000 448639.607000 42.326000 0 0 0 0 -100
199756.905000 448639.997000 42.312000 0 0 0 0 -100
199758.400000 448640.392000 42.310000 0 0 0 0 -100
199758.747000 448640.483000 42.366000 0 0 0 0 -100
199759.162000 448640.593000 42.371000 0 0 0 0 -100
199760.655000 448640.986000 42.322000 0 0 0 0 -100
199761.047000 448641.090000 42.306000 0 0 0 0 -100
199761.379000 448641.177000 42.290000 0 0 0 0 -100
199761.783000 448641.284000 42.299000 0 0 0 0 -100
199685.735000 448621.590000 50.598000 0 0 0 0 -100
199733.873000 448634.296000 46.255000 0 0 0 0 -100
199749.114000 448638.323000 43.906000 0 0 0 0 -100
199754.043000 448639.625000 42.402000 0 0 0 0 -100
199754.786000 448639.821000 42.337000 0 0 0 0 -100
199756.713000 448640.330000 42.316000 0 0 0 0 -100
199757.077000 448640.426000 42.320000 0 0 0 0 -100
199758.529000 448640.810000 42.324000 0 0 0 0 -100
199758.912000 448640.911000 42.363000 0 0 0 0 -100
199759.293000 448641.011000 42.350000 0 0 0 0 -100
199759.670000 448641.110000 42.319000 0 0 0 0 -100
199760.047000 448641.209000 42.319000 0 0 0 0 -100
199760.431000 448641.310000 42.356000 0 0 0 0 -100
199760.816000 448641.412000 42.302000 0 0 0 0 -100
199761.181000 448641.508000 42.308000 0 0 0 0 -100
199685.793000 448621.913000 50.498000 0 0 0 0 -100
199688.981000 448622.754000 50.804000 0 0 0 0 -100
199702.500000 448626.323000 48.767000 0 0 0 0 -100
199702.658000 448626.363000 49.522000 0 0 0 0 -100
199757.099000 448640.738000 42.312000 0 0 0 0 -100
199758.967000 448641.231000 42.290000 0 0 0 0 -100
199759.360000 448641.335000 42.329000 0 0 0 0 -100
199759.703000 448641.424000 42.338000 0 0 0 0 -100
199760.820000 448641.719000 42.318000 0 0 0 0 -100
199683.973000 448621.813000 50.744000 0 0 0 0 -100
199688.740000 448623.071000 50.419000 0 0 0 0 -100
199688.879000 448623.107000 51.154000 0 0 0 0 -100
199734.040000 448635.030000 46.029000 0 0 0 0 -100
199740.952000 448636.855000 45.140000 0 0 0 0 -100
199757.126000 448641.129000 42.267000 0 0 0 0 -100
199758.571000 448641.510000 42.351000 0 0 0 0 -100
199758.952000 448641.611000 42.308000 0 0 0 0 -100
199759.340000 448641.713000 42.331000 0 0 0 0 -100
199760.054000 448641.901000 42.328000 0 0 0 0 -100
199683.470000 448622.189000 50.961000 0 0 0 0 -100
199687.337000 448623.209000 51.241000 0 0 0 0 -100
199687.656000 448623.293000 51.383000 0 0 0 0 -100
199693.885000 448624.939000 49.735000 0 0 0 0 -100
199693.934000 448624.951000 50.791000 0 0 0 0 -100
199739.340000 448636.944000 45.364000 0 0 0 0 -100
199758.507000 448642.008000 42.343000 0 0 0 0 -100
199758.863000 448642.102000 42.314000 0 0 0 0 -100
199764.143000 448643.492000 44.329000 0 0 0 0 -100
199764.409000 448643.562000 44.639000 0 0 0 0 -100
199764.656000 448643.626000 45.003000 0 0 0 0 -100
199687.655000 448623.674000 51.636000 0 0 0 0 -100
199734.316000 448635.999000 46.310000 0 0 0 0 -100
199734.987000 448636.178000 45.386000 0 0 0 0 -100
199739.169000 448637.283000 45.051000 0 0 0 0 -100
199739.305000 448637.318000 45.660000 0 0 0 0 -100
199734.981000 448636.537000 46.186000 0 0 0 0 -100
199735.379000 448636.642000 46.075000 0 0 0 0 -100
199683.723000 448623.387000 51.159000 0 0 0 0 -100
199689.869000 448625.010000 51.191000 0 0 0 0 -100
199763.287000 448644.405000 44.584000 0 0 0 0 -100
199685.207000 448624.314000 51.727000 0 0 0 0 -100
199685.517000 448624.396000 51.835000 0 0 0 0 -100
199730.516000 448636.289000 45.855000 0 0 0 0 -100
199730.516000 448636.287000 47.059000 0 0 0 0 -100
199735.663000 448637.647000 45.907000 0 0 0 0 -100
199767.759000 448646.126000 45.141000 0 0 0 0 -100
199685.759000 448624.832000 51.909000 0 0 0 0 -100
199735.872000 448638.076000 45.792000 0 0 0 0 -100
199675.570000 448622.449000 52.241000 0 0 0 0 -100
199684.874000 448624.907000 52.268000 0 0 0 0 -100
199685.237000 448625.002000 52.166000 0 0 0 0 -100
199720.470000 448634.318000 46.990000 0 0 0 0 -100
199721.906000 448634.697000 46.989000 0 0 0 0 -100
199722.050000 448634.733000 47.586000 0 0 0 0 -100
199685.068000 448625.329000 51.907000 0 0 0 0 -100
199686.067000 448625.592000 52.189000 0 0 0 0 -100
199699.941000 448629.261000 50.206000 0 0 0 0 -100
199721.977000 448635.087000 47.059000 0 0 0 0 -100
199722.105000 448635.119000 47.736000 0 0 0 0 -100
199736.450000 448638.911000 45.416000 0 0 0 0 -100
199672.121000 448622.432000 52.918000 0 0 0 0 -100
199672.262000 448622.468000 53.599000 0 0 0 0 -100
199721.003000 448635.356000 47.242000 0 0 0 0 -100
199721.098000 448635.380000 48.203000 0 0 0 0 -100
199736.653000 448639.494000 45.386000 0 0 0 0 -100
199684.972000 448626.216000 52.044000 0 0 0 0 -100
199741.795000 448641.243000 44.794000 0 0 0 0 -100
199741.864000 448641.260000 45.626000 0 0 0 0 -100
199753.065000 448644.224000 43.230000 0 0 0 0 -100
199683.423000 448626.146000 51.461000 0 0 0 0 -100
199659.666000 448620.265000 54.041000 0 0 0 0 -100
199659.873000 448620.319000 54.608000 0 0 0 0 -100
199684.735000 448626.894000 52.308000 0 0 0 0 -100
199728.894000 448638.575000 46.504000 0 0 0 0 -100
199672.910000 448624.288000 53.917000 0 0 0 0 -100
199673.233000 448624.373000 53.944000 0 0 0 0 -100
199673.613000 448624.474000 53.873000 0 0 0 0 -100
199674.030000 448624.585000 53.676000 0 0 0 0 -100
199674.719000 448624.767000 53.714000 0 0 0 0 -100
199712.692000 448634.815000 48.081000 0 0 0 0 -100
199722.957000 448637.531000 46.910000 0 0 0 0 -100
199734.745000 448640.649000 45.604000 0 0 0 0 -100
199735.004000 448640.717000 45.877000 0 0 0 0 -100
199735.075000 448640.734000 46.680000 0 0 0 0 -100
199737.400000 448641.352000 45.292000 0 0 0 0 -100
199672.501000 448624.555000 53.829000 0 0 0 0 -100
199722.464000 448637.776000 47.022000 0 0 0 0 -100
199722.877000 448637.885000 46.949000 0 0 0 0 -100
199734.978000 448641.085000 45.753000 0 0 0 0 -100
199735.019000 448641.094000 46.677000 0 0 0 0 -100
199744.549000 448643.618000 44.706000 0 0 0 0 -100
199744.615000 448643.634000 45.542000 0 0 0 0 -100
199656.836000 448620.724000 54.409000 0 0 0 0 -100
199686.421000 448628.551000 51.560000 0 0 0 0 -100
199686.483000 448628.566000 52.489000 0 0 0 0 -100
199686.234000 448628.881000 51.475000 0 0 0 0 -100
199686.578000 448628.971000 51.505000 0 0 0 0 -100
199704.240000 448633.645000 49.297000 0 0 0 0 -100
199649.243000 448619.639000 54.974000 0 0 0 0 -100
199664.171000 448623.586000 54.650000 0 0 0 0 -100
199675.530000 448626.593000 53.469000 0 0 0 0 -100
199678.332000 448627.336000 52.582000 0 0 0 0 -100
199691.913000 448631.337000 50.721000 0 0 0 0 -100
199693.042000 448631.636000 50.593000 0 0 0 0 -100
199715.467000 448637.573000 48.251000 0 0 0 0 -100
199717.424000 448638.091000 47.943000 0 0 0 0 -100
199717.800000 448638.191000 47.887000 0 0 0 0 -100
199718.198000 448638.297000 47.794000 0 0 0 0 -100
199744.148000 448645.166000 44.837000 0 0 0 0 -100
199744.296000 448645.204000 45.378000 0 0 0 0 -100
199715.251000 448637.857000 48.213000 0 0 0 0 -100
199721.554000 448639.525000 48.005000 0 0 0 0 -100
199721.912000 448639.620000 47.975000 0 0 0 0 -100
199738.271000 448643.951000 46.106000 0 0 0 0 -100
199744.104000 448645.495000 45.320000 0 0 0 0 -100
199686.217000 448630.578000 52.038000 0 0 0 0 -100
199738.041000 448644.301000 45.541000 0 0 0 0 -100
199738.141000 448644.326000 46.404000 0 0 0 0 -100
199669.726000 448626.741000 54.571000 0 0 0 0 -100
199674.871000 448628.104000 53.803000 0 0 0 0 -100
199678.467000 448629.059000 52.594000 0 0 0 0 -100
199678.850000 448629.160000 52.455000 0 0 0 0 -100
199716.385000 448639.102000 48.798000 0 0 0 0 -100
199716.749000 448639.199000 48.838000 0 0 0 0 -100
199647.872000 448621.335000 55.976000 0 0 0 0 -100
199669.350000 448627.024000 53.874000 0 0 0 0 -100
199673.478000 448628.116000 54.128000 0 0 0 0 -100
199701.605000 448635.863000 51.133000 0 0 0 0 -100
199701.953000 448635.957000 50.021000 0 0 0 0 -100
199720.427000 448640.854000 47.756000 0 0 0 0 -100
199720.829000 448640.958000 48.814000 0 0 0 0 -100
199721.151000 448641.043000 48.864000 0 0 0 0 -100
199742.377000 448646.668000 45.621000 0 0 0 0 -100
199773.000000 448654.778000 45.223000 0 0 0 0 -100
199648.298000 448622.145000 55.636000 0 0 0 0 -100
199673.454000 448628.807000 54.265000 0 0 0 0 -100
199721.259000 448641.476000 48.787000 0 0 0 0 -100
199722.151000 448641.712000 48.404000 0 0 0 0 -100
199746.603000 448648.194000 44.417000 0 0 0 0 -100
199746.751000 448648.232000 45.131000 0 0 0 0 -100
199748.530000 448648.704000 45.183000 0 0 0 0 -100
199647.580000 448622.466000 55.813000 0 0 0 0 -100
199647.892000 448622.549000 55.935000 0 0 0 0 -100
199648.079000 448622.597000 56.548000 0 0 0 0 -100
199673.042000 448629.213000 54.453000 0 0 0 0 -100
199696.315000 448635.384000 50.884000 0 0 0 0 -100
199748.490000 448649.215000 45.140000 0 0 0 0 -100
199692.973000 448634.916000 51.908000 0 0 0 0 -100
199719.198000 448641.870000 49.063000 0 0 0 0 -100
199748.749000 448649.705000 45.105000 0 0 0 0 -100
199633.481000 448619.496000 56.956000 0 0 0 0 -100
199693.158000 448635.317000 51.293000 0 0 0 0 -100
199633.454000 448619.906000 56.904000 0 0 0 0 -100
199700.481000 448637.678000 50.685000 0 0 0 0 -100
199700.579000 448637.703000 51.538000 0 0 0 0 -100
199708.849000 448639.897000 49.341000 0 0 0 0 -100
199659.264000 448627.280000 55.041000 0 0 0 0 -100
199659.462000 448627.331000 55.607000 0 0 0 0 -100
199692.155000 448636.005000 51.256000 0 0 0 0 -100
199725.258000 448644.787000 47.446000 0 0 0 0 -100
199725.430000 448644.831000 47.893000 0 0 0 0 -100
199725.682000 448644.898000 48.309000 0 0 0 0 -100
199749.987000 448651.346000 44.894000 0 0 0 0 -100
199672.250000 448631.141000 54.472000 0 0 0 0 -100
199705.136000 448639.868000 49.862000 0 0 0 0 -100
199725.697000 448645.322000 48.087000 0 0 0 0 -100
199671.347000 448631.219000 53.868000 0 0 0 0 -100
199677.887000 448632.954000 53.339000 0 0 0 0 -100
199643.624000 448624.287000 56.402000 0 0 0 0 -100
199645.115000 448624.683000 56.062000 0 0 0 0 -100
199651.680000 448626.426000 55.299000 0 0 0 0 -100
199674.666000 448632.522000 54.046000 0 0 0 0 -100
199640.073000 448623.884000 56.594000 0 0 0 0 -100
199661.704000 448629.625000 54.629000 0 0 0 0 -100
199693.110000 448637.959000 52.224000 0 0 0 0 -100
199752.671000 448653.773000 43.944000 0 0 0 0 -100
199705.039000 448641.918000 50.238000 0 0 0 0 -100
199705.146000 448641.945000 50.995000 0 0 0 0 -100
199636.648000 448624.213000 57.056000 0 0 0 0 -100
199665.365000 448631.835000 55.135000 0 0 0 0 -100
199705.004000 448642.361000 50.473000 0 0 0 0 -100
199705.151000 448642.399000 51.041000 0 0 0 0 -100
199665.361000 448632.348000 54.619000 0 0 0 0 -100
199623.806000 448621.729000 58.814000 0 0 0 0 -100
199658.058000 448630.824000 55.232000 0 0 0 0 -100
199675.503000 448635.452000 54.889000 0 0 0 0 -100
199675.879000 448635.555000 53.607000 0 0 0 0 -100
199697.689000 448641.346000 51.355000 0 0 0 0 -100
199697.843000 448641.387000 52.061000 0 0 0 0 -100
199675.840000 448635.855000 53.736000 0 0 0 0 -100
199714.198000 448646.040000 49.477000 0 0 0 0 -100
199767.713000 448660.248000 44.709000 0 0 0 0 -100
199735.564000 448652.114000 46.147000 0 0 0 0 -100
199750.384000 448656.049000 44.909000 0 0 0 0 -100
199765.259000 448659.997000 44.724000 0 0 0 0 -100
199769.942000 448661.238000 45.321000 0 0 0 0 -100
199633.464000 448625.516000 57.632000 0 0 0 0 -100
199633.566000 448625.540000 58.439000 0 0 0 0 -100
199686.497000 448639.599000 52.456000 0 0 0 0 -100
199703.558000 448644.130000 50.715000 0 0 0 0 -100
199769.636000 448661.677000 45.369000 0 0 0 0 -100
199771.249000 448662.106000 45.117000 0 0 0 0 -100
199771.378000 448662.139000 45.719000 0 0 0 0 -100
199676.673000 448637.387000 53.771000 0 0 0 0 -100
199683.244000 448639.132000 53.101000 0 0 0 0 -100
199689.997000 448640.927000 52.138000 0 0 0 0 -100
199703.722000 448644.571000 50.788000 0 0 0 0 -100
199713.962000 448647.292000 49.340000 0 0 0 0 -100
199762.179000 448660.100000 43.821000 0 0 0 0 -100
199771.169000 448662.484000 44.947000 0 0 0 0 -100
199771.230000 448662.499000 45.681000 0 0 0 0 -100
199671.221000 448636.252000 54.927000 0 0 0 0 -100
199676.551000 448637.669000 53.737000 0 0 0 0 -100
199678.378000 448638.152000 54.701000 0 0 0 0 -100
199697.172000 448643.145000 51.879000 0 0 0 0 -100
199703.886000 448644.929000 50.931000 0 0 0 0 -100
199735.908000 448653.435000 46.588000 0 0 0 0 -100
199704.197000 448645.441000 50.862000 0 0 0 0 -100
199735.908000 448653.865000 46.241000 0 0 0 0 -100
199648.404000 448631.108000 57.411000 0 0 0 0 -100
199667.546000 448636.194000 54.697000 0 0 0 0 -100
199686.895000 448641.335000 52.865000 0 0 0 0 -100
199703.608000 448645.775000 51.289000 0 0 0 0 -100
199704.346000 448645.971000 51.200000 0 0 0 0 -100
199704.544000 448646.025000 50.571000 0 0 0 0 -100
199704.673000 448646.057000 51.385000 0 0 0 0 -100
199648.213000 448631.460000 56.600000 0 0 0 0 -100
199648.405000 448631.510000 57.121000 0 0 0 0 -100
199648.617000 448631.566000 57.571000 0 0 0 0 -100
199704.910000 448646.522000 51.476000 0 0 0 0 -100
199773.278000 448664.685000 45.092000 0 0 0 0 -100
199648.284000 448631.784000 56.761000 0 0 0 0 -100
199648.344000 448631.798000 57.765000 0 0 0 0 -100
199704.434000 448646.700000 51.137000 0 0 0 0 -100
199705.313000 448646.935000 50.600000 0 0 0 0 -100
199740.856000 448656.378000 45.806000 0 0 0 0 -100
199771.415000 448664.491000 45.461000 0 0 0 0 -100
199703.163000 448646.748000 51.892000 0 0 0 0 -100
199705.024000 448647.243000 51.647000 0 0 0 0 -100
199740.639000 448656.710000 45.326000 0 0 0 0 -100
199740.957000 448656.793000 45.577000 0 0 0 0 -100
199742.689000 448657.255000 44.809000 0 0 0 0 -100
199742.772000 448657.275000 45.627000 0 0 0 0 -100
199643.639000 448631.429000 57.067000 0 0 0 0 -100
199691.864000 448644.242000 53.253000 0 0 0 0 -100
199704.752000 448647.669000 51.253000 0 0 0 0 -100
199705.025000 448647.741000 51.516000 0 0 0 0 -100
199705.409000 448647.843000 51.485000 0 0 0 0 -100
199707.012000 448648.270000 50.879000 0 0 0 0 -100
199771.121000 448665.304000 45.168000 0 0 0 0 -100
199667.046000 448638.054000 56.027000 0 0 0 0 -100
199669.304000 448638.654000 55.717000 0 0 0 0 -100
199681.637000 448641.935000 53.629000 0 0 0 0 -100
199704.383000 448647.980000 50.864000 0 0 0 0 -100
199704.755000 448648.077000 51.938000 0 0 0 0 -100
199705.515000 448648.281000 50.685000 0 0 0 0 -100
199705.621000 448648.308000 51.538000 0 0 0 0 -100
199759.269000 448662.572000 43.379000 0 0 0 0 -100
199759.320000 448662.583000 44.356000 0 0 0 0 -100
199767.313000 448664.705000 45.039000 0 0 0 0 -100
199666.874000 448638.329000 54.997000 0 0 0 0 -100
199666.968000 448638.352000 56.015000 0 0 0 0 -100
199668.756000 448638.831000 54.648000 0 0 0 0 -100
199676.595000 448640.913000 54.427000 0 0 0 0 -100
199676.843000 448640.978000 54.771000 0 0 0 0 -100
199692.460000 448645.130000 52.887000 0 0 0 0 -100
199704.207000 448648.253000 50.963000 0 0 0 0 -100
199704.398000 448648.303000 51.578000 0 0 0 0 -100
199704.664000 448648.373000 51.924000 0 0 0 0 -100
199705.459000 448648.585000 51.687000 0 0 0 0 -100
199705.900000 448648.702000 51.475000 0 0 0 0 -100
199707.906000 448649.236000 50.691000 0 0 0 0 -100
199725.965000 448654.039000 47.756000 0 0 0 0 -100
199645.560000 448633.078000 56.723000 0 0 0 0 -100
199682.741000 448642.962000 53.026000 0 0 0 0 -100
199704.226000 448648.673000 50.819000 0 0 0 0 -100
199704.307000 448648.692000 51.782000 0 0 0 0 -100
199704.649000 448648.783000 51.822000 0 0 0 0 -100
199705.124000 448648.910000 51.444000 0 0 0 0 -100
199705.454000 448648.998000 51.523000 0 0 0 0 -100
199656.586000 448636.507000 55.922000 0 0 0 0 -100
199704.149000 448649.150000 51.895000 0 0 0 0 -100
199704.870000 448649.342000 51.920000 0 0 0 0 -100
199703.670000 448649.406000 51.709000 0 0 0 0 -100
199703.974000 448649.487000 51.871000 0 0 0 0 -100
199735.138000 448657.776000 46.966000 0 0 0 0 -100
199737.461000 448658.397000 45.434000 0 0 0 0 -100
199703.561000 448649.664000 51.815000 0 0 0 0 -100
199703.882000 448649.750000 51.857000 0 0 0 0 -100
199720.921000 448654.282000 48.691000 0 0 0 0 -100
199726.650000 448655.807000 47.760000 0 0 0 0 -100
199742.354000 448659.982000 44.928000 0 0 0 0 -100
199763.466000 448665.593000 43.765000 0 0 0 0 -100
199667.684000 448640.517000 55.567000 0 0 0 0 -100
199667.868000 448640.565000 56.103000 0 0 0 0 -100
199703.576000 448650.060000 51.681000 0 0 0 0 -100
199703.860000 448650.135000 51.907000 0 0 0 0 -100
199704.198000 448650.224000 52.086000 0 0 0 0 -100
199726.580000 448656.179000 47.831000 0 0 0 0 -100
199734.840000 448658.375000 46.171000 0 0 0 0 -100
199734.981000 448658.411000 46.885000 0 0 0 0 -100
199627.425000 448630.293000 58.693000 0 0 0 0 -100
199704.002000 448650.651000 52.226000 0 0 0 0 -100
199704.415000 448650.761000 52.072000 0 0 0 0 -100
199742.924000 448661.006000 44.762000 0 0 0 0 -100
199627.118000 448630.638000 58.830000 0 0 0 0 -100
199627.220000 448630.664000 59.681000 0 0 0 0 -100
199639.639000 448633.969000 57.608000 0 0 0 0 -100
199657.633000 448638.751000 57.334000 0 0 0 0 -100
199695.044000 448648.702000 52.202000 0 0 0 0 -100
199695.228000 448648.750000 52.845000 0 0 0 0 -100
199703.750000 448651.015000 52.131000 0 0 0 0 -100
199704.106000 448651.109000 52.160000 0 0 0 0 -100
199773.338000 448669.518000 46.259000 0 0 0 0 -100
199627.431000 448631.056000 59.679000 0 0 0 0 -100
199633.096000 448632.565000 58.136000 0 0 0 0 -100
199638.716000 448634.059000 57.845000 0 0 0 0 -100
199671.154000 448642.683000 55.362000 0 0 0 0 -100
199672.180000 448642.955000 55.434000 0 0 0 0 -100
199673.563000 448643.324000 54.391000 0 0 0 0 -100
199673.626000 448643.339000 55.336000 0 0 0 0 -100
199704.393000 448651.521000 51.996000 0 0 0 0 -100
199773.407000 448669.872000 45.694000 0 0 0 0 -100
199638.556000 448634.421000 57.910000 0 0 0 0 -100
199638.853000 448634.500000 58.153000 0 0 0 0 -100
199703.727000 448651.750000 52.335000 0 0 0 0 -100
199746.147000 448663.037000 44.561000 0 0 0 0 -100
199746.332000 448663.086000 45.079000 0 0 0 0 -100
199650.355000 448638.045000 57.808000 0 0 0 0 -100
199651.694000 448638.403000 56.785000 0 0 0 0 -100
199653.533000 448638.891000 56.601000 0 0 0 0 -100
199677.439000 448645.248000 54.710000 0 0 0 0 -100
199703.302000 448652.125000 52.073000 0 0 0 0 -100
199710.776000 448654.114000 50.298000 0 0 0 0 -100
199710.794000 448654.117000 51.387000 0 0 0 0 -100
199746.115000 448663.516000 45.225000 0 0 0 0 -100
199657.117000 448640.215000 56.523000 0 0 0 0 -100
199707.502000 448653.613000 51.712000 0 0 0 0 -100
199710.926000 448654.524000 51.140000 0 0 0 0 -100
199639.579000 448635.853000 57.760000 0 0 0 0 -100
199651.707000 448639.077000 56.858000 0 0 0 0 -100
199654.211000 448639.742000 56.634000 0 0 0 0 -100
199702.966000 448652.706000 52.217000 0 0 0 0 -100
199706.303000 448653.595000 50.859000 0 0 0 0 -100
199707.408000 448653.886000 51.859000 0 0 0 0 -100
199722.521000 448657.909000 48.720000 0 0 0 0 -100
199722.517000 448657.906000 49.794000 0 0 0 0 -100
199682.070000 448647.545000 53.657000 0 0 0 0 -100
199706.281000 448653.984000 50.895000 0 0 0 0 -100
199707.365000 448654.269000 51.961000 0 0 0 0 -100
199722.172000 448658.211000 48.780000 0 0 0 0 -100
199722.330000 448658.252000 49.297000 0 0 0 0 -100
199640.428000 448636.962000 57.732000 0 0 0 0 -100
199667.156000 448644.070000 55.422000 0 0 0 0 -100
199686.562000 448649.232000 53.553000 0 0 0 0 -100
199686.680000 448649.262000 54.327000 0 0 0 0 -100
199706.054000 448654.418000 51.049000 0 0 0 0 -100
199706.323000 448654.489000 51.262000 0 0 0 0 -100
199742.315000 448664.068000 45.026000 0 0 0 0 -100
199742.469000 448664.107000 45.638000 0 0 0 0 -100
199751.274000 448666.452000 43.794000 0 0 0 0 -100
199771.685000 448671.875000 44.985000 0 0 0 0 -100
199686.593000 448649.611000 53.513000 0 0 0 0 -100
199705.509000 448654.644000 51.525000 0 0 0 0 -100
199705.905000 448654.750000 51.550000 0 0 0 0 -100
199772.417000 448672.443000 45.227000 0 0 0 0 -100
199650.913000 448640.440000 57.111000 0 0 0 0 -100
199656.934000 448642.041000 56.933000 0 0 0 0 -100
199677.214000 448647.434000 55.507000 0 0 0 0 -100
199702.446000 448654.146000 52.385000 0 0 0 0 -100
199708.436000 448655.740000 51.901000 0 0 0 0 -100
199771.773000 448672.590000 45.099000 0 0 0 0 -100
199630.685000 448635.476000 58.848000 0 0 0 0 -100
199647.182000 448639.863000 58.359000 0 0 0 0 -100
199677.254000 448647.865000 54.516000 0 0 0 0 -100
199729.023000 448661.642000 47.295000 0 0 0 0 -100
199733.266000 448662.768000 46.641000 0 0 0 0 -100
199737.531000 448663.905000 45.775000 0 0 0 0 -100
199737.592000 448663.919000 46.697000 0 0 0 0 -100
199675.216000 448647.836000 55.574000 0 0 0 0 -100
199702.348000 448655.055000 52.425000 0 0 0 0 -100
199710.287000 448657.168000 51.192000 0 0 0 0 -100
199637.878000 448638.299000 58.256000 0 0 0 0 -100
199710.069000 448657.506000 50.796000 0 0 0 0 -100
199710.202000 448657.540000 51.433000 0 0 0 0 -100
199644.047000 448640.261000 59.050000 0 0 0 0 -100
199626.663000 448636.025000 59.112000 0 0 0 0 -100
199627.674000 448636.294000 59.132000 0 0 0 0 -100
199628.437000 448636.497000 59.012000 0 0 0 0 -100
199629.688000 448636.829000 59.617000 0 0 0 0 -100
199667.696000 448646.939000 56.736000 0 0 0 0 -100
199668.901000 448647.261000 56.150000 0 0 0 0 -100
199708.971000 448657.924000 50.644000 0 0 0 0 -100
199726.251000 448662.525000 47.844000 0 0 0 0 -100
199761.478000 448671.897000 44.001000 0 0 0 0 -100
199627.497000 448636.762000 59.302000 0 0 0 0 -100
199627.899000 448636.869000 59.217000 0 0 0 0 -100
199628.259000 448636.965000 59.151000 0 0 0 0 -100
199656.439000 448644.462000 57.159000 0 0 0 0 -100
199656.727000 448644.538000 57.400000 0 0 0 0 -100
199680.794000 448650.942000 54.993000 0 0 0 0 -100
199708.681000 448658.363000 50.834000 0 0 0 0 -100
199744.792000 448667.978000 44.304000 0 0 0 0 -100
199626.713000 448636.918000 59.327000 0 0 0 0 -100
199627.060000 448637.010000 59.272000 0 0 0 0 -100
199627.404000 448637.102000 59.262000 0 0 0 0 -100
199701.367000 448656.782000 52.990000 0 0 0 0 -100
199655.381000 448644.864000 57.330000 0 0 0 0 -100
199676.129000 448650.384000 55.342000 0 0 0 0 -100
199676.330000 448650.437000 55.811000 0 0 0 0 -100
199746.963000 448669.239000 44.628000 0 0 0 0 -100
199764.679000 448673.948000 45.069000 0 0 0 0 -100
199624.801000 448637.150000 59.518000 0 0 0 0 -100
199627.331000 448637.824000 59.279000 0 0 0 0 -100
199641.147000 448641.500000 58.318000 0 0 0 0 -100
199663.200000 448647.366000 56.230000 0 0 0 0 -100
199666.258000 448648.179000 56.686000 0 0 0 0 -100
199734.057000 448666.224000 47.225000 0 0 0 0 -100
199645.918000 448643.297000 59.044000 0 0 0 0 -100
199689.329000 448654.852000 53.339000 0 0 0 0 -100
199689.457000 448654.884000 54.174000 0 0 0 0 -100
199700.219000 448657.749000 53.080000 0 0 0 0 -100
199700.532000 448657.832000 53.115000 0 0 0 0 -100
199732.427000 448666.323000 47.801000 0 0 0 0 -100
199671.691000 448650.536000 56.405000 0 0 0 0 -100
199718.315000 448662.949000 49.567000 0 0 0 0 -100
199733.275000 448666.930000 47.468000 0 0 0 0 -100
199733.612000 448667.019000 47.568000 0 0 0 0 -100
199772.460000 448677.353000 46.638000 0 0 0 0 -100
199671.730000 448650.883000 56.119000 0 0 0 0 -100
199732.408000 448667.033000 47.827000 0 0 0 0 -100
199733.257000 448667.259000 47.416000 0 0 0 0 -100
199736.717000 448668.182000 45.983000 0 0 0 0 -100
199737.043000 448668.269000 46.058000 0 0 0 0 -100
199772.470000 448677.689000 46.451000 0 0 0 0 -100
199663.934000 448649.201000 56.409000 0 0 0 0 -100
199698.550000 448658.416000 52.757000 0 0 0 0 -100
199719.594000 448664.020000 49.102000 0 0 0 0 -100
199736.347000 448668.480000 46.070000 0 0 0 0 -100
199739.027000 448669.194000 45.633000 0 0 0 0 -100
199739.196000 448669.237000 46.234000 0 0 0 0 -100
199746.220000 448671.110000 44.224000 0 0 0 0 -100
199746.283000 448671.125000 45.156000 0 0 0 0 -100
199632.696000 448641.424000 59.136000 0 0 0 0 -100
199663.294000 448649.566000 56.451000 0 0 0 0 -100
199669.169000 448651.131000 55.830000 0 0 0 0 -100
199718.012000 448664.136000 49.808000 0 0 0 0 -100
199718.106000 448664.160000 50.647000 0 0 0 0 -100
199719.305000 448664.481000 49.225000 0 0 0 0 -100
199735.641000 448668.831000 46.200000 0 0 0 0 -100
199772.242000 448678.568000 46.435000 0 0 0 0 -100
199630.617000 448641.290000 59.637000 0 0 0 0 -100
199630.743000 448641.322000 60.571000 0 0 0 0 -100
199668.904000 448651.483000 56.014000 0 0 0 0 -100
199735.039000 448669.098000 46.292000 0 0 0 0 -100
199751.035000 448673.357000 44.913000 0 0 0 0 -100
199630.751000 448641.683000 60.801000 0 0 0 0 -100
199653.372000 448647.705000 58.660000 0 0 0 0 -100
199669.366000 448651.966000 55.934000 0 0 0 0 -100
199669.688000 448652.051000 55.927000 0 0 0 0 -100
199672.838000 448652.889000 56.027000 0 0 0 0 -100
199673.474000 448653.058000 56.172000 0 0 0 0 -100
199702.437000 448660.770000 52.954000 0 0 0 0 -100
199772.173000 448679.337000 46.389000 0 0 0 0 -100
199772.440000 448679.408000 46.748000 0 0 0 0 -100
199772.834000 448679.513000 46.762000 0 0 0 0 -100
199659.991000 448649.888000 56.993000 0 0 0 0 -100
199669.878000 448652.520000 55.779000 0 0 0 0 -100
199670.252000 448652.619000 55.860000 0 0 0 0 -100
199675.556000 448654.030000 55.928000 0 0 0 0 -100
199740.737000 448671.393000 45.588000 0 0 0 0 -100
199623.915000 448640.831000 59.844000 0 0 0 0 -100
199625.985000 448641.383000 59.766000 0 0 0 0 -100
199642.394000 448645.753000 58.643000 0 0 0 0 -100
199661.832000 448650.928000 56.882000 0 0 0 0 -100
199671.380000 448653.473000 55.636000 0 0 0 0 -100
199671.741000 448653.568000 55.694000 0 0 0 0 -100
199672.075000 448653.657000 55.745000 0 0 0 0 -100
199672.447000 448653.756000 55.670000 0 0 0 0 -100
199672.801000 448653.850000 55.849000 0 0 0 0 -100
199673.211000 448653.959000 55.578000 0 0 0 0 -100
199674.804000 448654.382000 56.101000 0 0 0 0 -100
199691.160000 448658.740000 53.922000 0 0 0 0 -100
199702.936000 448661.878000 51.926000 0 0 0 0 -100
199703.053000 448661.907000 52.586000 0 0 0 0 -100
199733.013000 448669.892000 46.600000 0 0 0 0 -100
199742.758000 448672.489000 45.035000 0 0 0 0 -100
199670.295000 448653.544000 55.768000 0 0 0 0 -100
199670.476000 448653.591000 56.344000 0 0 0 0 -100
199670.793000 448653.675000 56.519000 0 0 0 0 -100
199671.645000 448653.903000 55.990000 0 0 0 0 -100
199671.756000 448653.933000 55.611000 0 0 0 0 -100
199672.074000 448654.018000 55.651000 0 0 0 0 -100
199672.453000 448654.119000 55.615000 0 0 0 0 -100
199672.764000 448654.201000 55.878000 0 0 0 0 -100
199674.484000 448654.659000 55.999000 0 0 0 0 -100
199691.690000 448659.245000 53.276000 0 0 0 0 -100
199691.893000 448659.298000 53.799000 0 0 0 0 -100
199692.053000 448659.342000 53.275000 0 0 0 0 -100
199732.650000 448670.161000 46.696000 0 0 0 0 -100
199742.686000 448672.837000 45.156000 0 0 0 0 -100
199637.074000 448645.040000 60.441000 0 0 0 0 -100
199637.395000 448645.125000 60.455000 0 0 0 0 -100
199653.271000 448649.355000 58.758000 0 0 0 0 -100
199671.172000 448654.123000 56.699000 0 0 0 0 -100
199671.594000 448654.236000 56.515000 0 0 0 0 -100
199672.391000 448654.449000 56.275000 0 0 0 0 -100
199672.765000 448654.548000 56.190000 0 0 0 0 -100
199673.192000 448654.663000 55.958000 0 0 0 0 -100
199674.348000 448654.971000 55.623000 0 0 0 0 -100
199674.450000 448654.997000 56.366000 0 0 0 0 -100
199675.451000 448655.265000 55.406000 0 0 0 0 -100
199708.684000 448664.120000 51.208000 0 0 0 0 -100
199734.249000 448670.934000 46.490000 0 0 0 0 -100
199734.382000 448670.968000 47.259000 0 0 0 0 -100
199637.326000 448645.495000 59.472000 0 0 0 0 -100
199644.119000 448647.301000 60.028000 0 0 0 0 -100
199653.276000 448649.742000 58.574000 0 0 0 0 -100
199673.172000 448655.044000 55.833000 0 0 0 0 -100
199734.208000 448671.312000 46.467000 0 0 0 0 -100
199734.321000 448671.340000 47.146000 0 0 0 0 -100
199746.501000 448674.591000 43.967000 0 0 0 0 -100
199751.794000 448676.000000 43.694000 0 0 0 0 -100
199644.481000 448647.904000 58.804000 0 0 0 0 -100
199670.406000 448654.811000 56.914000 0 0 0 0 -100
199673.230000 448655.566000 55.607000 0 0 0 0 -100
199673.302000 448655.583000 56.520000 0 0 0 0 -100
199674.186000 448655.820000 56.084000 0 0 0 0 -100
199679.013000 448657.107000 55.435000 0 0 0 0 -100
199714.463000 448666.557000 50.146000 0 0 0 0 -100
199758.372000 448678.263000 44.015000 0 0 0 0 -100
199759.912000 448678.672000 43.943000 0 0 0 0 -100
199673.090000 448655.892000 56.668000 0 0 0 0 -100
199676.030000 448656.678000 55.283000 0 0 0 0 -100
199714.310000 448666.883000 50.107000 0 0 0 0 -100
199730.205000 448671.120000 47.042000 0 0 0 0 -100
199762.766000 448679.798000 44.929000 0 0 0 0 -100
199672.679000 448656.111000 56.662000 0 0 0 0 -100
199673.105000 448656.226000 56.367000 0 0 0 0 -100
199699.044000 448663.143000 52.219000 0 0 0 0 -100
199709.676000 448665.976000 51.644000 0 0 0 0 -100
199710.006000 448666.063000 51.725000 0 0 0 0 -100
199716.433000 448667.778000 50.799000 0 0 0 0 -100
199747.470000 448676.056000 44.771000 0 0 0 0 -100
199759.249000 448679.194000 43.975000 0 0 0 0 -100
199672.660000 448656.512000 55.823000 0 0 0 0 -100
199702.626000 448664.502000 52.519000 0 0 0 0 -100
199709.821000 448666.421000 51.578000 0 0 0 0 -100
199733.426000 448672.716000 47.476000 0 0 0 0 -100
199759.601000 448679.697000 44.282000 0 0 0 0 -100
199763.532000 448680.744000 44.641000 0 0 0 0 -100
199651.336000 448651.396000 59.302000 0 0 0 0 -100
199676.431000 448658.090000 55.509000 0 0 0 0 -100
199676.465000 448658.097000 56.543000 0 0 0 0 -100
199710.096000 448667.068000 51.120000 0 0 0 0 -100
199710.190000 448667.092000 51.939000 0 0 0 0 -100
199759.944000 448680.365000 44.637000 0 0 0 0 -100
199760.358000 448680.475000 44.557000 0 0 0 0 -100
199766.257000 448682.047000 44.832000 0 0 0 0 -100
199766.413000 448682.087000 45.532000 0 0 0 0 -100
199636.655000 448647.888000 59.650000 0 0 0 0 -100
199688.920000 448661.827000 54.733000 0 0 0 0 -100
199705.419000 448666.231000 51.559000 0 0 0 0 -100
199714.928000 448668.768000 50.030000 0 0 0 0 -100
199760.336000 448680.882000 44.008000 0 0 0 0 -100
199760.394000 448680.895000 44.876000 0 0 0 0 -100
199763.527000 448681.730000 45.560000 0 0 0 0 -100
199711.098000 448668.083000 51.257000 0 0 0 0 -100
199716.534000 448669.535000 50.222000 0 0 0 0 -100
199760.628000 448681.299000 44.792000 0 0 0 0 -100
199636.897000 448648.676000 59.723000 0 0 0 0 -100
199640.237000 448649.564000 60.215000 0 0 0 0 -100
199700.152000 448665.549000 53.069000 0 0 0 0 -100
199716.343000 448669.872000 49.901000 0 0 0 0 -100
199716.477000 448669.906000 50.590000 0 0 0 0 -100
199717.578000 448670.202000 49.491000 0 0 0 0 -100
199717.915000 448670.292000 49.461000 0 0 0 0 -100
199771.558000 448684.598000 45.921000 0 0 0 0 -100
199633.697000 448648.319000 59.793000 0 0 0 0 -100
199745.204000 448678.081000 44.520000 0 0 0 0 -100
199641.637000 448650.793000 59.633000 0 0 0 0 -100
199641.889000 448650.859000 60.007000 0 0 0 0 -100
199656.769000 448654.831000 57.984000 0 0 0 0 -100
199694.345000 448664.859000 53.810000 0 0 0 0 -100
199770.865000 448685.278000 46.060000 0 0 0 0 -100
199770.931000 448685.293000 46.920000 0 0 0 0 -100
199644.636000 448651.939000 59.552000 0 0 0 0 -100
199644.794000 448651.980000 60.128000 0 0 0 0 -100
199656.207000 448655.028000 58.251000 0 0 0 0 -100
199687.974000 448663.507000 54.143000 0 0 0 0 -100
199719.911000 448672.032000 49.148000 0 0 0 0 -100
199655.862000 448655.325000 58.368000 0 0 0 0 -100
199687.196000 448663.690000 54.242000 0 0 0 0 -100
199693.666000 448665.418000 53.146000 0 0 0 0 -100
199739.401000 448677.631000 45.531000 0 0 0 0 -100
199645.188000 448653.004000 59.731000 0 0 0 0 -100
199630.060000 448649.354000 60.281000 0 0 0 0 -100
199638.881000 448651.705000 61.153000 0 0 0 0 -100
199645.084000 448653.361000 60.353000 0 0 0 0 -100
199650.002000 448654.677000 58.902000 0 0 0 0 -100
199699.505000 448667.896000 53.641000 0 0 0 0 -100
199717.826000 448672.791000 49.441000 0 0 0 0 -100
199718.162000 448672.881000 49.537000 0 0 0 0 -100
199766.162000 448685.696000 44.939000 0 0 0 0 -100
199639.884000 448652.300000 59.812000 0 0 0 0 -100
199648.474000 448654.594000 59.033000 0 0 0 0 -100
199696.498000 448667.419000 53.907000 0 0 0 0 -100
199697.505000 448667.688000 52.881000 0 0 0 0 -100
199699.350000 448668.181000 52.889000 0 0 0 0 -100
199717.743000 448673.096000 49.491000 0 0 0 0 -100
199718.013000 448673.167000 49.794000 0 0 0 0 -100
199741.999000 448679.574000 45.908000 0 0 0 0 -100
199762.538000 448685.055000 45.542000 0 0 0 0 -100
199640.781000 448652.927000 59.741000 0 0 0 0 -100
199654.034000 448656.465000 58.565000 0 0 0 0 -100
199695.985000 448667.669000 53.728000 0 0 0 0 -100
199696.378000 448667.774000 53.599000 0 0 0 0 -100
199707.921000 448670.855000 52.416000 0 0 0 0 -100
199636.750000 448652.368000 61.308000 0 0 0 0 -100
199637.774000 448652.644000 60.081000 0 0 0 0 -100
199682.289000 448664.536000 54.822000 0 0 0 0 -100
199696.180000 448668.245000 53.996000 0 0 0 0 -100
199727.124000 448676.517000 47.810000 0 0 0 0 -100
199727.171000 448676.528000 48.781000 0 0 0 0 -100
199743.299000 448680.839000 44.652000 0 0 0 0 -100
199758.674000 448684.945000 44.036000 0 0 0 0 -100
199633.793000 448651.964000 60.272000 0 0 0 0 -100
199637.011000 448652.824000 60.101000 0 0 0 0 -100
199680.394000 448664.415000 55.018000 0 0 0 0 -100
199694.941000 448668.302000 53.096000 0 0 0 0 -100
199698.297000 448669.196000 53.767000 0 0 0 0 -100
199758.634000 448685.319000 44.871000 0 0 0 0 -100
199645.517000 448655.428000 59.676000 0 0 0 0 -100
199645.867000 448655.522000 59.584000 0 0 0 0 -100
199646.654000 448655.732000 59.402000 0 0 0 0 -100
199659.617000 448659.197000 58.331000 0 0 0 0 -100
199704.879000 448671.290000 52.510000 0 0 0 0 -100
199734.114000 448679.105000 46.364000 0 0 0 0 -100
199749.630000 448683.253000 44.221000 0 0 0 0 -100
199758.495000 448685.620000 44.178000 0 0 0 0 -100
199626.055000 448650.635000 60.820000 0 0 0 0 -100
199626.389000 448650.724000 60.850000 0 0 0 0 -100
199631.006000 448651.958000 60.624000 0 0 0 0 -100
199632.398000 448652.330000 60.502000 0 0 0 0 -100
199633.834000 448652.713000 60.363000 0 0 0 0 -100
199652.440000 448657.683000 58.897000 0 0 0 0 -100
199652.594000 448657.723000 59.620000 0 0 0 0 -100
199742.727000 448681.812000 45.027000 0 0 0 0 -100
199749.327000 448683.576000 44.123000 0 0 0 0 -100
199650.619000 448657.696000 60.396000 0 0 0 0 -100
199658.971000 448659.931000 58.085000 0 0 0 0 -100
199664.149000 448661.313000 57.310000 0 0 0 0 -100
199664.527000 448661.414000 57.302000 0 0 0 0 -100
199697.105000 448670.122000 53.357000 0 0 0 0 -100
199717.842000 448675.664000 50.544000 0 0 0 0 -100
199743.727000 448682.586000 45.344000 0 0 0 0 -100
199748.826000 448683.950000 44.579000 0 0 0 0 -100
199748.929000 448683.975000 45.418000 0 0 0 0 -100
199632.060000 448653.093000 60.613000 0 0 0 0 -100
199651.319000 448658.238000 59.050000 0 0 0 0 -100
199664.183000 448661.674000 57.291000 0 0 0 0 -100
199671.547000 448663.642000 56.313000 0 0 0 0 -100
199697.235000 448670.506000 53.949000 0 0 0 0 -100
199708.174000 448673.431000 51.226000 0 0 0 0 -100
199708.178000 448673.430000 52.395000 0 0 0 0 -100
199731.081000 448679.554000 46.915000 0 0 0 0 -100
199748.872000 448684.311000 44.360000 0 0 0 0 -100
199748.909000 448684.319000 45.300000 0 0 0 0 -100
199696.846000 448670.697000 53.875000 0 0 0 0 -100
199700.461000 448671.663000 52.365000 0 0 0 0 -100
199700.517000 448671.677000 53.441000 0 0 0 0 -100
199724.642000 448678.128000 48.224000 0 0 0 0 -100
199729.901000 448679.531000 47.842000 0 0 0 0 -100
199768.918000 448689.953000 46.283000 0 0 0 0 -100
199637.257000 448655.172000 61.656000 0 0 0 0 -100
199682.596000 448667.291000 54.779000 0 0 0 0 -100
199691.084000 448669.558000 53.909000 0 0 0 0 -100
199696.759000 448671.074000 54.128000 0 0 0 0 -100
199723.795000 448678.303000 48.745000 0 0 0 0 -100
199740.393000 448682.740000 45.176000 0 0 0 0 -100
199651.483000 448659.461000 59.109000 0 0 0 0 -100
199660.961000 448661.994000 58.127000 0 0 0 0 -100
199691.020000 448670.030000 53.786000 0 0 0 0 -100
199631.833000 448654.587000 60.831000 0 0 0 0 -100
199632.165000 448654.676000 60.800000 0 0 0 0 -100
199632.526000 448654.772000 60.763000 0 0 0 0 -100
199639.468000 448656.625000 60.911000 0 0 0 0 -100
199639.957000 448656.757000 60.299000 0 0 0 0 -100
199640.943000 448657.020000 60.534000 0 0 0 0 -100
199643.769000 448657.774000 60.505000 0 0 0 0 -100
199682.527000 448668.135000 55.945000 0 0 0 0 -100
199687.315000 448669.417000 54.237000 0 0 0 0 -100
199758.398000 448688.421000 44.353000 0 0 0 0 -100
199639.414000 448656.902000 60.819000 0 0 0 0 -100
199679.468000 448667.611000 56.276000 0 0 0 0 -100
199684.732000 448669.018000 55.349000 0 0 0 0 -100
199752.243000 448687.072000 44.609000 0 0 0 0 -100
199631.829000 448655.292000 60.770000 0 0 0 0 -100
199684.670000 448669.415000 55.682000 0 0 0 0 -100
199704.298000 448674.664000 52.588000 0 0 0 0 -100
199759.492000 448689.422000 44.332000 0 0 0 0 -100
199633.743000 448656.334000 60.804000 0 0 0 0 -100
199668.164000 448665.538000 57.030000 0 0 0 0 -100
199703.589000 448675.014000 52.152000 0 0 0 0 -100
199703.925000 448675.103000 52.245000 0 0 0 0 -100
199704.505000 448675.257000 52.781000 0 0 0 0 -100
199734.513000 448683.286000 46.750000 0 0 0 0 -100
199663.847000 448664.800000 57.696000 0 0 0 0 -100
199667.928000 448665.893000 57.042000 0 0 0 0 -100
199671.236000 448666.777000 56.719000 0 0 0 0 -100
199686.525000 448670.868000 54.364000 0 0 0 0 -100
199703.330000 448675.363000 52.386000 0 0 0 0 -100
199703.615000 448675.439000 52.605000 0 0 0 0 -100
199703.930000 448675.523000 52.670000 0 0 0 0 -100
199704.284000 448675.617000 52.641000 0 0 0 0 -100
199704.584000 448675.697000 52.969000 0 0 0 0 -100
199738.265000 448684.712000 45.629000 0 0 0 0 -100
199671.334000 448667.103000 57.033000 0 0 0 0 -100
199671.498000 448667.146000 57.633000 0 0 0 0 -100
199680.401000 448669.529000 56.371000 0 0 0 0 -100
199703.414000 448675.686000 52.637000 0 0 0 0 -100
199703.691000 448675.759000 52.883000 0 0 0 0 -100
199708.426000 448677.027000 51.511000 0 0 0 0 -100
199734.774000 448684.076000 47.719000 0 0 0 0 -100
199735.220000 448684.195000 47.614000 0 0 0 0 -100
199624.847000 448655.101000 61.353000 0 0 0 0 -100
199682.215000 448670.446000 55.965000 0 0 0 0 -100
199703.298000 448676.087000 52.846000 0 0 0 0 -100
199703.560000 448676.156000 53.139000 0 0 0 0 -100
199712.306000 448678.499000 50.480000 0 0 0 0 -100
199712.694000 448678.603000 50.412000 0 0 0 0 -100
199734.928000 448684.551000 47.233000 0 0 0 0 -100
199735.206000 448684.625000 47.416000 0 0 0 0 -100
199753.599000 448689.548000 44.346000 0 0 0 0 -100
199753.714000 448689.577000 45.117000 0 0 0 0 -100
199758.021000 448690.730000 44.463000 0 0 0 0 -100
199659.210000 448664.769000 58.762000 0 0 0 0 -100
199659.782000 448664.921000 59.153000 0 0 0 0 -100
199660.143000 448665.018000 59.203000 0 0 0 0 -100
199661.463000 448665.371000 58.186000 0 0 0 0 -100
199676.331000 448669.351000 56.000000 0 0 0 0 -100
199677.488000 448669.658000 56.949000 0 0 0 0 -100
199678.622000 448669.962000 56.696000 0 0 0 0 -100
199707.681000 448677.741000 51.807000 0 0 0 0 -100
199717.048000 448680.250000 49.739000 0 0 0 0 -100
199717.200000 448680.289000 50.375000 0 0 0 0 -100
199734.544000 448684.931000 47.665000 0 0 0 0 -100
199734.934000 448685.038000 46.506000 0 0 0 0 -100
199735.363000 448685.150000 47.346000 0 0 0 0 -100
199759.261000 448691.546000 44.470000 0 0 0 0 -100
199759.619000 448691.642000 44.551000 0 0 0 0 -100
199658.043000 448664.832000 58.641000 0 0 0 0 -100
199658.730000 448665.013000 59.852000 0 0 0 0 -100
199659.231000 448665.148000 59.408000 0 0 0 0 -100
199664.391000 448666.529000 57.573000 0 0 0 0 -100
199676.949000 448669.889000 57.005000 0 0 0 0 -100
199677.396000 448670.009000 56.744000 0 0 0 0 -100
199718.152000 448680.920000 49.283000 0 0 0 0 -100
199718.241000 448680.942000 50.199000 0 0 0 0 -100
199723.683000 448682.401000 48.136000 0 0 0 0 -100
199734.463000 448685.285000 46.479000 0 0 0 0 -100
199735.223000 448685.487000 47.527000 0 0 0 0 -100
199754.057000 448690.529000 44.148000 0 0 0 0 -100
199756.219000 448691.107000 44.376000 0 0 0 0 -100
199768.939000 448694.503000 47.348000 0 0 0 0 -100
199639.816000 448660.251000 60.995000 0 0 0 0 -100
199658.368000 448665.215000 59.773000 0 0 0 0 -100
199768.834000 448694.775000 47.437000 0 0 0 0 -100
199768.986000 448694.815000 48.031000 0 0 0 0 -100
199769.185000 448694.867000 48.521000 0 0 0 0 -100
199635.797000 448659.593000 60.974000 0 0 0 0 -100
199650.526000 448663.534000 59.618000 0 0 0 0 -100
199657.904000 448665.508000 59.569000 0 0 0 0 -100
199658.218000 448665.592000 59.647000 0 0 0 0 -100
199678.063000 448670.903000 57.007000 0 0 0 0 -100
199711.657000 448679.895000 51.732000 0 0 0 0 -100
199642.565000 448661.933000 60.417000 0 0 0 0 -100
199657.314000 448665.882000 59.233000 0 0 0 0 -100
199657.621000 448665.964000 59.405000 0 0 0 0 -100
199660.324000 448666.689000 58.693000 0 0 0 0 -100
199710.127000 448680.019000 52.083000 0 0 0 0 -100
199733.055000 448686.160000 47.664000 0 0 0 0 -100
199771.882000 448696.544000 48.821000 0 0 0 0 -100
199772.022000 448696.580000 49.415000 0 0 0 0 -100
199626.024000 448657.939000 62.444000 0 0 0 0 -100
199632.549000 448659.686000 61.346000 0 0 0 0 -100
199657.101000 448666.260000 58.764000 0 0 0 0 -100
199689.831000 448675.023000 54.786000 0 0 0 0 -100
199734.312000 448686.933000 47.153000 0 0 0 0 -100
199740.107000 448688.486000 45.431000 0 0 0 0 -100
199647.341000 448663.925000 60.449000 0 0 0 0 -100
199656.874000 448666.479000 59.146000 0 0 0 0 -100
199672.388000 448670.632000 56.656000 0 0 0 0 -100
199689.758000 448675.283000 54.692000 0 0 0 0 -100
199691.870000 448675.849000 53.672000 0 0 0 0 -100
199709.641000 448680.606000 52.085000 0 0 0 0 -100
199715.982000 448682.306000 50.344000 0 0 0 0 -100
199733.800000 448687.077000 47.265000 0 0 0 0 -100
199635.113000 448661.063000 61.150000 0 0 0 0 -100
199635.440000 448661.150000 61.316000 0 0 0 0 -100
199647.240000 448664.309000 60.244000 0 0 0 0 -100
199656.375000 448666.755000 59.023000 0 0 0 0 -100
199658.695000 448667.375000 59.526000 0 0 0 0 -100
199706.394000 448680.145000 52.628000 0 0 0 0 -100
199761.371000 448694.866000 45.110000 0 0 0 0 -100
199623.572000 448658.458000 61.845000 0 0 0 0 -100
199634.843000 448661.476000 61.296000 0 0 0 0 -100
199635.151000 448661.558000 61.426000 0 0 0 0 -100
199706.287000 448680.608000 52.301000 0 0 0 0 -100
199706.486000 448680.660000 52.670000 0 0 0 0 -100
199711.092000 448681.894000 51.945000 0 0 0 0 -100
199713.360000 448682.502000 51.446000 0 0 0 0 -100
199761.102000 448695.288000 45.113000 0 0 0 0 -100
199699.125000 448679.078000 52.586000 0 0 0 0 -100
199709.967000 448681.981000 51.438000 0 0 0 0 -100
199710.095000 448682.013000 52.152000 0 0 0 0 -100
199743.343000 448690.925000 44.591000 0 0 0 0 -100
199748.213000 448692.229000 44.286000 0 0 0 0 -100
199760.541000 448695.526000 45.001000 0 0 0 0 -100
199769.153000 448697.823000 49.047000 0 0 0 0 -100
199665.243000 448670.307000 57.580000 0 0 0 0 -100
199665.622000 448670.408000 57.506000 0 0 0 0 -100
199688.724000 448676.596000 55.203000 0 0 0 0 -100
199698.850000 448679.309000 53.721000 0 0 0 0 -100
199707.202000 448681.544000 52.552000 0 0 0 0 -100
199710.004000 448682.296000 51.600000 0 0 0 0 -100
199760.309000 448695.769000 44.956000 0 0 0 0 -100
199762.671000 448696.400000 45.662000 0 0 0 0 -100
199768.941000 448698.072000 48.944000 0 0 0 0 -100
199635.688000 448662.803000 61.239000 0 0 0 0 -100
199643.089000 448664.783000 60.916000 0 0 0 0 -100
199643.437000 448664.876000 60.796000 0 0 0 0 -100
199648.894000 448666.339000 60.079000 0 0 0 0 -100
199663.922000 448670.363000 57.854000 0 0 0 0 -100
199664.310000 448670.467000 57.779000 0 0 0 0 -100
199711.986000 448683.238000 51.634000 0 0 0 0 -100
199745.529000 448692.228000 44.204000 0 0 0 0 -100
199749.962000 448693.415000 44.329000 0 0 0 0 -100
199759.788000 448696.043000 44.902000 0 0 0 0 -100
199631.098000 448662.071000 61.789000 0 0 0 0 -100
199631.284000 448662.120000 62.492000 0 0 0 0 -100
199685.494000 448676.642000 55.133000 0 0 0 0 -100
199756.153000 448695.573000 44.976000 0 0 0 0 -100
199756.216000 448695.588000 45.806000 0 0 0 0 -100
199631.321000 448662.550000 61.737000 0 0 0 0 -100
199648.826000 448667.238000 60.070000 0 0 0 0 -100
199668.724000 448672.569000 57.072000 0 0 0 0 -100
199702.417000 448681.595000 52.134000 0 0 0 0 -100
199728.303000 448688.532000 48.182000 0 0 0 0 -100
199730.137000 448689.022000 47.059000 0 0 0 0 -100
199758.660000 448696.661000 44.869000 0 0 0 0 -100
199642.425000 448665.835000 61.760000 0 0 0 0 -100
199655.795000 448669.418000 60.009000 0 0 0 0 -100
199658.648000 448670.185000 58.657000 0 0 0 0 -100
199659.747000 448670.904000 58.674000 0 0 0 0 -100
199665.679000 448672.491000 57.628000 0 0 0 0 -100
199728.266000 448689.264000 48.374000 0 0 0 0 -100
199737.605000 448691.767000 45.714000 0 0 0 0 -100
199737.629000 448691.771000 46.621000 0 0 0 0 -100
199763.577000 448698.718000 46.578000 0 0 0 0 -100
199659.139000 448671.261000 58.580000 0 0 0 0 -100
199706.270000 448683.892000 51.407000 0 0 0 0 -100
199720.539000 448687.717000 48.642000 0 0 0 0 -100
199729.836000 448690.207000 47.109000 0 0 0 0 -100
199730.199000 448690.304000 47.131000 0 0 0 0 -100
199751.633000 448696.047000 45.784000 0 0 0 0 -100
199763.538000 448699.232000 46.737000 0 0 0 0 -100
199654.726000 448670.470000 59.808000 0 0 0 0 -100
199669.620000 448674.462000 57.148000 0 0 0 0 -100
199669.974000 448674.557000 57.062000 0 0 0 0 -100
199704.653000 448683.852000 52.445000 0 0 0 0 -100
199705.663000 448684.125000 51.463000 0 0 0 0 -100
199728.445000 448690.232000 47.393000 0 0 0 0 -100
199728.834000 448690.336000 47.334000 0 0 0 0 -100
199739.931000 448693.309000 46.035000 0 0 0 0 -100
199758.608000 448698.310000 46.391000 0 0 0 0 -100
199762.783000 448699.428000 46.305000 0 0 0 0 -100
199628.926000 448663.855000 62.121000 0 0 0 0 -100
199654.119000 448670.605000 59.461000 0 0 0 0 -100
199654.788000 448670.784000 59.506000 0 0 0 0 -100
199669.627000 448674.761000 57.105000 0 0 0 0 -100
199694.816000 448681.511000 53.824000 0 0 0 0 -100
199702.698000 448683.623000 52.935000 0 0 0 0 -100
199727.728000 448690.334000 47.479000 0 0 0 0 -100
199758.646000 448698.615000 45.367000 0 0 0 0 -100
199628.808000 448664.244000 62.081000 0 0 0 0 -100
199629.136000 448664.332000 62.096000 0 0 0 0 -100
199654.640000 448671.165000 59.503000 0 0 0 0 -100
199655.419000 448671.374000 59.331000 0 0 0 0 -100
199698.613000 448682.950000 52.686000 0 0 0 0 -100
199702.421000 448683.970000 52.119000 0 0 0 0 -100
199717.365000 448687.974000 50.461000 0 0 0 0 -100
199763.431000 448700.314000 46.934000 0 0 0 0 -100
199630.632000 448665.245000 62.034000 0 0 0 0 -100
199653.832000 448671.460000 60.289000 0 0 0 0 -100
199654.025000 448671.511000 60.766000 0 0 0 0 -100
199664.223000 448674.245000 58.494000 0 0 0 0 -100
199670.655000 448675.971000 56.945000 0 0 0 0 -100
199690.138000 448681.192000 54.914000 0 0 0 0 -100
199739.105000 448694.320000 45.820000 0 0 0 0 -100
199753.517000 448698.180000 44.884000 0 0 0 0 -100
199753.854000 448698.270000 44.963000 0 0 0 0 -100
199639.588000 448668.046000 62.413000 0 0 0 0 -100
199651.772000 448671.313000 59.983000 0 0 0 0 -100
199653.905000 448671.885000 59.800000 0 0 0 0 -100
199639.331000 448668.313000 61.402000 0 0 0 0 -100
199639.528000 448668.365000 61.980000 0 0 0 0 -100
199655.075000 448672.531000 60.093000 0 0 0 0 -100
199655.425000 448672.625000 60.044000 0 0 0 0 -100
199710.367000 448687.351000 50.638000 0 0 0 0 -100
199630.869000 448666.466000 62.319000 0 0 0 0 -100
199631.280000 448666.577000 62.128000 0 0 0 0 -100
199655.212000 448672.989000 60.262000 0 0 0 0 -100
199655.529000 448673.074000 60.298000 0 0 0 0 -100
199680.240000 448679.700000 55.750000 0 0 0 0 -100
199725.728000 448691.893000 48.751000 0 0 0 0 -100
199760.502000 448701.208000 46.265000 0 0 0 0 -100
199768.990000 448703.474000 49.505000 0 0 0 0 -100
199630.694000 448666.940000 62.188000 0 0 0 0 -100
199631.003000 448667.023000 62.384000 0 0 0 0 -100
199631.299000 448667.102000 62.450000 0 0 0 0 -100
199646.092000 448671.065000 60.841000 0 0 0 0 -100
199648.564000 448671.728000 60.584000 0 0 0 0 -100
199689.769000 448682.775000 54.108000 0 0 0 0 -100
199690.012000 448682.839000 54.595000 0 0 0 0 -100
199690.188000 448682.884000 55.169000 0 0 0 0 -100
199711.468000 448688.591000 50.460000 0 0 0 0 -100
199711.788000 448688.676000 50.480000 0 0 0 0 -100
199714.203000 448689.325000 49.902000 0 0 0 0 -100
199758.576000 448701.212000 46.656000 0 0 0 0 -100
199758.917000 448701.303000 46.810000 0 0 0 0 -100
199760.173000 448701.640000 46.419000 0 0 0 0 -100
199642.996000 448670.613000 61.637000 0 0 0 0 -100
199649.582000 448672.380000 60.456000 0 0 0 0 -100
199649.923000 448672.471000 60.576000 0 0 0 0 -100
199689.997000 448683.215000 54.508000 0 0 0 0 -100
199690.185000 448683.263000 55.010000 0 0 0 0 -100
199714.132000 448689.686000 49.995000 0 0 0 0 -100
199639.743000 448670.046000 61.520000 0 0 0 0 -100
199648.736000 448672.457000 60.597000 0 0 0 0 -100
199649.073000 448672.547000 60.627000 0 0 0 0 -100
199649.437000 448672.645000 60.557000 0 0 0 0 -100
199649.812000 448672.746000 60.482000 0 0 0 0 -100
199650.158000 448672.839000 60.373000 0 0 0 0 -100
199666.076000 448677.106000 57.702000 0 0 0 0 -100
199674.839000 448679.455000 56.867000 0 0 0 0 -100
199713.009000 448689.690000 50.570000 0 0 0 0 -100
199713.900000 448689.930000 50.079000 0 0 0 0 -100
199736.036000 448695.865000 46.121000 0 0 0 0 -100
199759.931000 448702.265000 46.386000 0 0 0 0 -100
199762.198000 448702.871000 47.235000 0 0 0 0 -100
199762.298000 448702.896000 48.035000 0 0 0 0 -100
199625.591000 448666.658000 62.481000 0 0 0 0 -100
199625.726000 448666.694000 63.348000 0 0 0 0 -100
199633.650000 448668.818000 62.223000 0 0 0 0 -100
199647.997000 448672.665000 60.775000 0 0 0 0 -100
199665.720000 448677.417000 57.896000 0 0 0 0 -100
199699.070000 448686.363000 52.704000 0 0 0 0 -100
199707.416000 448688.599000 52.567000 0 0 0 0 -100
199709.117000 448689.056000 51.785000 0 0 0 0 -100
199711.308000 448689.643000 51.702000 0 0 0 0 -100
199711.955000 448689.818000 50.735000 0 0 0 0 -100
199712.385000 448689.934000 50.536000 0 0 0 0 -100
199713.595000 448690.259000 50.103000 0 0 0 0 -100
199713.973000 448690.360000 50.191000 0 0 0 0 -100
199760.327000 448702.785000 46.675000 0 0 0 0 -100
199625.603000 448667.194000 62.801000 0 0 0 0 -100
199641.940000 448671.573000 61.467000 0 0 0 0 -100
199644.527000 448672.268000 61.049000 0 0 0 0 -100
199644.914000 448672.371000 60.998000 0 0 0 0 -100
199645.190000 448672.445000 61.210000 0 0 0 0 -100
199645.584000 448672.551000 60.993000 0 0 0 0 -100
199672.865000 448679.869000 56.945000 0 0 0 0 -100
199673.019000 448679.909000 57.575000 0 0 0 0 -100
199683.374000 448682.688000 55.074000 0 0 0 0 -100
199691.950000 448684.989000 53.763000 0 0 0 0 -100
199692.285000 448685.079000 53.820000 0 0 0 0 -100
199708.911000 448689.539000 51.401000 0 0 0 0 -100
199711.487000 448690.229000 51.167000 0 0 0 0 -100
199711.652000 448690.274000 50.653000 0 0 0 0 -100
199712.406000 448690.476000 50.619000 0 0 0 0 -100
199713.634000 448690.807000 50.187000 0 0 0 0 -100
199726.250000 448694.192000 48.435000 0 0 0 0 -100
199730.588000 448695.353000 47.473000 0 0 0 0 -100
199769.813000 448705.858000 51.430000 0 0 0 0 -100
199770.192000 448705.959000 51.451000 0 0 0 0 -100
199639.072000 448671.207000 61.792000 0 0 0 0 -100
199639.456000 448671.310000 61.712000 0 0 0 0 -100
199643.784000 448672.470000 61.270000 0 0 0 0 -100
199713.692000 448691.227000 50.120000 0 0 0 0 -100
199717.974000 448692.375000 50.376000 0 0 0 0 -100
199766.599000 448705.408000 49.091000 0 0 0 0 -100
199772.093000 448706.875000 51.455000 0 0 0 0 -100
199711.907000 448691.051000 50.980000 0 0 0 0 -100
199713.262000 448691.416000 50.155000 0 0 0 0 -100
199717.813000 448692.637000 49.579000 0 0 0 0 -100
199717.943000 448692.671000 50.308000 0 0 0 0 -100
199720.877000 448693.458000 49.027000 0 0 0 0 -100
199671.767000 448680.683000 57.928000 0 0 0 0 -100
199679.566000 448682.779000 55.773000 0 0 0 0 -100
199711.365000 448691.306000 50.489000 0 0 0 0 -100
199711.539000 448691.352000 50.997000 0 0 0 0 -100
199711.863000 448691.439000 51.158000 0 0 0 0 -100
199712.180000 448691.523000 51.402000 0 0 0 0 -100
199717.857000 448693.049000 49.394000 0 0 0 0 -100
199720.989000 448693.888000 48.819000 0 0 0 0 -100
199745.422000 448700.442000 44.938000 0 0 0 0 -100
199745.453000 448700.448000 45.842000 0 0 0 0 -100
199765.546000 448705.824000 49.844000 0 0 0 0 -100
199667.782000 448680.122000 58.242000 0 0 0 0 -100
199668.190000 448680.232000 57.937000 0 0 0 0 -100
199668.416000 448680.292000 58.454000 0 0 0 0 -100
199708.248000 448690.977000 51.165000 0 0 0 0 -100
199711.373000 448691.815000 50.488000 0 0 0 0 -100
199711.759000 448691.918000 50.424000 0 0 0 0 -100
199711.916000 448691.959000 51.077000 0 0 0 0 -100
199717.543000 448693.469000 50.382000 0 0 0 0 -100
199722.202000 448694.720000 48.482000 0 0 0 0 -100
199635.178000 448671.732000 62.511000 0 0 0 0 -100
199668.307000 448680.614000 58.169000 0 0 0 0 -100
199668.621000 448680.698000 58.385000 0 0 0 0 -100
199681.164000 448684.064000 55.630000 0 0 0 0 -100
199708.044000 448691.273000 51.223000 0 0 0 0 -100
199710.822000 448692.017000 50.514000 0 0 0 0 -100
199712.171000 448692.379000 50.782000 0 0 0 0 -100
199713.016000 448692.606000 50.249000 0 0 0 0 -100
199713.815000 448692.818000 51.184000 0 0 0 0 -100
199714.223000 448692.930000 49.918000 0 0 0 0 -100
199642.069000 448673.883000 61.604000 0 0 0 0 -100
199643.885000 448674.370000 61.279000 0 0 0 0 -100
199668.488000 448680.967000 57.793000 0 0 0 0 -100
199668.695000 448681.021000 58.281000 0 0 0 0 -100
199673.821000 448682.398000 56.515000 0 0 0 0 -100
199674.176000 448682.491000 57.678000 0 0 0 0 -100
199713.577000 448693.056000 50.976000 0 0 0 0 -100
199724.370000 448695.951000 49.082000 0 0 0 0 -100
199744.599000 448701.377000 44.667000 0 0 0 0 -100
199745.638000 448701.655000 44.698000 0 0 0 0 -100
199763.840000 448706.522000 48.970000 0 0 0 0 -100
199772.077000 448708.722000 51.870000 0 0 0 0 -100
199624.726000 448669.619000 62.930000 0 0 0 0 -100
199624.793000 448669.635000 63.877000 0 0 0 0 -100
199642.060000 448674.263000 61.628000 0 0 0 0 -100
199643.843000 448674.741000 61.562000 0 0 0 0 -100
199651.610000 448676.823000 61.252000 0 0 0 0 -100
199669.190000 448681.539000 57.837000 0 0 0 0 -100
199672.328000 448682.381000 56.708000 0 0 0 0 -100
199672.528000 448682.434000 57.246000 0 0 0 0 -100
199714.648000 448693.731000 49.807000 0 0 0 0 -100
199726.233000 448696.837000 48.880000 0 0 0 0 -100
199730.171000 448697.893000 47.134000 0 0 0 0 -100
199743.042000 448701.346000 44.832000 0 0 0 0 -100
199745.622000 448702.038000 44.749000 0 0 0 0 -100
199765.622000 448707.386000 50.099000 0 0 0 0 -100
199635.888000 448673.148000 62.283000 0 0 0 0 -100
199648.155000 448676.437000 60.931000 0 0 0 0 -100
199650.294000 448677.010000 60.643000 0 0 0 0 -100
199650.624000 448677.099000 60.765000 0 0 0 0 -100
199650.964000 448677.189000 60.714000 0 0 0 0 -100
199651.301000 448677.279000 60.741000 0 0 0 0 -100
199651.671000 448677.378000 60.755000 0 0 0 0 -100
199652.078000 448677.488000 60.671000 0 0 0 0 -100
199654.956000 448678.260000 60.363000 0 0 0 0 -100
199655.359000 448678.368000 60.159000 0 0 0 0 -100
199670.109000 448682.323000 58.033000 0 0 0 0 -100
199711.370000 448693.391000 50.813000 0 0 0 0 -100
199730.554000 448698.535000 47.749000 0 0 0 0 -100
199744.100000 448702.172000 44.708000 0 0 0 0 -100
199772.028000 448709.636000 52.896000 0 0 0 0 -100
199639.175000 448674.430000 63.064000 0 0 0 0 -100
199642.323000 448675.276000 61.687000 0 0 0 0 -100
199642.684000 448675.373000 61.657000 0 0 0 0 -100
199652.472000 448677.999000 60.437000 0 0 0 0 -100
199653.102000 448678.167000 60.758000 0 0 0 0 -100
199653.467000 448678.265000 60.721000 0 0 0 0 -100
199653.833000 448678.363000 60.679000 0 0 0 0 -100
199654.218000 448678.466000 60.643000 0 0 0 0 -100
199654.579000 448678.564000 60.551000 0 0 0 0 -100
199678.918000 448685.091000 57.073000 0 0 0 0 -100
199701.557000 448691.166000 52.165000 0 0 0 0 -100
199711.873000 448693.933000 50.307000 0 0 0 0 -100
199713.024000 448694.242000 50.115000 0 0 0 0 -100
199713.792000 448694.449000 50.038000 0 0 0 0 -100
199737.087000 448700.698000 45.920000 0 0 0 0 -100
199737.229000 448700.734000 46.569000 0 0 0 0 -100
199636.568000 448674.069000 63.359000 0 0 0 0 -100
199638.966000 448674.714000 62.158000 0 0 0 0 -100
199642.247000 448675.594000 61.698000 0 0 0 0 -100
199648.172000 448677.182000 61.760000 0 0 0 0 -100
199652.575000 448678.366000 59.841000 0 0 0 0 -100
199655.217000 448679.073000 60.343000 0 0 0 0 -100
199670.260000 448683.110000 57.072000 0 0 0 0 -100
199678.675000 448685.367000 56.300000 0 0 0 0 -100
199712.608000 448694.468000 51.110000 0 0 0 0 -100
199713.053000 448694.587000 50.867000 0 0 0 0 -100
199735.525000 448700.618000 46.006000 0 0 0 0 -100
199769.430000 448709.692000 51.529000 0 0 0 0 -100
199625.359000 448671.475000 63.342000 0 0 0 0 -100
199625.547000 448671.524000 63.928000 0 0 0 0 -100
199653.972000 448679.147000 60.654000 0 0 0 0 -100
199711.697000 448694.634000 51.335000 0 0 0 0 -100
199712.059000 448694.731000 51.379000 0 0 0 0 -100
199712.532000 448694.859000 50.925000 0 0 0 0 -100
199713.228000 448695.045000 51.039000 0 0 0 0 -100
199713.594000 448695.143000 51.040000 0 0 0 0 -100
199718.328000 448696.415000 49.869000 0 0 0 0 -100
199730.565000 448699.698000 47.084000 0 0 0 0 -100
199770.609000 448710.420000 51.984000 0 0 0 0 -100
199771.023000 448710.529000 52.803000 0 0 0 0 -100
199659.363000 448681.143000 59.834000 0 0 0 0 -100
199712.022000 448695.274000 51.009000 0 0 0 0 -100
199712.789000 448695.480000 50.781000 0 0 0 0 -100
199713.196000 448695.589000 50.655000 0 0 0 0 -100
199713.442000 448695.654000 51.090000 0 0 0 0 -100
199714.219000 448695.863000 50.924000 0 0 0 0 -100
199723.361000 448698.319000 48.547000 0 0 0 0 -100
199773.182000 448711.660000 53.728000 0 0 0 0 -100
199659.168000 448681.464000 58.997000 0 0 0 0 -100
199659.269000 448681.489000 59.860000 0 0 0 0 -100
199680.327000 448687.141000 55.637000 0 0 0 0 -100
199680.381000 448687.153000 56.661000 0 0 0 0 -100
199698.638000 448692.054000 53.131000 0 0 0 0 -100
199698.840000 448692.107000 53.585000 0 0 0 0 -100
199712.110000 448695.670000 50.492000 0 0 0 0 -100
199712.377000 448695.741000 50.833000 0 0 0 0 -100
199713.079000 448695.929000 50.927000 0 0 0 0 -100
199713.451000 448696.029000 50.910000 0 0 0 0 -100
199713.746000 448696.108000 51.010000 0 0 0 0 -100
199722.960000 448698.583000 48.409000 0 0 0 0 -100
199723.180000 448698.641000 48.800000 0 0 0 0 -100
199723.384000 448698.695000 49.271000 0 0 0 0 -100
199728.868000 448700.169000 47.299000 0 0 0 0 -100
199628.468000 448673.534000 62.979000 0 0 0 0 -100
199645.366000 448678.066000 61.202000 0 0 0 0 -100
199669.754000 448684.609000 57.103000 0 0 0 0 -100
199681.976000 448687.889000 55.372000 0 0 0 0 -100
199698.440000 448692.305000 53.045000 0 0 0 0 -100
199698.730000 448692.382000 53.376000 0 0 0 0 -100
199712.197000 448695.996000 50.656000 0 0 0 0 -100
199712.612000 448696.108000 50.504000 0 0 0 0 -100
199712.898000 448696.184000 50.725000 0 0 0 0 -100
199728.719000 448700.430000 48.047000 0 0 0 0 -100
199743.407000 448704.372000 44.774000 0 0 0 0 -100
199751.461000 448706.529000 45.145000 0 0 0 0 -100
199628.090000 448673.803000 63.111000 0 0 0 0 -100
199628.470000 448673.905000 62.966000 0 0 0 0 -100
199669.724000 448684.973000 57.097000 0 0 0 0 -100
199679.747000 448687.663000 55.722000 0 0 0 0 -100
199727.471000 448700.469000 47.495000 0 0 0 0 -100
199727.793000 448700.555000 47.548000 0 0 0 0 -100
199743.029000 448704.643000 44.782000 0 0 0 0 -100
199625.395000 448673.592000 63.424000 0 0 0 0 -100
199656.946000 448682.057000 59.178000 0 0 0 0 -100
199677.502000 448687.571000 56.810000 0 0 0 0 -100
199700.805000 448693.824000 53.128000 0 0 0 0 -100
199712.607000 448696.994000 50.189000 0 0 0 0 -100
199712.949000 448697.085000 50.174000 0 0 0 0 -100
199713.265000 448697.170000 50.269000 0 0 0 0 -100
199742.872000 448705.117000 44.815000 0 0 0 0 -100
199713.092000 448697.509000 50.104000 0 0 0 0 -100
199713.351000 448697.578000 50.468000 0 0 0 0 -100
199713.443000 448697.601000 51.260000 0 0 0 0 -100
199742.676000 448705.449000 44.775000 0 0 0 0 -100
199752.275000 448708.019000 46.014000 0 0 0 0 -100
199757.145000 448709.323000 46.968000 0 0 0 0 -100
199678.661000 448688.612000 56.220000 0 0 0 0 -100
199740.531000 448705.214000 45.102000 0 0 0 0 -100
199740.630000 448705.239000 45.905000 0 0 0 0 -100
199770.557000 448713.243000 53.477000 0 0 0 0 -100
199635.997000 448677.520000 63.250000 0 0 0 0 -100
199636.372000 448677.621000 63.161000 0 0 0 0 -100
199636.634000 448677.690000 63.534000 0 0 0 0 -100
199740.469000 448705.553000 45.678000 0 0 0 0 -100
199656.745000 448683.606000 59.558000 0 0 0 0 -100
199670.367000 448687.259000 57.540000 0 0 0 0 -100
199677.366000 448689.504000 56.165000 0 0 0 0 -100
199686.636000 448691.991000 55.038000 0 0 0 0 -100
199686.846000 448692.046000 55.504000 0 0 0 0 -100
199732.735000 448704.361000 46.656000 0 0 0 0 -100
199732.816000 448704.381000 47.521000 0 0 0 0 -100
199742.087000 448706.871000 45.094000 0 0 0 0 -100
199742.206000 448706.902000 45.807000 0 0 0 0 -100
199756.561000 448710.747000 47.172000 0 0 0 0 -100
199628.908000 448676.814000 63.105000 0 0 0 0 -100
199664.777000 448686.435000 58.874000 0 0 0 0 -100
199672.039000 448688.385000 56.910000 0 0 0 0 -100
199676.906000 448689.691000 56.233000 0 0 0 0 -100
199677.661000 448689.894000 56.080000 0 0 0 0 -100
199686.513000 448692.268000 54.922000 0 0 0 0 -100
199686.784000 448692.340000 55.316000 0 0 0 0 -100
199732.960000 448704.728000 47.800000 0 0 0 0 -100
199626.183000 448676.475000 63.249000 0 0 0 0 -100
199626.345000 448676.517000 63.937000 0 0 0 0 -100
199664.770000 448686.825000 57.944000 0 0 0 0 -100
199676.602000 448690.000000 56.257000 0 0 0 0 -100
199677.662000 448690.285000 56.221000 0 0 0 0 -100
199760.590000 448712.519000 50.242000 0 0 0 0 -100
199627.657000 448677.370000 63.214000 0 0 0 0 -100
199702.972000 448697.577000 52.167000 0 0 0 0 -100
199703.020000 448697.588000 53.140000 0 0 0 0 -100
199627.162000 448677.616000 63.259000 0 0 0 0 -100
199636.717000 448680.177000 62.715000 0 0 0 0 -100
199636.849000 448680.210000 63.394000 0 0 0 0 -100
199637.062000 448680.269000 62.601000 0 0 0 0 -100
199648.828000 448683.428000 60.483000 0 0 0 0 -100
199665.294000 448687.845000 58.090000 0 0 0 0 -100
199675.711000 448690.641000 56.402000 0 0 0 0 -100
199679.523000 448691.665000 55.740000 0 0 0 0 -100
199720.534000 448702.670000 48.996000 0 0 0 0 -100
199740.962000 448708.153000 44.876000 0 0 0 0 -100
199641.144000 448681.683000 62.869000 0 0 0 0 -100
199665.196000 448688.137000 58.606000 0 0 0 0 -100
199675.366000 448690.868000 56.460000 0 0 0 0 -100
199709.461000 448700.013000 51.719000 0 0 0 0 -100
199720.378000 448702.945000 49.358000 0 0 0 0 -100
199674.944000 448691.133000 56.522000 0 0 0 0 -100
199660.954000 448687.899000 58.688000 0 0 0 0 -100
199668.398000 448689.897000 57.348000 0 0 0 0 -100
199671.408000 448690.702000 57.946000 0 0 0 0 -100
199671.712000 448690.786000 56.909000 0 0 0 0 -100
199671.688000 448690.777000 58.180000 0 0 0 0 -100
199672.077000 448690.881000 58.140000 0 0 0 0 -100
199672.662000 448691.040000 57.435000 0 0 0 0 -100
199673.288000 448691.207000 57.712000 0 0 0 0 -100
199673.605000 448691.292000 57.888000 0 0 0 0 -100
199695.648000 448697.210000 53.294000 0 0 0 0 -100
199754.261000 448712.932000 48.244000 0 0 0 0 -100
199767.151000 448716.378000 52.656000 0 0 0 0 -100
199671.502000 448691.082000 58.038000 0 0 0 0 -100
199671.874000 448691.182000 57.924000 0 0 0 0 -100
199672.734000 448691.413000 57.471000 0 0 0 0 -100
199693.699000 448697.040000 54.251000 0 0 0 0 -100
199704.855000 448700.035000 51.807000 0 0 0 0 -100
199756.033000 448713.759000 48.828000 0 0 0 0 -100
199632.386000 448680.873000 62.947000 0 0 0 0 -100
199632.496000 448680.901000 63.968000 0 0 0 0 -100
199668.733000 448690.626000 57.365000 0 0 0 0 -100
199671.794000 448691.445000 57.790000 0 0 0 0 -100
199673.932000 448692.021000 56.715000 0 0 0 0 -100
199674.324000 448692.124000 57.719000 0 0 0 0 -100
199693.911000 448697.381000 54.157000 0 0 0 0 -100
199704.389000 448700.194000 51.899000 0 0 0 0 -100
199713.230000 448702.567000 50.093000 0 0 0 0 -100
199713.366000 448702.602000 50.899000 0 0 0 0 -100
199757.051000 448714.315000 48.580000 0 0 0 0 -100
199757.165000 448714.344000 49.314000 0 0 0 0 -100
199632.100000 448681.168000 62.819000 0 0 0 0 -100
199673.529000 448692.284000 56.740000 0 0 0 0 -100
199713.219000 448702.935000 50.097000 0 0 0 0 -100
199713.270000 448702.947000 51.167000 0 0 0 0 -100
199760.340000 448715.563000 50.811000 0 0 0 0 -100
199763.733000 448716.472000 51.752000 0 0 0 0 -100
199665.218000 448690.571000 57.959000 0 0 0 0 -100
199673.006000 448692.662000 56.800000 0 0 0 0 -100
199740.393000 448710.750000 44.995000 0 0 0 0 -100
199759.451000 448715.849000 50.721000 0 0 0 0 -100
199656.813000 448688.716000 59.902000 0 0 0 0 -100
199728.054000 448707.838000 48.581000 0 0 0 0 -100
199732.407000 448709.004000 47.500000 0 0 0 0 -100
199739.990000 448711.041000 45.826000 0 0 0 0 -100
199653.610000 448688.186000 59.847000 0 0 0 0 -100
199708.230000 448702.845000 51.312000 0 0 0 0 -100
199708.445000 448702.902000 51.844000 0 0 0 0 -100
199738.804000 448711.054000 44.968000 0 0 0 0 -100
199763.354000 448717.620000 52.843000 0 0 0 0 -100
199670.204000 448693.030000 57.172000 0 0 0 0 -100
199675.389000 448694.421000 56.616000 0 0 0 0 -100
199708.181000 448703.222000 51.308000 0 0 0 0 -100
199708.275000 448703.246000 52.126000 0 0 0 0 -100
199717.928000 448705.839000 49.227000 0 0 0 0 -100
199720.221000 448706.455000 48.840000 0 0 0 0 -100
199723.409000 448707.311000 48.203000 0 0 0 0 -100
199737.980000 448711.220000 46.206000 0 0 0 0 -100
199738.731000 448711.424000 45.001000 0 0 0 0 -100
199674.939000 448694.795000 56.488000 0 0 0 0 -100
199675.225000 448694.871000 56.737000 0 0 0 0 -100
199690.471000 448698.963000 54.547000 0 0 0 0 -100
199689.629000 448699.095000 54.186000 0 0 0 0 -100
199690.024000 448699.200000 54.079000 0 0 0 0 -100
199726.045000 448708.870000 47.852000 0 0 0 0 -100
199756.233000 448716.962000 48.965000 0 0 0 0 -100
199677.131000 448696.018000 56.247000 0 0 0 0 -100
199677.458000 448696.105000 56.422000 0 0 0 0 -100
199716.170000 448706.497000 49.843000 0 0 0 0 -100
199720.863000 448707.756000 48.715000 0 0 0 0 -100
199721.199000 448707.847000 48.751000 0 0 0 0 -100
199725.918000 448709.113000 47.835000 0 0 0 0 -100
199764.064000 448719.331000 52.623000 0 0 0 0 -100
199771.965000 448721.442000 56.522000 0 0 0 0 -100
199645.285000 448687.832000 61.200000 0 0 0 0 -100
199677.315000 448696.429000 56.410000 0 0 0 0 -100
199691.642000 448700.274000 53.960000 0 0 0 0 -100
199721.080000 448708.175000 48.688000 0 0 0 0 -100
199728.843000 448710.259000 47.479000 0 0 0 0 -100
199728.939000 448710.282000 48.212000 0 0 0 0 -100
199754.379000 448717.101000 49.103000 0 0 0 0 -100
199768.352000 448720.838000 54.675000 0 0 0 0 -100
199768.500000 448720.876000 55.299000 0 0 0 0 -100
199665.854000 448693.845000 57.776000 0 0 0 0 -100
199682.161000 448698.223000 55.346000 0 0 0 0 -100
199682.344000 448698.271000 55.903000 0 0 0 0 -100
199761.561000 448719.514000 52.721000 0 0 0 0 -100
199768.081000 448721.260000 54.273000 0 0 0 0 -100
199640.824000 448687.499000 62.585000 0 0 0 0 -100
199682.016000 448698.555000 55.373000 0 0 0 0 -100
199702.764000 448704.123000 52.103000 0 0 0 0 -100
199630.330000 448685.005000 63.601000 0 0 0 0 -100
199630.520000 448685.055000 64.173000 0 0 0 0 -100
199641.892000 448688.106000 62.061000 0 0 0 0 -100
199641.969000 448688.125000 62.898000 0 0 0 0 -100
199704.962000 448705.035000 51.609000 0 0 0 0 -100
199729.036000 448711.493000 48.029000 0 0 0 0 -100
199759.309000 448719.603000 52.026000 0 0 0 0 -100
199668.126000 448695.552000 57.624000 0 0 0 0 -100
199759.403000 448720.031000 51.855000 0 0 0 0 -100
199657.032000 448693.108000 59.327000 0 0 0 0 -100
199657.151000 448693.138000 60.062000 0 0 0 0 -100
199665.886000 448695.484000 57.857000 0 0 0 0 -100
199718.299000 448709.555000 49.625000 0 0 0 0 -100
199718.458000 448709.596000 50.264000 0 0 0 0 -100
199725.044000 448711.366000 47.916000 0 0 0 0 -100
199742.322000 448716.003000 45.703000 0 0 0 0 -100
199746.167000 448717.032000 47.241000 0 0 0 0 -100
199746.551000 448717.135000 47.239000 0 0 0 0 -100
199746.765000 448717.191000 47.670000 0 0 0 0 -100
199766.271000 448722.409000 54.328000 0 0 0 0 -100
199665.951000 448695.913000 57.968000 0 0 0 0 -100
199684.579000 448700.914000 54.984000 0 0 0 0 -100
199723.659000 448711.405000 48.946000 0 0 0 0 -100
199760.241000 448721.205000 52.813000 0 0 0 0 -100
199764.012000 448722.216000 53.512000 0 0 0 0 -100
199646.983000 448691.121000 60.957000 0 0 0 0 -100
199655.548000 448693.421000 59.331000 0 0 0 0 -100
199661.037000 448694.894000 58.400000 0 0 0 0 -100
199665.838000 448696.181000 57.816000 0 0 0 0 -100
199667.654000 448696.669000 57.718000 0 0 0 0 -100
199684.416000 448701.168000 54.965000 0 0 0 0 -100
199759.942000 448721.423000 52.034000 0 0 0 0 -100
199760.041000 448721.448000 52.804000 0 0 0 0 -100
199633.812000 448687.976000 63.075000 0 0 0 0 -100
199668.446000 448697.270000 58.475000 0 0 0 0 -100
199712.968000 448709.222000 50.072000 0 0 0 0 -100
199690.731000 448703.751000 54.604000 0 0 0 0 -100
199662.331000 448696.528000 58.205000 0 0 0 0 -100
199668.796000 448698.263000 57.824000 0 0 0 0 -100
199668.912000 448698.293000 58.491000 0 0 0 0 -100
199703.867000 448707.680000 51.790000 0 0 0 0 -100
199703.977000 448707.708000 52.563000 0 0 0 0 -100
199754.861000 448721.358000 50.072000 0 0 0 0 -100
199762.833000 448723.490000 53.712000 0 0 0 0 -100
199762.928000 448723.514000 54.462000 0 0 0 0 -100
199668.711000 448698.585000 58.172000 0 0 0 0 -100
199668.940000 448698.648000 57.384000 0 0 0 0 -100
199686.404000 448703.337000 54.746000 0 0 0 0 -100
199690.513000 448704.439000 54.351000 0 0 0 0 -100
199767.073000 448724.970000 56.326000 0 0 0 0 -100
199769.061000 448725.501000 56.992000 0 0 0 0 -100
199772.881000 448726.525000 57.812000 0 0 0 0 -100
199658.541000 448696.287000 58.844000 0 0 0 0 -100
199658.615000 448696.305000 59.735000 0 0 0 0 -100
199686.718000 448703.851000 54.676000 0 0 0 0 -100
199696.076000 448706.364000 53.314000 0 0 0 0 -100
199696.100000 448706.369000 54.407000 0 0 0 0 -100
199696.872000 448706.577000 53.062000 0 0 0 0 -100
199707.957000 448709.555000 51.081000 0 0 0 0 -100
199711.898000 448710.613000 50.234000 0 0 0 0 -100
199736.079000 448717.108000 45.509000 0 0 0 0 -100
199736.389000 448717.191000 45.691000 0 0 0 0 -100
199736.652000 448717.260000 46.013000 0 0 0 0 -100
199748.244000 448720.365000 48.746000 0 0 0 0 -100
199659.684000 448697.123000 58.633000 0 0 0 0 -100
199665.600000 448698.710000 57.819000 0 0 0 0 -100
199665.668000 448698.726000 58.885000 0 0 0 0 -100
199672.013000 448700.431000 57.521000 0 0 0 0 -100
199695.843000 448706.832000 54.306000 0 0 0 0 -100
199720.561000 448713.473000 49.377000 0 0 0 0 -100
199736.321000 448717.707000 46.177000 0 0 0 0 -100
199748.009000 448720.838000 48.571000 0 0 0 0 -100
199649.538000 448694.810000 60.347000 0 0 0 0 -100
199672.078000 448700.860000 58.055000 0 0 0 0 -100
199695.903000 448707.261000 53.573000 0 0 0 0 -100
199696.151000 448707.328000 53.819000 0 0 0 0 -100
199704.014000 448709.442000 51.704000 0 0 0 0 -100
199748.052000 448721.261000 48.885000 0 0 0 0 -100
199649.212000 448695.019000 60.899000 0 0 0 0 -100
199655.986000 448696.837000 60.408000 0 0 0 0 -100
199665.192000 448699.311000 57.787000 0 0 0 0 -100
199696.142000 448707.624000 53.370000 0 0 0 0 -100
199747.808000 448721.494000 48.947000 0 0 0 0 -100
199768.052000 448726.912000 56.498000 0 0 0 0 -100
199768.439000 448727.015000 56.468000 0 0 0 0 -100
199648.975000 448695.366000 60.403000 0 0 0 0 -100
199661.974000 448698.855000 59.277000 0 0 0 0 -100
199691.545000 448706.799000 54.184000 0 0 0 0 -100
199727.398000 448716.430000 47.356000 0 0 0 0 -100
199767.138000 448727.073000 56.969000 0 0 0 0 -100
199644.987000 448694.801000 61.573000 0 0 0 0 -100
199691.221000 448707.221000 54.723000 0 0 0 0 -100
199691.599000 448707.322000 54.766000 0 0 0 0 -100
199691.912000 448707.406000 54.862000 0 0 0 0 -100
199714.529000 448713.486000 49.551000 0 0 0 0 -100
199717.961000 448714.408000 49.103000 0 0 0 0 -100
199743.301000 448721.209000 47.751000 0 0 0 0 -100
199767.423000 448727.664000 56.990000 0 0 0 0 -100
199626.260000 448690.181000 64.212000 0 0 0 0 -100
199626.354000 448690.205000 65.046000 0 0 0 0 -100
199637.872000 448693.300000 62.248000 0 0 0 0 -100
199641.570000 448694.293000 61.654000 0 0 0 0 -100
199644.710000 448695.135000 61.694000 0 0 0 0 -100
199644.889000 448695.182000 62.399000 0 0 0 0 -100
199652.974000 448697.358000 59.721000 0 0 0 0 -100
199665.617000 448700.751000 58.526000 0 0 0 0 -100
199665.915000 448700.831000 58.698000 0 0 0 0 -100
199675.189000 448703.323000 57.273000 0 0 0 0 -100
199717.862000 448714.790000 49.487000 0 0 0 0 -100
199754.586000 448724.639000 51.442000 0 0 0 0 -100
199766.474000 448727.819000 56.609000 0 0 0 0 -100
199644.683000 448695.448000 61.343000 0 0 0 0 -100
199715.998000 448714.606000 49.385000 0 0 0 0 -100
199716.130000 448714.640000 49.988000 0 0 0 0 -100
199717.807000 448715.090000 50.387000 0 0 0 0 -100
199755.102000 448725.092000 51.894000 0 0 0 0 -100
199766.900000 448728.248000 57.189000 0 0 0 0 -100
199651.084000 448697.596000 60.020000 0 0 0 0 -100
199667.988000 448702.136000 57.571000 0 0 0 0 -100
199668.267000 448702.211000 57.842000 0 0 0 0 -100
199709.525000 448713.295000 50.707000 0 0 0 0 -100
199668.074000 448702.616000 57.503000 0 0 0 0 -100
199668.363000 448702.693000 57.673000 0 0 0 0 -100
199743.020000 448722.748000 47.765000 0 0 0 0 -100
199632.941000 448693.595000 63.041000 0 0 0 0 -100
199637.464000 448694.808000 63.303000 0 0 0 0 -100
199653.076000 448699.005000 59.839000 0 0 0 0 -100
199670.491000 448703.683000 56.966000 0 0 0 0 -100
199684.924000 448707.560000 55.243000 0 0 0 0 -100
199687.759000 448708.321000 55.135000 0 0 0 0 -100
199720.963000 448717.244000 48.438000 0 0 0 0 -100
199637.326000 448695.082000 63.534000 0 0 0 0 -100
199652.943000 448699.280000 60.038000 0 0 0 0 -100
199721.212000 448717.622000 48.469000 0 0 0 0 -100
199721.566000 448717.717000 48.423000 0 0 0 0 -100
199721.954000 448717.822000 48.363000 0 0 0 0 -100
199744.909000 448723.982000 47.732000 0 0 0 0 -100
199632.835000 448694.284000 64.048000 0 0 0 0 -100
199721.948000 448718.230000 49.022000 0 0 0 0 -100
199691.497000 448710.587000 53.927000 0 0 0 0 -100
199692.554000 448710.870000 53.867000 0 0 0 0 -100
199720.630000 448718.419000 48.554000 0 0 0 0 -100
199655.567000 448701.354000 59.307000 0 0 0 0 -100
199655.916000 448701.448000 59.262000 0 0 0 0 -100
199662.145000 448703.120000 58.420000 0 0 0 0 -100
199677.910000 448707.359000 56.674000 0 0 0 0 -100
199721.132000 448718.981000 48.532000 0 0 0 0 -100
199755.022000 448728.071000 53.561000 0 0 0 0 -100
199651.703000 448700.670000 59.821000 0 0 0 0 -100
199652.079000 448700.771000 59.746000 0 0 0 0 -100
199653.455000 448701.141000 59.803000 0 0 0 0 -100
199705.790000 448715.212000 51.598000 0 0 0 0 -100
199705.905000 448715.241000 52.385000 0 0 0 0 -100
199670.156000 448706.104000 57.165000 0 0 0 0 -100
199670.203000 448706.115000 58.195000 0 0 0 0 -100
199748.922000 448727.274000 51.616000 0 0 0 0 -100
199662.585000 448704.597000 58.997000 0 0 0 0 -100
199662.868000 448704.673000 59.153000 0 0 0 0 -100
199670.009000 448706.594000 57.711000 0 0 0 0 -100
199685.884000 448710.865000 55.767000 0 0 0 0 -100
199698.239000 448714.189000 53.955000 0 0 0 0 -100
199652.421000 448702.284000 59.727000 0 0 0 0 -100
199652.801000 448702.386000 59.673000 0 0 0 0 -100
199660.502000 448704.455000 59.735000 0 0 0 0 -100
199674.885000 448708.328000 56.450000 0 0 0 0 -100
199675.291000 448708.438000 56.290000 0 0 0 0 -100
199721.191000 448720.790000 48.821000 0 0 0 0 -100
199654.031000 448703.034000 59.469000 0 0 0 0 -100
199654.366000 448703.124000 59.407000 0 0 0 0 -100
199654.734000 448703.224000 59.394000 0 0 0 0 -100
199655.145000 448703.334000 59.301000 0 0 0 0 -100
199656.987000 448703.828000 60.197000 0 0 0 0 -100
199662.491000 448705.307000 59.495000 0 0 0 0 -100
199673.910000 448708.382000 56.604000 0 0 0 0 -100
199674.322000 448708.493000 56.522000 0 0 0 0 -100
199684.375000 448711.196000 56.113000 0 0 0 0 -100
199713.053000 448718.914000 50.856000 0 0 0 0 -100
199721.199000 448721.107000 49.199000 0 0 0 0 -100
199729.447000 448723.328000 46.448000 0 0 0 0 -100
199729.623000 448723.374000 46.939000 0 0 0 0 -100
199771.776000 448734.677000 60.185000 0 0 0 0 -100
199647.665000 448701.718000 61.661000 0 0 0 0 -100
199729.292000 448723.689000 46.418000 0 0 0 0 -100
199736.267000 448725.565000 46.511000 0 0 0 0 -100
199740.115000 448726.596000 48.016000 0 0 0 0 -100
199624.669000 448696.019000 64.722000 0 0 0 0 -100
199625.435000 448696.225000 64.471000 0 0 0 0 -100
199625.749000 448696.310000 64.715000 0 0 0 0 -100
199688.092000 448713.091000 54.648000 0 0 0 0 -100
199688.303000 448713.147000 55.107000 0 0 0 0 -100
199706.331000 448718.001000 51.532000 0 0 0 0 -100
199739.951000 448727.047000 47.781000 0 0 0 0 -100
199625.368000 448696.603000 64.820000 0 0 0 0 -100
199625.646000 448696.678000 65.170000 0 0 0 0 -100
199636.511000 448699.602000 63.364000 0 0 0 0 -100
199636.918000 448699.712000 63.231000 0 0 0 0 -100
199691.488000 448714.406000 54.086000 0 0 0 0 -100
199699.093000 448716.454000 52.726000 0 0 0 0 -100
199699.166000 448716.471000 53.752000 0 0 0 0 -100
199770.182000 448735.554000 60.655000 0 0 0 0 -100
199625.255000 448696.895000 64.613000 0 0 0 0 -100
199625.565000 448696.978000 64.877000 0 0 0 0 -100
199638.513000 448700.463000 63.119000 0 0 0 0 -100
199650.315000 448703.642000 60.758000 0 0 0 0 -100
199682.849000 448712.402000 55.966000 0 0 0 0 -100
199685.645000 448713.157000 54.881000 0 0 0 0 -100
199686.777000 448713.462000 54.688000 0 0 0 0 -100
199691.295000 448714.678000 54.112000 0 0 0 0 -100
199714.599000 448720.955000 49.989000 0 0 0 0 -100
199770.142000 448735.873000 60.174000 0 0 0 0 -100
199772.609000 448736.535000 60.604000 0 0 0 0 -100
199654.623000 448705.244000 59.366000 0 0 0 0 -100
199654.890000 448705.315000 59.681000 0 0 0 0 -100
199654.969000 448705.334000 60.593000 0 0 0 0 -100
199657.938000 448706.137000 58.932000 0 0 0 0 -100
199660.650000 448706.865000 59.108000 0 0 0 0 -100
199661.064000 448706.976000 58.979000 0 0 0 0 -100
199754.279000 448732.063000 54.883000 0 0 0 0 -100
199679.526000 448712.479000 56.562000 0 0 0 0 -100
199766.409000 448735.853000 59.313000 0 0 0 0 -100
199635.956000 448701.141000 63.032000 0 0 0 0 -100
199636.688000 448701.338000 62.966000 0 0 0 0 -100
199637.074000 448701.442000 62.839000 0 0 0 0 -100
199684.632000 448714.259000 55.716000 0 0 0 0 -100
199741.201000 448729.500000 48.731000 0 0 0 0 -100
199635.704000 448701.386000 63.185000 0 0 0 0 -100
199636.085000 448701.488000 63.038000 0 0 0 0 -100
199636.417000 448701.578000 63.114000 0 0 0 0 -100
199657.789000 448707.339000 59.430000 0 0 0 0 -100
199657.998000 448707.395000 59.813000 0 0 0 0 -100
199661.312000 448708.286000 59.431000 0 0 0 0 -100
199713.485000 448722.348000 50.152000 0 0 0 0 -100
199635.659000 448701.763000 63.425000 0 0 0 0 -100
199658.279000 448707.862000 58.823000 0 0 0 0 -100
199681.673000 448714.164000 56.345000 0 0 0 0 -100
199683.961000 448714.780000 55.864000 0 0 0 0 -100
199713.556000 448722.760000 49.686000 0 0 0 0 -100
199653.942000 448707.187000 59.423000 0 0 0 0 -100
199716.953000 448724.173000 49.719000 0 0 0 0 -100
199738.913000 448730.086000 48.519000 0 0 0 0 -100
199634.755000 448702.383000 63.679000 0 0 0 0 -100
199635.538000 448702.594000 63.490000 0 0 0 0 -100
199654.834000 448707.799000 59.346000 0 0 0 0 -100
199665.847000 448710.767000 57.792000 0 0 0 0 -100
199633.904000 448702.456000 63.762000 0 0 0 0 -100
199634.277000 448702.557000 63.790000 0 0 0 0 -100
199634.610000 448702.646000 63.788000 0 0 0 0 -100
199653.947000 448707.862000 59.516000 0 0 0 0 -100
199681.021000 448715.161000 55.453000 0 0 0 0 -100
199771.111000 448739.409000 60.854000 0 0 0 0 -100
199626.649000 448700.905000 64.878000 0 0 0 0 -100
199626.975000 448700.992000 64.968000 0 0 0 0 -100
199630.071000 448701.828000 63.791000 0 0 0 0 -100
199630.489000 448701.941000 63.611000 0 0 0 0 -100
199633.263000 448702.687000 63.745000 0 0 0 0 -100
199633.556000 448702.766000 63.818000 0 0 0 0 -100
199633.888000 448702.856000 63.822000 0 0 0 0 -100
199634.245000 448702.952000 63.870000 0 0 0 0 -100
199634.590000 448703.045000 63.789000 0 0 0 0 -100
199654.006000 448708.283000 59.442000 0 0 0 0 -100
199712.658000 448724.099000 49.661000 0 0 0 0 -100
199712.740000 448724.119000 50.635000 0 0 0 0 -100
199738.502000 448731.062000 47.637000 0 0 0 0 -100
199738.616000 448731.091000 48.422000 0 0 0 0 -100
199757.612000 448736.192000 56.367000 0 0 0 0 -100
199770.007000 448739.521000 60.828000 0 0 0 0 -100
199770.116000 448739.549000 61.577000 0 0 0 0 -100
199625.818000 448701.198000 64.056000 0 0 0 0 -100
199626.187000 448701.297000 63.983000 0 0 0 0 -100
199626.540000 448701.392000 64.012000 0 0 0 0 -100
199630.032000 448702.332000 63.998000 0 0 0 0 -100
199630.328000 448702.412000 64.205000 0 0 0 0 -100
199631.211000 448702.650000 63.448000 0 0 0 0 -100
199632.281000 448702.939000 63.316000 0 0 0 0 -100
199632.564000 448703.015000 63.535000 0 0 0 0 -100
199632.886000 448703.101000 63.645000 0 0 0 0 -100
199633.219000 448703.191000 63.715000 0 0 0 0 -100
199635.383000 448703.775000 63.406000 0 0 0 0 -100
199645.734000 448706.567000 61.236000 0 0 0 0 -100
199645.998000 448706.637000 61.529000 0 0 0 0 -100
199651.437000 448708.106000 59.728000 0 0 0 0 -100
199654.479000 448708.925000 60.176000 0 0 0 0 -100
199667.686000 448712.486000 58.289000 0 0 0 0 -100
199676.297000 448714.809000 56.873000 0 0 0 0 -100
199682.067000 448716.363000 56.501000 0 0 0 0 -100
199749.250000 448734.467000 52.733000 0 0 0 0 -100
199623.748000 448701.010000 64.373000 0 0 0 0 -100
199624.152000 448701.118000 64.277000 0 0 0 0 -100
199624.720000 448701.271000 64.784000 0 0 0 0 -100
199629.822000 448702.647000 63.858000 0 0 0 0 -100
199630.034000 448702.703000 64.310000 0 0 0 0 -100
199630.661000 448702.872000 64.522000 0 0 0 0 -100
199630.929000 448702.945000 63.510000 0 0 0 0 -100
199631.304000 448703.046000 63.384000 0 0 0 0 -100
199631.676000 448703.147000 63.305000 0 0 0 0 -100
199632.021000 448703.240000 63.294000 0 0 0 0 -100
199632.389000 448703.339000 63.195000 0 0 0 0 -100
199635.098000 448704.069000 63.582000 0 0 0 0 -100
199635.502000 448704.178000 63.455000 0 0 0 0 -100
199654.429000 448709.286000 59.362000 0 0 0 0 -100
199658.475000 448710.378000 58.856000 0 0 0 0 -100
199658.666000 448710.428000 59.504000 0 0 0 0 -100
199667.664000 448712.855000 57.531000 0 0 0 0 -100
199685.034000 448717.539000 55.388000 0 0 0 0 -100
199712.261000 448724.885000 49.929000 0 0 0 0 -100
199712.367000 448724.912000 50.769000 0 0 0 0 -100
199717.195000 448726.217000 49.365000 0 0 0 0 -100
199771.077000 448740.709000 61.186000 0 0 0 0 -100
199623.481000 448701.241000 65.025000 0 0 0 0 -100
199623.696000 448701.298000 65.545000 0 0 0 0 -100
199624.824000 448701.603000 65.206000 0 0 0 0 -100
199629.722000 448702.925000 63.720000 0 0 0 0 -100
199630.820000 448703.221000 63.511000 0 0 0 0 -100
199631.212000 448703.327000 63.250000 0 0 0 0 -100
199631.612000 448703.435000 63.137000 0 0 0 0 -100
199634.955000 448704.336000 63.639000 0 0 0 0 -100
199635.378000 448704.450000 63.480000 0 0 0 0 -100
199654.291000 448709.555000 59.463000 0 0 0 0 -100
199655.052000 448709.760000 59.250000 0 0 0 0 -100
199665.547000 448712.589000 58.319000 0 0 0 0 -100
199693.278000 448720.070000 53.737000 0 0 0 0 -100
199694.839000 448720.492000 53.417000 0 0 0 0 -100
199714.668000 448725.842000 50.012000 0 0 0 0 -100
199740.429000 448732.786000 48.385000 0 0 0 0 -100
199629.639000 448703.270000 63.988000 0 0 0 0 -100
199635.008000 448704.717000 63.503000 0 0 0 0 -100
199665.538000 448712.955000 58.374000 0 0 0 0 -100
199690.330000 448719.644000 55.036000 0 0 0 0 -100
199717.748000 448727.045000 49.508000 0 0 0 0 -100
199746.028000 448734.661000 52.429000 0 0 0 0 -100
199629.445000 448703.717000 63.883000 0 0 0 0 -100
199629.631000 448703.767000 64.506000 0 0 0 0 -100
199633.706000 448704.866000 63.523000 0 0 0 0 -100
199634.065000 448704.963000 63.567000 0 0 0 0 -100
199634.750000 448705.148000 63.563000 0 0 0 0 -100
199643.265000 448707.446000 61.735000 0 0 0 0 -100
199663.389000 448712.876000 58.748000 0 0 0 0 -100
199714.436000 448726.658000 48.861000 0 0 0 0 -100
199716.690000 448727.264000 49.716000 0 0 0 0 -100
199717.419000 448727.461000 49.582000 0 0 0 0 -100
199726.338000 448729.870000 47.058000 0 0 0 0 -100
199745.991000 448735.159000 51.700000 0 0 0 0 -100
199629.484000 448704.081000 63.745000 0 0 0 0 -100
199629.667000 448704.130000 64.272000 0 0 0 0 -100
199633.664000 448705.208000 63.655000 0 0 0 0 -100
199634.743000 448705.500000 63.458000 0 0 0 0 -100
199647.504000 448708.946000 60.270000 0 0 0 0 -100
199647.573000 448708.963000 61.197000 0 0 0 0 -100
199689.585000 448720.302000 54.495000 0 0 0 0 -100
199629.594000 448704.401000 63.519000 0 0 0 0 -100
199629.679000 448704.423000 64.491000 0 0 0 0 -100
199633.658000 448705.496000 63.689000 0 0 0 0 -100
199684.054000 448719.097000 55.026000 0 0 0 0 -100
199684.146000 448719.120000 55.916000 0 0 0 0 -100
199689.616000 448720.598000 54.399000 0 0 0 0 -100
199702.373000 448724.042000 51.511000 0 0 0 0 -100
199733.457000 448732.428000 47.598000 0 0 0 0 -100
199733.821000 448732.526000 47.738000 0 0 0 0 -100
199629.699000 448704.808000 64.386000 0 0 0 0 -100
199630.040000 448704.901000 64.385000 0 0 0 0 -100
199666.038000 448714.616000 58.225000 0 0 0 0 -100
199681.304000 448718.737000 55.878000 0 0 0 0 -100
199681.610000 448718.817000 56.158000 0 0 0 0 -100
199665.863000 448715.073000 58.398000 0 0 0 0 -100
199671.219000 448716.520000 57.107000 0 0 0 0 -100
199671.391000 448716.565000 57.809000 0 0 0 0 -100
199677.936000 448718.334000 55.920000 0 0 0 0 -100
199689.108000 448721.348000 54.341000 0 0 0 0 -100
199690.881000 448721.826000 54.494000 0 0 0 0 -100
199690.997000 448721.856000 55.327000 0 0 0 0 -100
199734.225000 448733.524000 48.157000 0 0 0 0 -100
199638.330000 448708.007000 61.918000 0 0 0 0 -100
199638.469000 448708.043000 62.604000 0 0 0 0 -100
199650.763000 448711.363000 59.900000 0 0 0 0 -100
199650.808000 448711.373000 60.943000 0 0 0 0 -100
199690.911000 448722.197000 54.753000 0 0 0 0 -100
199704.258000 448725.803000 51.145000 0 0 0 0 -100
199733.998000 448733.827000 48.062000 0 0 0 0 -100
199735.265000 448734.169000 47.579000 0 0 0 0 -100
199735.438000 448734.215000 48.102000 0 0 0 0 -100
199754.118000 448739.238000 55.827000 0 0 0 0 -100
199758.766000 448740.486000 58.398000 0 0 0 0 -100
199632.961000 448706.852000 63.777000 0 0 0 0 -100
199638.343000 448708.307000 61.793000 0 0 0 0 -100
199638.366000 448708.311000 62.874000 0 0 0 0 -100
199639.799000 448708.700000 61.521000 0 0 0 0 -100
199650.886000 448711.690000 60.693000 0 0 0 0 -100
199651.631000 448711.891000 60.462000 0 0 0 0 -100
199672.410000 448717.499000 56.882000 0 0 0 0 -100
199672.668000 448717.568000 57.257000 0 0 0 0 -100
199672.889000 448717.627000 57.757000 0 0 0 0 -100
199680.362000 448719.644000 56.719000 0 0 0 0 -100
199692.746000 448722.988000 53.625000 0 0 0 0 -100
199706.850000 448726.795000 50.938000 0 0 0 0 -100
199713.961000 448728.716000 49.167000 0 0 0 0 -100
199735.192000 448734.441000 47.913000 0 0 0 0 -100
199754.780000 448739.707000 56.176000 0 0 0 0 -100
199758.920000 448740.820000 58.081000 0 0 0 0 -100
199646.422000 448710.852000 60.424000 0 0 0 0 -100
199672.092000 448717.779000 56.879000 0 0 0 0 -100
199672.343000 448717.847000 57.145000 0 0 0 0 -100
199672.537000 448717.898000 57.803000 0 0 0 0 -100
199709.056000 448727.759000 49.823000 0 0 0 0 -100
199713.943000 448729.077000 49.351000 0 0 0 0 -100
199748.955000 448738.506000 54.862000 0 0 0 0 -100
199759.493000 448741.341000 58.430000 0 0 0 0 -100
199759.575000 448741.362000 59.298000 0 0 0 0 -100
199626.697000 448706.030000 63.630000 0 0 0 0 -100
199632.600000 448707.621000 63.617000 0 0 0 0 -100
199638.658000 448709.258000 61.916000 0 0 0 0 -100
199638.750000 448709.281000 62.740000 0 0 0 0 -100
199644.939000 448710.952000 61.837000 0 0 0 0 -100
199668.315000 448717.263000 57.525000 0 0 0 0 -100
199672.423000 448718.372000 56.855000 0 0 0 0 -100
199672.601000 448718.419000 57.566000 0 0 0 0 -100
199672.912000 448718.502000 57.697000 0 0 0 0 -100
199708.660000 448728.158000 49.773000 0 0 0 0 -100
199733.009000 448734.726000 47.683000 0 0 0 0 -100
199733.205000 448734.780000 47.102000 0 0 0 0 -100
199757.279000 448741.254000 57.213000 0 0 0 0 -100
199645.094000 448711.379000 60.689000 0 0 0 0 -100
199668.188000 448717.614000 57.468000 0 0 0 0 -100
199676.767000 448719.928000 57.292000 0 0 0 0 -100
199684.002000 448721.882000 55.746000 0 0 0 0 -100
199707.326000 448728.183000 49.992000 0 0 0 0 -100
199715.484000 448730.385000 49.448000 0 0 0 0 -100
199757.740000 448741.765000 57.618000 0 0 0 0 -100
199653.247000 448713.901000 60.286000 0 0 0 0 -100
199737.408000 448736.617000 49.340000 0 0 0 0 -100
199755.408000 448741.459000 56.830000 0 0 0 0 -100
199757.339000 448741.979000 57.661000 0 0 0 0 -100
199757.349000 448741.979000 58.677000 0 0 0 0 -100
199657.058000 448715.337000 58.995000 0 0 0 0 -100
199673.302000 448719.722000 56.689000 0 0 0 0 -100
199676.694000 448720.636000 57.194000 0 0 0 0 -100
199700.256000 448726.999000 52.623000 0 0 0 0 -100
199702.542000 448727.616000 52.243000 0 0 0 0 -100
199656.732000 448715.778000 59.342000 0 0 0 0 -100
199656.911000 448715.825000 59.966000 0 0 0 0 -100
199668.709000 448719.010000 58.299000 0 0 0 0 -100
199679.414000 448721.904000 55.647000 0 0 0 0 -100
199679.467000 448721.915000 56.674000 0 0 0 0 -100
199689.873000 448724.727000 54.098000 0 0 0 0 -100
199764.928000 448744.961000 61.325000 0 0 0 0 -100
199659.868000 448716.996000 58.602000 0 0 0 0 -100
199663.998000 448718.112000 57.854000 0 0 0 0 -100
199724.566000 448734.473000 46.672000 0 0 0 0 -100
199764.914000 448745.332000 60.703000 0 0 0 0 -100
199765.146000 448745.394000 61.091000 0 0 0 0 -100
199623.901000 448707.642000 64.497000 0 0 0 0 -100
199624.040000 448707.678000 65.384000 0 0 0 0 -100
199692.166000 448726.075000 53.665000 0 0 0 0 -100
199692.447000 448726.150000 53.896000 0 0 0 0 -100
199700.468000 448728.318000 51.447000 0 0 0 0 -100
199701.940000 448728.716000 51.277000 0 0 0 0 -100
199702.537000 448728.877000 51.571000 0 0 0 0 -100
199693.679000 448726.874000 53.442000 0 0 0 0 -100
199693.854000 448726.920000 54.080000 0 0 0 0 -100
199699.394000 448728.417000 52.531000 0 0 0 0 -100
199699.678000 448728.495000 51.622000 0 0 0 0 -100
199700.066000 448728.600000 51.454000 0 0 0 0 -100
199700.411000 448728.693000 51.451000 0 0 0 0 -100
199702.632000 448729.294000 51.186000 0 0 0 0 -100
199722.544000 448734.672000 47.021000 0 0 0 0 -100
199682.176000 448724.271000 55.298000 0 0 0 0 -100
199683.891000 448724.734000 55.524000 0 0 0 0 -100
199686.856000 448725.535000 55.078000 0 0 0 0 -100
199696.720000 448728.201000 52.311000 0 0 0 0 -100
199697.052000 448728.291000 52.317000 0 0 0 0 -100
199698.717000 448728.739000 52.653000 0 0 0 0 -100
199699.213000 448728.873000 52.324000 0 0 0 0 -100
199703.326000 448729.987000 50.612000 0 0 0 0 -100
199736.491000 448738.937000 49.332000 0 0 0 0 -100
199650.359000 448716.066000 60.000000 0 0 0 0 -100
199683.288000 448724.960000 55.179000 0 0 0 0 -100
199683.656000 448725.060000 55.092000 0 0 0 0 -100
199695.895000 448728.367000 52.513000 0 0 0 0 -100
199739.506000 448740.139000 50.323000 0 0 0 0 -100
199749.666000 448742.872000 54.977000 0 0 0 0 -100
199768.905000 448748.050000 61.987000 0 0 0 0 -100
199686.140000 448726.062000 55.688000 0 0 0 0 -100
199701.293000 448730.157000 52.049000 0 0 0 0 -100
199706.029000 448731.437000 50.919000 0 0 0 0 -100
199708.722000 448732.165000 50.313000 0 0 0 0 -100
199733.305000 448738.800000 48.583000 0 0 0 0 -100
199733.650000 448738.893000 48.716000 0 0 0 0 -100
199733.965000 448738.978000 48.822000 0 0 0 0 -100
199758.220000 448745.506000 58.496000 0 0 0 0 -100
199686.539000 448726.583000 55.890000 0 0 0 0 -100
199692.249000 448728.127000 53.591000 0 0 0 0 -100
199699.307000 448730.035000 51.703000 0 0 0 0 -100
199699.630000 448730.123000 51.770000 0 0 0 0 -100
199706.277000 448731.920000 50.139000 0 0 0 0 -100
199732.298000 448738.944000 48.569000 0 0 0 0 -100
199733.006000 448739.135000 48.607000 0 0 0 0 -100
199733.432000 448739.250000 48.532000 0 0 0 0 -100
199647.091000 448716.479000 61.621000 0 0 0 0 -100
199674.290000 448723.827000 57.690000 0 0 0 0 -100
199702.155000 448731.360000 51.016000 0 0 0 0 -100
199727.432000 448738.191000 46.952000 0 0 0 0 -100
199727.756000 448738.278000 47.030000 0 0 0 0 -100
199732.033000 448739.428000 48.536000 0 0 0 0 -100
199732.471000 448739.547000 48.276000 0 0 0 0 -100
199733.148000 448739.729000 48.406000 0 0 0 0 -100
199733.422000 448739.803000 48.751000 0 0 0 0 -100
199744.581000 448742.806000 53.765000 0 0 0 0 -100
199627.191000 448711.480000 64.144000 0 0 0 0 -100
199646.569000 448716.717000 60.615000 0 0 0 0 -100
199646.772000 448716.771000 61.267000 0 0 0 0 -100
199664.857000 448721.657000 58.468000 0 0 0 0 -100
199665.127000 448721.730000 58.671000 0 0 0 0 -100
199727.332000 448738.544000 46.999000 0 0 0 0 -100
199727.697000 448738.642000 47.014000 0 0 0 0 -100
199733.670000 448740.250000 48.952000 0 0 0 0 -100
199744.206000 448743.087000 53.587000 0 0 0 0 -100
199646.724000 448717.089000 60.584000 0 0 0 0 -100
199646.967000 448717.154000 60.953000 0 0 0 0 -100
199664.449000 448721.876000 58.756000 0 0 0 0 -100
199664.740000 448721.954000 58.951000 0 0 0 0 -100
199706.210000 448733.164000 50.668000 0 0 0 0 -100
199739.217000 448742.073000 51.101000 0 0 0 0 -100
199740.641000 448742.457000 51.188000 0 0 0 0 -100
199761.146000 448747.976000 60.013000 0 0 0 0 -100
199664.169000 448722.196000 58.997000 0 0 0 0 -100
199664.608000 448722.315000 58.813000 0 0 0 0 -100
199633.257000 448714.350000 62.402000 0 0 0 0 -100
199652.845000 448719.643000 59.683000 0 0 0 0 -100
199653.022000 448719.690000 60.422000 0 0 0 0 -100
199684.035000 448728.073000 54.843000 0 0 0 0 -100
199699.055000 448732.135000 51.499000 0 0 0 0 -100
199699.151000 448732.158000 52.386000 0 0 0 0 -100
199699.512000 448732.258000 51.233000 0 0 0 0 -100
199652.727000 448719.977000 59.628000 0 0 0 0 -100
199699.036000 448732.492000 52.251000 0 0 0 0 -100
199698.905000 448732.762000 52.209000 0 0 0 0 -100
199699.262000 448732.860000 51.067000 0 0 0 0 -100
199760.810000 448749.459000 60.946000 0 0 0 0 -100
199666.109000 448724.284000 57.654000 0 0 0 0 -100
199666.263000 448724.324000 58.391000 0 0 0 0 -100
199720.390000 448738.959000 46.994000 0 0 0 0 -100
199720.493000 448738.985000 47.745000 0 0 0 0 -100
199738.961000 448743.966000 50.556000 0 0 0 0 -100
199745.915000 448745.838000 53.936000 0 0 0 0 -100
199630.054000 448715.051000 63.071000 0 0 0 0 -100
199652.332000 448721.073000 59.641000 0 0 0 0 -100
199666.011000 448724.768000 58.492000 0 0 0 0 -100
199670.415000 448725.958000 57.913000 0 0 0 0 -100
199683.822000 448729.582000 56.007000 0 0 0 0 -100
199670.289000 448726.307000 57.477000 0 0 0 0 -100
199683.447000 448729.865000 55.147000 0 0 0 0 -100
199683.628000 448729.913000 55.775000 0 0 0 0 -100
199746.722000 448746.952000 54.478000 0 0 0 0 -100
199683.320000 448730.153000 55.106000 0 0 0 0 -100
199683.421000 448730.178000 55.870000 0 0 0 0 -100
199739.984000 448745.459000 51.165000 0 0 0 0 -100
199638.370000 448718.398000 62.284000 0 0 0 0 -100
199660.545000 448724.886000 59.094000 0 0 0 0 -100
199668.526000 448727.046000 57.331000 0 0 0 0 -100
199727.052000 448742.869000 47.386000 0 0 0 0 -100
199727.161000 448742.897000 48.172000 0 0 0 0 -100
199736.534000 448745.423000 50.872000 0 0 0 0 -100
199645.658000 448721.233000 60.593000 0 0 0 0 -100
199636.157000 448718.978000 62.885000 0 0 0 0 -100
199630.930000 448717.975000 63.850000 0 0 0 0 -100
199623.531000 448716.506000 64.490000 0 0 0 0 -100
199623.953000 448716.621000 64.285000 0 0 0 0 -100
199642.154000 448721.542000 61.102000 0 0 0 0 -100
199662.628000 448727.077000 58.238000 0 0 0 0 -100
199690.509000 448734.619000 53.105000 0 0 0 0 -100
199701.639000 448737.632000 49.769000 0 0 0 0 -100
199624.346000 448717.113000 64.091000 0 0 0 0 -100
199654.492000 448725.264000 59.678000 0 0 0 0 -100
199676.639000 448731.252000 56.441000 0 0 0 0 -100
199694.026000 448735.956000 52.170000 0 0 0 0 -100
199697.302000 448736.844000 50.826000 0 0 0 0 -100
199698.021000 448737.038000 50.792000 0 0 0 0 -100
199723.925000 448744.039000 48.142000 0 0 0 0 -100
199624.395000 448717.430000 64.727000 0 0 0 0 -100
199655.716000 448725.899000 60.128000 0 0 0 0 -100
199684.623000 448733.716000 54.488000 0 0 0 0 -100
199697.263000 448737.137000 50.691000 0 0 0 0 -100
199723.695000 448744.282000 47.412000 0 0 0 0 -100
199623.440000 448717.550000 64.468000 0 0 0 0 -100
199700.836000 448738.482000 49.843000 0 0 0 0 -100
199723.860000 448744.705000 47.151000 0 0 0 0 -100
199729.871000 448746.324000 48.723000 0 0 0 0 -100
199667.330000 448729.908000 57.376000 0 0 0 0 -100
199697.216000 448737.995000 50.752000 0 0 0 0 -100
199697.744000 448738.136000 51.332000 0 0 0 0 -100
199708.048000 448740.926000 48.475000 0 0 0 0 -100
199709.019000 448741.190000 47.667000 0 0 0 0 -100
199729.827000 448746.808000 48.593000 0 0 0 0 -100
199729.991000 448746.851000 49.210000 0 0 0 0 -100
199650.123000 448725.630000 60.047000 0 0 0 0 -100
199650.230000 448725.657000 61.005000 0 0 0 0 -100
199697.449000 448738.432000 51.412000 0 0 0 0 -100
199697.843000 448738.541000 50.148000 0 0 0 0 -100
199729.906000 448747.205000 48.669000 0 0 0 0 -100
199647.899000 448725.346000 60.085000 0 0 0 0 -100
199648.136000 448725.409000 60.509000 0 0 0 0 -100
199649.897000 448725.886000 60.304000 0 0 0 0 -100
199696.966000 448738.618000 51.385000 0 0 0 0 -100
199697.313000 448738.712000 51.280000 0 0 0 0 -100
199729.954000 448747.536000 48.169000 0 0 0 0 -100
199634.910000 448722.251000 62.854000 0 0 0 0 -100
199647.852000 448725.753000 60.111000 0 0 0 0 -100
199701.344000 448740.226000 48.938000 0 0 0 0 -100
199634.645000 448722.705000 62.007000 0 0 0 0 -100
199634.834000 448722.755000 62.580000 0 0 0 0 -100
199640.175000 448724.201000 60.897000 0 0 0 0 -100
199648.456000 448726.441000 60.016000 0 0 0 0 -100
199649.460000 448726.712000 60.231000 0 0 0 0 -100
199649.549000 448726.734000 61.083000 0 0 0 0 -100
199668.386000 448731.832000 56.965000 0 0 0 0 -100
199707.481000 448742.413000 48.509000 0 0 0 0 -100
199733.371000 448749.405000 50.627000 0 0 0 0 -100
199648.452000 448726.805000 60.082000 0 0 0 0 -100
199684.569000 448736.576000 54.131000 0 0 0 0 -100
199733.283000 448749.746000 49.955000 0 0 0 0 -100
199701.828000 448741.539000 48.609000 0 0 0 0 -100
199701.816000 448741.533000 49.779000 0 0 0 0 -100
199705.679000 448742.579000 48.989000 0 0 0 0 -100
199647.230000 448727.159000 60.095000 0 0 0 0 -100
199661.888000 448731.122000 58.066000 0 0 0 0 -100
199705.519000 448742.931000 48.530000 0 0 0 0 -100
199705.756000 448742.994000 48.845000 0 0 0 0 -100
199647.082000 448727.618000 60.011000 0 0 0 0 -100
199647.219000 448727.654000 60.762000 0 0 0 0 -100
199648.514000 448728.005000 59.891000 0 0 0 0 -100
199666.902000 448732.980000 57.127000 0 0 0 0 -100
199705.609000 448743.458000 48.694000 0 0 0 0 -100
199660.192000 448731.549000 58.644000 0 0 0 0 -100
199660.362000 448731.594000 59.261000 0 0 0 0 -100
199681.225000 448737.241000 55.940000 0 0 0 0 -100
199623.775000 448722.006000 63.053000 0 0 0 0 -100
199636.011000 448725.315000 62.718000 0 0 0 0 -100
199637.069000 448725.601000 62.573000 0 0 0 0 -100
199660.035000 448731.816000 58.220000 0 0 0 0 -100
199660.150000 448731.846000 59.062000 0 0 0 0 -100
199719.796000 448747.990000 47.985000 0 0 0 0 -100
199668.158000 448734.413000 56.893000 0 0 0 0 -100
199700.501000 448743.170000 49.321000 0 0 0 0 -100
199634.638000 448725.864000 62.687000 0 0 0 0 -100
199634.995000 448725.961000 62.666000 0 0 0 0 -100
199693.902000 448741.910000 50.952000 0 0 0 0 -100
199694.292000 448742.015000 50.963000 0 0 0 0 -100
199702.122000 448744.136000 48.935000 0 0 0 0 -100
199634.313000 448726.192000 62.669000 0 0 0 0 -100
199634.672000 448726.290000 62.640000 0 0 0 0 -100
199635.026000 448726.385000 62.633000 0 0 0 0 -100
199693.939000 448742.335000 50.817000 0 0 0 0 -100
199694.327000 448742.440000 50.771000 0 0 0 0 -100
199701.337000 448744.339000 49.033000 0 0 0 0 -100
199701.681000 448744.432000 49.037000 0 0 0 0 -100
199712.036000 448747.234000 47.310000 0 0 0 0 -100
199712.373000 448747.325000 47.312000 0 0 0 0 -100
199632.020000 448725.867000 62.778000 0 0 0 0 -100
199633.786000 448726.345000 62.749000 0 0 0 0 -100
199634.105000 448726.431000 62.833000 0 0 0 0 -100
199634.470000 448726.530000 62.715000 0 0 0 0 -100
199700.793000 448744.485000 49.094000 0 0 0 0 -100
199701.111000 448744.571000 49.247000 0 0 0 0 -100
199701.460000 448744.665000 49.234000 0 0 0 0 -100
199701.870000 448744.776000 49.122000 0 0 0 0 -100
199711.108000 448747.276000 47.385000 0 0 0 0 -100
199647.777000 448730.558000 60.039000 0 0 0 0 -100
199711.495000 448747.805000 47.271000 0 0 0 0 -100
199626.345000 448725.240000 63.420000 0 0 0 0 -100
199679.303000 448739.575000 55.335000 0 0 0 0 -100
199697.771000 448744.579000 49.773000 0 0 0 0 -100
199649.505000 448731.880000 59.545000 0 0 0 0 -100
199649.638000 448731.914000 60.343000 0 0 0 0 -100
199649.929000 448731.992000 60.571000 0 0 0 0 -100
199657.851000 448734.138000 58.455000 0 0 0 0 -100
199697.509000 448744.878000 49.875000 0 0 0 0 -100
199697.833000 448744.965000 49.910000 0 0 0 0 -100
199699.905000 448745.526000 49.176000 0 0 0 0 -100
199644.042000 448730.711000 60.739000 0 0 0 0 -100
199644.323000 448730.786000 60.971000 0 0 0 0 -100
199649.414000 448732.165000 60.309000 0 0 0 0 -100
199649.802000 448732.270000 60.154000 0 0 0 0 -100
199657.506000 448734.355000 58.949000 0 0 0 0 -100
199671.406000 448738.117000 56.362000 0 0 0 0 -100
199671.546000 448738.154000 56.972000 0 0 0 0 -100
199657.770000 448734.845000 59.334000 0 0 0 0 -100
199671.779000 448738.638000 56.177000 0 0 0 0 -100
199682.021000 448741.413000 54.039000 0 0 0 0 -100
199682.078000 448741.425000 54.986000 0 0 0 0 -100
199623.702000 448726.587000 63.089000 0 0 0 0 -100
199633.942000 448729.359000 62.427000 0 0 0 0 -100
199623.631000 448726.873000 63.161000 0 0 0 0 -100
199687.837000 448744.263000 51.682000 0 0 0 0 -100
199624.871000 448727.617000 63.286000 0 0 0 0 -100
199626.524000 448728.569000 62.081000 0 0 0 0 -100
199692.521000 448746.446000 49.706000 0 0 0 0 -100
199692.744000 448746.505000 50.193000 0 0 0 0 -100
199693.559000 448746.726000 49.877000 0 0 0 0 -100
199627.157000 448729.115000 62.658000 0 0 0 0 -100
199660.827000 448738.233000 57.423000 0 0 0 0 -100
199692.307000 448746.765000 49.698000 0 0 0 0 -100
199660.526000 448738.443000 57.437000 0 0 0 0 -100
199660.902000 448738.544000 57.435000 0 0 0 0 -100
199661.256000 448738.640000 57.412000 0 0 0 0 -100
199661.312000 448738.654000 58.430000 0 0 0 0 -100
199700.607000 448749.303000 48.619000 0 0 0 0 -100
199660.582000 448738.852000 57.391000 0 0 0 0 -100
199660.888000 448738.935000 57.569000 0 0 0 0 -100
199661.087000 448738.987000 58.120000 0 0 0 0 -100
199625.267000 448729.793000 62.800000 0 0 0 0 -100
199643.513000 448734.736000 59.700000 0 0 0 0 -100
199624.521000 448729.990000 62.647000 0 0 0 0 -100
199660.621000 448739.769000 57.279000 0 0 0 0 -100
199694.609000 448748.981000 49.734000 0 0 0 0 -100
199695.530000 448749.232000 49.048000 0 0 0 0 -100
199689.513000 448747.917000 50.760000 0 0 0 0 -100
199624.166000 448730.601000 62.556000 0 0 0 0 -100
199675.064000 448744.389000 55.253000 0 0 0 0 -100
199689.336000 448748.260000 50.475000 0 0 0 0 -100
199645.983000 448737.023000 60.059000 0 0 0 0 -100
199633.771000 448734.095000 60.272000 0 0 0 0 -100
199634.135000 448734.193000 60.227000 0 0 0 0 -100
199679.215000 448746.409000 53.018000 0 0 0 0 -100
199680.167000 448746.665000 53.353000 0 0 0 0 -100
199626.543000 448732.421000 60.887000 0 0 0 0 -100
199650.928000 448739.024000 58.657000 0 0 0 0 -100
199667.293000 448743.835000 55.526000 0 0 0 0 -100
199630.196000 448734.292000 61.195000 0 0 0 0 -100
199665.536000 448743.865000 56.578000 0 0 0 0 -100
199667.305000 448744.347000 55.315000 0 0 0 0 -100
199630.037000 448734.655000 61.459000 0 0 0 0 -100
199655.130000 448741.454000 57.850000 0 0 0 0 -100
199658.991000 448742.502000 56.733000 0 0 0 0 -100
199659.349000 448742.598000 56.727000 0 0 0 0 -100
199628.368000 448734.544000 60.663000 0 0 0 0 -100
199655.449000 448741.879000 57.408000 0 0 0 0 -100
199656.514000 448742.168000 57.319000 0 0 0 0 -100
199682.681000 448749.261000 51.663000 0 0 0 0 -100
199654.883000 448742.135000 57.544000 0 0 0 0 -100
199655.918000 448742.414000 57.796000 0 0 0 0 -100
199661.333000 448743.880000 57.223000 0 0 0 0 -100
199637.839000 448738.030000 59.233000 0 0 0 0 -100
199649.473000 448741.182000 57.778000 0 0 0 0 -100
199655.191000 448742.731000 57.364000 0 0 0 0 -100
199655.500000 448742.815000 57.530000 0 0 0 0 -100
199659.674000 448743.946000 56.572000 0 0 0 0 -100
199660.812000 448744.254000 56.203000 0 0 0 0 -100
199660.990000 448744.301000 56.896000 0 0 0 0 -100
199672.924000 448747.539000 53.606000 0 0 0 0 -100
199637.394000 448738.273000 59.254000 0 0 0 0 -100
199637.577000 448738.322000 59.847000 0 0 0 0 -100
199654.367000 448742.871000 57.587000 0 0 0 0 -100
199654.866000 448743.007000 57.112000 0 0 0 0 -100
199655.278000 448743.119000 56.880000 0 0 0 0 -100
199655.750000 448743.245000 57.768000 0 0 0 0 -100
199659.527000 448744.270000 56.678000 0 0 0 0 -100
199637.597000 448738.640000 59.883000 0 0 0 0 -100
199649.545000 448741.877000 58.619000 0 0 0 0 -100
199654.020000 448743.089000 57.659000 0 0 0 0 -100
199654.628000 448743.255000 56.864000 0 0 0 0 -100
199654.764000 448743.290000 57.613000 0 0 0 0 -100
199655.492000 448743.488000 57.453000 0 0 0 0 -100
199659.135000 448744.475000 56.904000 0 0 0 0 -100
199670.312000 448747.506000 53.733000 0 0 0 0 -100
199654.756000 448743.665000 57.402000 0 0 0 0 -100
199655.389000 448743.838000 56.387000 0 0 0 0 -100
199655.629000 448743.903000 56.730000 0 0 0 0 -100
199659.069000 448744.836000 55.851000 0 0 0 0 -100
199663.597000 448746.594000 55.902000 0 0 0 0 -100
199648.543000 448742.926000 58.057000 0 0 0 0 -100
199642.198000 448741.541000 57.752000 0 0 0 0 -100
199648.466000 448743.238000 57.917000 0 0 0 0 -100
199650.244000 448743.719000 57.767000 0 0 0 0 -100
199659.635000 448746.265000 55.900000 0 0 0 0 -100
199663.898000 448747.422000 54.442000 0 0 0 0 -100
199664.843000 448747.678000 54.887000 0 0 0 0 -100
199642.113000 448741.924000 57.837000 0 0 0 0 -100
199658.092000 448746.256000 55.947000 0 0 0 0 -100
199659.188000 448746.553000 55.795000 0 0 0 0 -100
199637.677000 448741.246000 58.347000 0 0 0 0 -100
199658.064000 448746.773000 55.826000 0 0 0 0 -100
199658.393000 448746.861000 56.030000 0 0 0 0 -100
199658.737000 448746.955000 55.973000 0 0 0 0 -100
199658.093000 448747.136000 55.251000 0 0 0 0 -100
199658.295000 448747.189000 55.798000 0 0 0 0 -100
199662.367000 448748.292000 55.263000 0 0 0 0 -100
199663.803000 448749.011000 53.837000 0 0 0 0 -100
199658.646000 448748.012000 55.320000 0 0 0 0 -100
199658.962000 448748.098000 55.463000 0 0 0 0 -100
199660.714000 448748.573000 54.330000 0 0 0 0 -100
199628.905000 448740.493000 58.358000 0 0 0 0 -100
199649.199000 448745.994000 55.861000 0 0 0 0 -100
199649.451000 448746.062000 56.234000 0 0 0 0 -100
199649.890000 448746.182000 55.933000 0 0 0 0 -100
199650.266000 448746.283000 55.825000 0 0 0 0 -100
199657.961000 448748.370000 54.900000 0 0 0 0 -100
199628.793000 448740.873000 58.234000 0 0 0 0 -100
199640.341000 448744.003000 56.869000 0 0 0 0 -100
199640.723000 448744.105000 56.873000 0 0 0 0 -100
199647.738000 448746.007000 56.799000 0 0 0 0 -100
199648.183000 448746.128000 56.541000 0 0 0 0 -100
199648.701000 448746.270000 55.921000 0 0 0 0 -100
199648.969000 448746.342000 56.098000 0 0 0 0 -100
199649.281000 448746.427000 56.251000 0 0 0 0 -100
199649.631000 448746.521000 56.274000 0 0 0 0 -100
199649.961000 448746.611000 56.363000 0 0 0 0 -100
199650.275000 448746.694000 56.515000 0 0 0 0 -100
199650.651000 448746.797000 56.439000 0 0 0 0 -100
199660.672000 448749.514000 54.632000 0 0 0 0 -100
199628.576000 448741.141000 58.557000 0 0 0 0 -100
199640.208000 448744.295000 56.794000 0 0 0 0 -100
199648.852000 448746.638000 55.933000 0 0 0 0 -100
199649.109000 448746.707000 56.184000 0 0 0 0 -100
199649.456000 448746.801000 56.286000 0 0 0 0 -100
199649.788000 448746.891000 56.403000 0 0 0 0 -100
199650.092000 448746.972000 56.589000 0 0 0 0 -100
199650.452000 448747.070000 56.641000 0 0 0 0 -100
199660.521000 448749.801000 54.456000 0 0 0 0 -100
199628.431000 448741.471000 58.776000 0 0 0 0 -100
199647.635000 448748.784000 55.559000 0 0 0 0 -100
199647.962000 448748.872000 55.664000 0 0 0 0 -100
199648.662000 448749.062000 55.737000 0 0 0 0 -100
199645.784000 448748.669000 55.146000 0 0 0 0 -100
199648.180000 448749.318000 55.406000 0 0 0 0 -100
199648.510000 448749.408000 55.565000 0 0 0 0 -100
199645.648000 448749.360000 55.018000 0 0 0 0 -100
199645.066000 448749.719000 55.389000 0 0 0 0 -100
199645.489000 448749.835000 55.000000 0 0 0 0 -100
199625.587000 448748.710000 55.557000 0 0 0 0 -100
199625.878000 448748.788000 55.686000 0 0 0 0 -100
199626.296000 448748.902000 55.542000 0 0 0 0 -100
199652.970000 448749.100000 54.428000 0 0 0 0 -100
199657.301000 448748.698000 55.490000 0 0 0 0 -100
199650.603000 448746.777000 56.337000 0 0 0 0 -100
199658.845000 448748.368000 55.329000 0 0 0 0 -100
199650.407000 448746.311000 55.914000 0 0 0 0 -100
199658.983000 448748.076000 55.454000 0 0 0 0 -100
199658.423000 448747.939000 55.278000 0 0 0 0 -100
199658.974000 448747.809000 55.334000 0 0 0 0 -100
199658.693000 448747.741000 55.621000 0 0 0 0 -100
199658.194000 448747.262000 55.039000 0 0 0 0 -100
199658.225000 448747.271000 55.913000 0 0 0 0 -100
199658.652000 448746.928000 55.953000 0 0 0 0 -100
199658.207000 448746.820000 55.901000 0 0 0 0 -100
199668.611000 448749.049000 53.277000 0 0 0 0 -100
199661.944000 448747.424000 54.649000 0 0 0 0 -100
199661.527000 448747.323000 54.710000 0 0 0 0 -100
199659.096000 448746.731000 55.764000 0 0 0 0 -100
199658.388000 448746.559000 56.051000 0 0 0 0 -100
199657.861000 448746.430000 55.871000 0 0 0 0 -100
199657.910000 448746.247000 55.950000 0 0 0 0 -100
199657.942000 448745.948000 55.944000 0 0 0 0 -100
199664.607000 448747.134000 54.367000 0 0 0 0 -100
199664.392000 448746.781000 54.621000 0 0 0 0 -100
199658.445000 448745.332000 55.724000 0 0 0 0 -100
199676.444000 448748.477000 52.575000 0 0 0 0 -100
199670.861000 448747.117000 54.049000 0 0 0 0 -100
199657.342000 448743.628000 56.468000 0 0 0 0 -100
199682.526000 448749.013000 51.537000 0 0 0 0 -100
199660.986000 448743.765000 56.331000 0 0 0 0 -100
199678.828000 448747.791000 52.496000 0 0 0 0 -100
199673.493000 448746.491000 53.892000 0 0 0 0 -100
199655.857000 448742.193000 57.146000 0 0 0 0 -100
199665.634000 448744.004000 56.258000 0 0 0 0 -100
199656.423000 448741.758000 57.687000 0 0 0 0 -100
199668.469000 448744.254000 55.281000 0 0 0 0 -100
199667.424000 448743.724000 55.515000 0 0 0 0 -100
199667.090000 448743.643000 55.639000 0 0 0 0 -100
199679.142000 448746.384000 53.075000 0 0 0 0 -100
199679.411000 448746.167000 53.087000 0 0 0 0 -100
199679.911000 448745.866000 53.090000 0 0 0 0 -100
199675.040000 448744.681000 55.314000 0 0 0 0 -100
199680.360000 448745.662000 53.080000 0 0 0 0 -100
199653.169000 448739.035000 57.984000 0 0 0 0 -100
199695.834000 448749.174000 48.367000 0 0 0 0 -100
199695.652000 448749.131000 48.910000 0 0 0 0 -100
199681.192000 448745.280000 53.035000 0 0 0 0 -100
199684.696000 448745.371000 51.734000 0 0 0 0 -100
199681.961000 448744.706000 52.905000 0 0 0 0 -100
199681.425000 448744.576000 53.567000 0 0 0 0 -100
199654.709000 448738.064000 58.360000 0 0 0 0 -100
199651.966000 448737.394000 58.245000 0 0 0 0 -100
199686.264000 448745.537000 51.434000 0 0 0 0 -100
199654.975000 448737.915000 58.885000 0 0 0 0 -100
199700.775000 448748.784000 47.547000 0 0 0 0 -100
199692.139000 448746.681000 49.724000 0 0 0 0 -100
199654.944000 448737.618000 58.230000 0 0 0 0 -100
199686.893000 448744.963000 51.492000 0 0 0 0 -100
199686.383000 448744.838000 51.366000 0 0 0 0 -100
199686.958000 448744.700000 51.473000 0 0 0 0 -100
199686.406000 448744.564000 51.313000 0 0 0 0 -100
199676.672000 448742.195000 54.707000 0 0 0 0 -100
199669.221000 448740.379000 56.151000 0 0 0 0 -100
199664.882000 448739.322000 56.809000 0 0 0 0 -100
199686.941000 448744.447000 51.403000 0 0 0 0 -100
199698.553000 448746.943000 49.182000 0 0 0 0 -100
199703.553000 448747.705000 47.498000 0 0 0 0 -100
199703.428000 448747.675000 48.017000 0 0 0 0 -100
199703.348000 448747.362000 47.427000 0 0 0 0 -100
199703.546000 448747.412000 48.574000 0 0 0 0 -100
199704.778000 448747.235000 47.462000 0 0 0 0 -100
199677.268000 448740.534000 55.899000 0 0 0 0 -100
199662.963000 448737.045000 57.319000 0 0 0 0 -100
199700.274000 448745.688000 48.194000 0 0 0 0 -100
199700.179000 448745.666000 48.882000 0 0 0 0 -100
199681.933000 448741.220000 54.020000 0 0 0 0 -100
199675.524000 448739.658000 55.553000 0 0 0 0 -100
199688.290000 448742.480000 51.775000 0 0 0 0 -100
199671.872000 448738.479000 56.338000 0 0 0 0 -100
199671.963000 448738.258000 56.303000 0 0 0 0 -100
199679.529000 448739.783000 54.864000 0 0 0 0 -100
199679.593000 448739.800000 55.857000 0 0 0 0 -100
199671.782000 448737.893000 56.412000 0 0 0 0 -100
199662.065000 448735.524000 57.678000 0 0 0 0 -100
199657.828000 448734.493000 59.446000 0 0 0 0 -100
199656.791000 448734.238000 58.389000 0 0 0 0 -100
199656.420000 448734.147000 58.468000 0 0 0 0 -100
199701.383000 448744.660000 49.097000 0 0 0 0 -100
199694.002000 448742.862000 51.209000 0 0 0 0 -100
199693.649000 448742.776000 51.312000 0 0 0 0 -100
199679.368000 448739.296000 55.060000 0 0 0 0 -100
199712.843000 448747.165000 47.275000 0 0 0 0 -100
199712.428000 448747.064000 47.320000 0 0 0 0 -100
199701.787000 448744.466000 48.024000 0 0 0 0 -100
199694.046000 448742.582000 51.051000 0 0 0 0 -100
199690.338000 448741.676000 51.347000 0 0 0 0 -100
199690.077000 448741.614000 52.442000 0 0 0 0 -100
199683.183000 448739.935000 54.691000 0 0 0 0 -100
199689.852000 448741.339000 52.675000 0 0 0 0 -100
199683.007000 448739.671000 54.336000 0 0 0 0 -100
199726.208000 448749.937000 47.878000 0 0 0 0 -100
199712.463000 448746.582000 47.298000 0 0 0 0 -100
199690.550000 448741.239000 52.434000 0 0 0 0 -100
199690.024000 448741.111000 52.231000 0 0 0 0 -100
199687.841000 448740.577000 52.203000 0 0 0 0 -100
199681.721000 448739.088000 54.405000 0 0 0 0 -100
199679.171000 448738.466000 55.175000 0 0 0 0 -100
199678.754000 448738.364000 55.183000 0 0 0 0 -100
199655.663000 448732.732000 58.791000 0 0 0 0 -100
199728.191000 448749.995000 48.442000 0 0 0 0 -100
199728.071000 448749.967000 49.138000 0 0 0 0 -100
199721.250000 448748.298000 47.237000 0 0 0 0 -100
199690.598000 448740.822000 52.431000 0 0 0 0 -100
199679.167000 448738.036000 55.096000 0 0 0 0 -100
199728.681000 448749.824000 49.007000 0 0 0 0 -100
199694.367000 448741.448000 50.254000 0 0 0 0 -100
199692.118000 448740.901000 50.936000 0 0 0 0 -100
199690.369000 448740.476000 52.411000 0 0 0 0 -100
199669.904000 448735.486000 56.582000 0 0 0 0 -100
199690.435000 448740.257000 52.639000 0 0 0 0 -100
199674.248000 448736.309000 55.863000 0 0 0 0 -100
199724.250000 448748.147000 47.384000 0 0 0 0 -100
199731.504000 448749.456000 49.232000 0 0 0 0 -100
199725.213000 448747.919000 48.243000 0 0 0 0 -100
199705.132000 448743.014000 47.783000 0 0 0 0 -100
199687.177000 448738.638000 53.157000 0 0 0 0 -100
199684.152000 448737.902000 54.714000 0 0 0 0 -100
199733.398000 448749.628000 50.406000 0 0 0 0 -100
199731.905000 448749.261000 49.042000 0 0 0 0 -100
199729.440000 448748.659000 48.249000 0 0 0 0 -100
199702.960000 448742.192000 48.203000 0 0 0 0 -100
199698.458000 448741.094000 49.442000 0 0 0 0 -100
199682.754000 448737.267000 54.448000 0 0 0 0 -100
199664.649000 448732.852000 57.505000 0 0 0 0 -100
199660.261000 448731.782000 58.304000 0 0 0 0 -100
199733.414000 448749.429000 50.219000 0 0 0 0 -100
199681.802000 448736.834000 54.713000 0 0 0 0 -100
199660.559000 448731.654000 58.575000 0 0 0 0 -100
199729.555000 448748.214000 48.322000 0 0 0 0 -100
199703.068000 448741.747000 48.367000 0 0 0 0 -100
199701.583000 448741.384000 48.696000 0 0 0 0 -100
199660.382000 448731.340000 58.286000 0 0 0 0 -100
199729.676000 448747.838000 48.350000 0 0 0 0 -100
199707.664000 448742.463000 48.780000 0 0 0 0 -100
199676.702000 448734.915000 56.386000 0 0 0 0 -100
199707.810000 448742.207000 47.739000 0 0 0 0 -100
199707.766000 448742.196000 48.484000 0 0 0 0 -100
199699.722000 448740.233000 49.300000 0 0 0 0 -100
199676.649000 448734.609000 55.767000 0 0 0 0 -100
199673.904000 448733.939000 56.205000 0 0 0 0 -100
199673.163000 448733.758000 56.356000 0 0 0 0 -100
199729.681000 448747.304000 48.590000 0 0 0 0 -100
199707.836000 448741.969000 47.654000 0 0 0 0 -100
199707.521000 448741.893000 47.782000 0 0 0 0 -100
199707.542000 448741.899000 48.724000 0 0 0 0 -100
199673.178000 448733.520000 57.122000 0 0 0 0 -100
199729.892000 448746.990000 48.822000 0 0 0 0 -100
199729.442000 448746.881000 48.810000 0 0 0 0 -100
199673.248000 448733.171000 56.355000 0 0 0 0 -100
199734.085000 448747.559000 49.958000 0 0 0 0 -100
199697.019000 448738.511000 51.396000 0 0 0 0 -100
199709.167000 448741.145000 47.626000 0 0 0 0 -100
199708.369000 448740.950000 47.690000 0 0 0 0 -100
199708.198000 448740.909000 48.166000 0 0 0 0 -100
199708.007000 448740.862000 48.536000 0 0 0 0 -100
199707.729000 448740.795000 48.871000 0 0 0 0 -100
199706.081000 448740.392000 48.068000 0 0 0 0 -100
199697.528000 448738.308000 51.263000 0 0 0 0 -100
199697.187000 448738.226000 51.408000 0 0 0 0 -100
199724.123000 448744.591000 47.266000 0 0 0 0 -100
199709.235000 448740.956000 47.626000 0 0 0 0 -100
199708.040000 448740.665000 48.491000 0 0 0 0 -100
199707.761000 448740.597000 48.802000 0 0 0 0 -100
199697.518000 448738.100000 51.136000 0 0 0 0 -100
199697.178000 448738.017000 51.284000 0 0 0 0 -100
199700.628000 448738.562000 50.325000 0 0 0 0 -100
199696.985000 448737.673000 50.587000 0 0 0 0 -100
199696.987000 448737.676000 51.390000 0 0 0 0 -100
199697.215000 448737.321000 50.613000 0 0 0 0 -100
199696.949000 448737.257000 50.947000 0 0 0 0 -100
199655.709000 448727.197000 59.009000 0 0 0 0 -100
199655.624000 448727.177000 59.646000 0 0 0 0 -100
199743.937000 448748.453000 53.791000 0 0 0 0 -100
199667.754000 448729.851000 57.345000 0 0 0 0 -100
199685.612000 448733.989000 54.408000 0 0 0 0 -100
199711.674000 448740.029000 47.372000 0 0 0 0 -100
199685.968000 448733.761000 55.067000 0 0 0 0 -100
199679.329000 448732.142000 56.291000 0 0 0 0 -100
199690.696000 448734.444000 52.915000 0 0 0 0 -100
199690.719000 448734.451000 53.819000 0 0 0 0 -100
199655.765000 448725.922000 59.920000 0 0 0 0 -100
199732.992000 448744.435000 48.686000 0 0 0 0 -100
199732.920000 448744.419000 49.436000 0 0 0 0 -100
199727.294000 448743.042000 47.365000 0 0 0 0 -100
199727.222000 448743.025000 48.069000 0 0 0 0 -100
199680.625000 448731.655000 55.230000 0 0 0 0 -100
199669.138000 448728.852000 57.011000 0 0 0 0 -100
199733.133000 448744.223000 48.522000 0 0 0 0 -100
199732.921000 448744.172000 48.850000 0 0 0 0 -100
199727.510000 448742.849000 47.260000 0 0 0 0 -100
199727.439000 448742.832000 47.986000 0 0 0 0 -100
199687.544000 448733.098000 54.062000 0 0 0 0 -100
199662.893000 448727.084000 58.550000 0 0 0 0 -100
199652.905000 448724.645000 59.365000 0 0 0 0 -100
199682.960000 448731.673000 54.862000 0 0 0 0 -100
199695.007000 448734.216000 51.659000 0 0 0 0 -100
199674.003000 448729.092000 56.312000 0 0 0 0 -100
199662.939000 448726.395000 58.977000 0 0 0 0 -100
199695.189000 448733.996000 51.571000 0 0 0 0 -100
199694.850000 448733.913000 51.678000 0 0 0 0 -100
199668.595000 448727.306000 57.759000 0 0 0 0 -100
199668.755000 448726.996000 57.864000 0 0 0 0 -100
199749.686000 448746.259000 56.018000 0 0 0 0 -100
199738.768000 448743.585000 50.511000 0 0 0 0 -100
199738.558000 448743.534000 50.890000 0 0 0 0 -100
199708.821000 448736.266000 48.312000 0 0 0 0 -100
199683.862000 448730.179000 55.812000 0 0 0 0 -100
199750.094000 448746.010000 55.744000 0 0 0 0 -100
199749.806000 448745.940000 56.049000 0 0 0 0 -100
199709.362000 448736.048000 48.323000 0 0 0 0 -100
199698.902000 448733.496000 50.941000 0 0 0 0 -100
199698.092000 448733.299000 51.100000 0 0 0 0 -100
199683.934000 448729.847000 54.887000 0 0 0 0 -100
199683.732000 448729.798000 55.384000 0 0 0 0 -100
199670.660000 448726.608000 57.412000 0 0 0 0 -100
199750.288000 448745.810000 55.869000 0 0 0 0 -100
199750.056000 448745.754000 56.246000 0 0 0 0 -100
199709.327000 448735.797000 49.586000 0 0 0 0 -100
199670.850000 448726.411000 57.395000 0 0 0 0 -100
199750.070000 448745.451000 55.999000 0 0 0 0 -100
199731.435000 448740.887000 47.461000 0 0 0 0 -100
199710.405000 448735.752000 48.183000 0 0 0 0 -100
199684.211000 448729.364000 54.862000 0 0 0 0 -100
199670.771000 448726.085000 57.035000 0 0 0 0 -100
199670.860000 448726.108000 57.912000 0 0 0 0 -100
199756.163000 448746.529000 57.884000 0 0 0 0 -100
199745.251000 448743.856000 53.945000 0 0 0 0 -100
199740.812000 448742.769000 51.665000 0 0 0 0 -100
199735.111000 448741.371000 48.495000 0 0 0 0 -100
199734.702000 448741.271000 48.492000 0 0 0 0 -100
199734.184000 448741.144000 48.293000 0 0 0 0 -100
199731.899000 448740.585000 47.809000 0 0 0 0 -100
199731.305000 448740.440000 47.529000 0 0 0 0 -100
199730.878000 448740.335000 47.448000 0 0 0 0 -100
199730.431000 448740.226000 47.303000 0 0 0 0 -100
199729.928000 448740.103000 47.230000 0 0 0 0 -100
199699.489000 448732.674000 51.901000 0 0 0 0 -100
199740.963000 448742.483000 51.366000 0 0 0 0 -100
199720.222000 448737.410000 47.201000 0 0 0 0 -100
199699.463000 448732.344000 51.198000 0 0 0 0 -100
199699.409000 448732.101000 51.165000 0 0 0 0 -100
199734.626000 448740.371000 49.291000 0 0 0 0 -100
199731.044000 448739.493000 47.197000 0 0 0 0 -100
199699.531000 448731.801000 51.237000 0 0 0 0 -100
199699.132000 448731.704000 51.293000 0 0 0 0 -100
199680.921000 448727.264000 55.723000 0 0 0 0 -100
199751.542000 448744.068000 55.702000 0 0 0 0 -100
199745.196000 448742.514000 53.565000 0 0 0 0 -100
199681.066000 448726.851000 55.469000 0 0 0 0 -100
199653.146000 448720.036000 59.623000 0 0 0 0 -100
199652.965000 448719.992000 60.106000 0 0 0 0 -100
199745.428000 448742.273000 53.463000 0 0 0 0 -100
199714.269000 448734.653000 47.878000 0 0 0 0 -100
199666.163000 448722.917000 57.679000 0 0 0 0 -100
199653.327000 448719.784000 59.626000 0 0 0 0 -100
199653.290000 448719.776000 60.328000 0 0 0 0 -100
199714.434000 448734.482000 48.038000 0 0 0 0 -100
199655.168000 448720.023000 59.613000 0 0 0 0 -100
199653.179000 448719.537000 59.968000 0 0 0 0 -100
199749.911000 448742.848000 55.288000 0 0 0 0 -100
199726.626000 448737.148000 46.781000 0 0 0 0 -100
199714.687000 448734.234000 47.948000 0 0 0 0 -100
199706.543000 448732.248000 50.194000 0 0 0 0 -100
199707.053000 448731.947000 49.602000 0 0 0 0 -100
199706.772000 448731.878000 49.839000 0 0 0 0 -100
199702.114000 448730.741000 50.729000 0 0 0 0 -100
199699.561000 448730.118000 51.428000 0 0 0 0 -100
199691.349000 448728.116000 53.678000 0 0 0 0 -100
199691.035000 448728.040000 53.854000 0 0 0 0 -100
199690.597000 448727.933000 53.909000 0 0 0 0 -100
199690.254000 448727.851000 54.734000 0 0 0 0 -100
199689.949000 448727.776000 55.016000 0 0 0 0 -100
199736.830000 448738.908000 48.822000 0 0 0 0 -100
199736.672000 448738.870000 49.422000 0 0 0 0 -100
199724.103000 448735.796000 46.727000 0 0 0 0 -100
199715.410000 448733.673000 47.914000 0 0 0 0 -100
199701.475000 448730.273000 51.059000 0 0 0 0 -100
199699.232000 448729.725000 51.599000 0 0 0 0 -100
199692.524000 448728.091000 53.527000 0 0 0 0 -100
199692.179000 448728.007000 53.687000 0 0 0 0 -100
199691.793000 448727.913000 53.750000 0 0 0 0 -100
199691.413000 448727.820000 53.800000 0 0 0 0 -100
199691.019000 448727.723000 53.825000 0 0 0 0 -100
199673.998000 448723.568000 56.476000 0 0 0 0 -100
199736.726000 448738.664000 49.236000 0 0 0 0 -100
199715.634000 448733.509000 47.907000 0 0 0 0 -100
199714.585000 448733.253000 48.283000 0 0 0 0 -100
199716.103000 448733.304000 47.834000 0 0 0 0 -100
199698.628000 448729.039000 51.755000 0 0 0 0 -100
199690.399000 448727.033000 53.911000 0 0 0 0 -100
199686.552000 448726.095000 54.764000 0 0 0 0 -100
199686.635000 448726.117000 55.711000 0 0 0 0 -100
199680.556000 448724.631000 55.396000 0 0 0 0 -100
199759.141000 448743.391000 58.435000 0 0 0 0 -100
199697.774000 448728.388000 52.111000 0 0 0 0 -100
199683.321000 448724.863000 55.355000 0 0 0 0 -100
199682.344000 448724.624000 55.166000 0 0 0 0 -100
199682.099000 448724.565000 55.497000 0 0 0 0 -100
199681.910000 448724.519000 55.885000 0 0 0 0 -100
199681.589000 448724.441000 56.115000 0 0 0 0 -100
199680.492000 448724.173000 55.663000 0 0 0 0 -100
199667.998000 448721.123000 57.322000 0 0 0 0 -100
199666.417000 448720.737000 57.559000 0 0 0 0 -100
199710.309000 448731.146000 48.897000 0 0 0 0 -100
199709.642000 448730.984000 49.190000 0 0 0 0 -100
199699.769000 448728.574000 51.477000 0 0 0 0 -100
199699.450000 448728.497000 51.621000 0 0 0 0 -100
199699.125000 448728.417000 51.775000 0 0 0 0 -100
199698.767000 448728.330000 51.911000 0 0 0 0 -100
199698.343000 448728.226000 51.964000 0 0 0 0 -100
199696.835000 448727.860000 52.230000 0 0 0 0 -100
199686.581000 448725.358000 54.689000 0 0 0 0 -100
199679.784000 448723.700000 55.575000 0 0 0 0 -100
199666.199000 448720.383000 57.494000 0 0 0 0 -100
199700.729000 448728.595000 51.364000 0 0 0 0 -100
199700.412000 448728.518000 51.512000 0 0 0 0 -100
199699.962000 448728.408000 51.537000 0 0 0 0 -100
199699.601000 448728.320000 51.645000 0 0 0 0 -100
199692.883000 448726.683000 53.417000 0 0 0 0 -100
199686.991000 448725.246000 55.111000 0 0 0 0 -100
199679.780000 448723.486000 56.222000 0 0 0 0 -100
199675.778000 448722.510000 57.407000 0 0 0 0 -100
199752.434000 448740.919000 55.612000 0 0 0 0 -100
199692.115000 448726.183000 53.725000 0 0 0 0 -100
199691.676000 448725.358000 53.711000 0 0 0 0 -100
199654.286000 448716.230000 59.367000 0 0 0 0 -100
199726.519000 448733.629000 46.627000 0 0 0 0 -100
199715.374000 448730.910000 49.404000 0 0 0 0 -100
199773.179000 448744.707000 62.965000 0 0 0 0 -100
199726.622000 448733.310000 46.552000 0 0 0 0 -100
199715.594000 448730.618000 48.701000 0 0 0 0 -100
199700.208000 448726.863000 51.689000 0 0 0 0 -100
199680.488000 448722.051000 55.480000 0 0 0 0 -100
199733.408000 448734.482000 47.179000 0 0 0 0 -100
199733.206000 448734.433000 47.644000 0 0 0 0 -100
199733.081000 448734.403000 48.239000 0 0 0 0 -100
199673.556000 448719.872000 57.398000 0 0 0 0 -100
199668.903000 448718.736000 57.626000 0 0 0 0 -100
199668.932000 448718.744000 58.458000 0 0 0 0 -100
199657.150000 448715.865000 59.046000 0 0 0 0 -100
199657.187000 448715.876000 59.819000 0 0 0 0 -100
199683.909000 448722.052000 55.122000 0 0 0 0 -100
199657.183000 448715.527000 59.144000 0 0 0 0 -100
199657.204000 448715.533000 59.974000 0 0 0 0 -100
199709.009000 448727.945000 49.769000 0 0 0 0 -100
199692.879000 448724.010000 53.687000 0 0 0 0 -100
199684.242000 448721.902000 55.198000 0 0 0 0 -100
199684.190000 448721.890000 55.954000 0 0 0 0 -100
199742.862000 448735.894000 50.598000 0 0 0 0 -100
199727.453000 448732.123000 46.312000 0 0 0 0 -100
199714.230000 448728.896000 49.150000 0 0 0 0 -100
199693.262000 448723.780000 53.634000 0 0 0 0 -100
199667.998000 448717.613000 57.573000 0 0 0 0 -100
199655.251000 448714.502000 60.485000 0 0 0 0 -100
199734.243000 448733.367000 48.043000 0 0 0 0 -100
199714.316000 448728.501000 49.924000 0 0 0 0 -100
199672.424000 448718.273000 56.873000 0 0 0 0 -100
199672.049000 448718.182000 56.919000 0 0 0 0 -100
199668.129000 448717.226000 57.614000 0 0 0 0 -100
199653.543000 448713.664000 59.551000 0 0 0 0 -100
199653.444000 448713.640000 60.160000 0 0 0 0 -100
199653.294000 448713.604000 60.617000 0 0 0 0 -100
199750.884000 448737.159000 54.055000 0 0 0 0 -100
199728.365000 448731.645000 46.192000 0 0 0 0 -100
199713.160000 448727.935000 50.023000 0 0 0 0 -100
199711.523000 448727.534000 49.317000 0 0 0 0 -100
199672.668000 448718.050000 57.866000 0 0 0 0 -100
199770.866000 448741.831000 62.070000 0 0 0 0 -100
199750.800000 448736.916000 54.022000 0 0 0 0 -100
199706.154000 448726.002000 50.553000 0 0 0 0 -100
199672.804000 448717.862000 56.815000 0 0 0 0 -100
199672.867000 448717.878000 57.647000 0 0 0 0 -100
199770.873000 448741.506000 61.953000 0 0 0 0 -100
199733.631000 448732.386000 47.623000 0 0 0 0 -100
199691.803000 448722.175000 53.919000 0 0 0 0 -100
199675.372000 448718.164000 57.493000 0 0 0 0 -100
199673.038000 448717.593000 57.280000 0 0 0 0 -100
199672.857000 448717.549000 57.705000 0 0 0 0 -100
199672.614000 448717.490000 58.015000 0 0 0 0 -100
199765.483000 448739.740000 59.789000 0 0 0 0 -100
199746.196000 448735.016000 52.016000 0 0 0 0 -100
199671.393000 448716.742000 57.241000 0 0 0 0 -100
199661.927000 448714.431000 58.100000 0 0 0 0 -100
199746.297000 448734.692000 51.956000 0 0 0 0 -100
199726.561000 448729.862000 47.149000 0 0 0 0 -100
199671.354000 448716.384000 57.008000 0 0 0 0 -100
199666.055000 448715.091000 58.268000 0 0 0 0 -100
199665.746000 448715.016000 58.458000 0 0 0 0 -100
199662.483000 448714.219000 58.069000 0 0 0 0 -100
199726.578000 448729.634000 46.563000 0 0 0 0 -100
199666.462000 448714.959000 57.538000 0 0 0 0 -100
199666.634000 448715.002000 58.714000 0 0 0 0 -100
199666.028000 448714.854000 58.363000 0 0 0 0 -100
199665.702000 448714.774000 58.500000 0 0 0 0 -100
199750.076000 448735.050000 53.372000 0 0 0 0 -100
199742.622000 448733.224000 50.001000 0 0 0 0 -100
199726.445000 448729.265000 46.612000 0 0 0 0 -100
199665.878000 448714.480000 58.325000 0 0 0 0 -100
199752.043000 448735.086000 54.044000 0 0 0 0 -100
199742.304000 448732.701000 50.079000 0 0 0 0 -100
199693.775000 448720.844000 53.595000 0 0 0 0 -100
199770.284000 448739.244000 61.452000 0 0 0 0 -100
199712.359000 448725.070000 50.065000 0 0 0 0 -100
199697.732000 448721.499000 53.673000 0 0 0 0 -100
199739.033000 448731.348000 48.078000 0 0 0 0 -100
199712.596000 448724.889000 49.545000 0 0 0 0 -100
199697.684000 448721.249000 52.699000 0 0 0 0 -100
199694.677000 448720.515000 53.426000 0 0 0 0 -100
199690.161000 448719.414000 55.288000 0 0 0 0 -100
199663.275000 448712.847000 57.995000 0 0 0 0 -100
199739.085000 448731.034000 48.421000 0 0 0 0 -100
199683.911000 448717.558000 55.097000 0 0 0 0 -100
199665.479000 448712.592000 58.404000 0 0 0 0 -100
199653.663000 448709.706000 59.856000 0 0 0 0 -100
199705.936000 448722.136000 50.990000 0 0 0 0 -100
199705.550000 448722.042000 51.048000 0 0 0 0 -100
199676.444000 448714.937000 57.329000 0 0 0 0 -100
199671.517000 448713.731000 56.864000 0 0 0 0 -100
199667.540000 448712.761000 57.564000 0 0 0 0 -100
199676.762000 448714.770000 56.403000 0 0 0 0 -100
199676.667000 448714.748000 57.009000 0 0 0 0 -100
199671.430000 448713.467000 56.839000 0 0 0 0 -100
199667.563000 448712.523000 57.699000 0 0 0 0 -100
199658.759000 448710.375000 59.768000 0 0 0 0 -100
199654.282000 448709.280000 59.551000 0 0 0 0 -100
199676.635000 448714.380000 57.200000 0 0 0 0 -100
199766.741000 448735.951000 59.490000 0 0 0 0 -100
199751.852000 448732.302000 53.856000 0 0 0 0 -100
199678.637000 448714.408000 55.847000 0 0 0 0 -100
199766.891000 448735.672000 59.355000 0 0 0 0 -100
199752.010000 448732.026000 53.828000 0 0 0 0 -100
199735.164000 448727.896000 46.341000 0 0 0 0 -100
199713.797000 448722.678000 49.622000 0 0 0 0 -100
199713.687000 448722.652000 50.219000 0 0 0 0 -100
199685.133000 448715.678000 54.904000 0 0 0 0 -100
199654.037000 448708.083000 59.455000 0 0 0 0 -100
199753.750000 448732.222000 53.759000 0 0 0 0 -100
199752.062000 448731.809000 53.695000 0 0 0 0 -100
199713.943000 448722.486000 49.696000 0 0 0 0 -100
199713.866000 448722.467000 50.313000 0 0 0 0 -100
199665.756000 448710.718000 57.750000 0 0 0 0 -100
199665.762000 448710.720000 58.494000 0 0 0 0 -100
199754.604000 448732.076000 54.617000 0 0 0 0 -100
199683.787000 448714.761000 55.974000 0 0 0 0 -100
199684.292000 448714.355000 55.775000 0 0 0 0 -100
199672.796000 448711.545000 56.794000 0 0 0 0 -100
199657.844000 448707.492000 59.658000 0 0 0 0 -100
199714.358000 448721.017000 50.013000 0 0 0 0 -100
199658.344000 448707.329000 59.608000 0 0 0 0 -100
199658.100000 448707.269000 59.894000 0 0 0 0 -100
199749.962000 448729.390000 51.675000 0 0 0 0 -100
199693.699000 448715.628000 53.707000 0 0 0 0 -100
199685.122000 448713.531000 55.188000 0 0 0 0 -100
199683.804000 448713.210000 56.025000 0 0 0 0 -100
199658.275000 448706.970000 59.792000 0 0 0 0 -100
199752.210000 448729.502000 53.108000 0 0 0 0 -100
199736.098000 448725.549000 47.157000 0 0 0 0 -100
199710.164000 448719.210000 51.312000 0 0 0 0 -100
199699.092000 448716.502000 52.736000 0 0 0 0 -100
199698.624000 448716.388000 52.661000 0 0 0 0 -100
199685.703000 448713.231000 54.861000 0 0 0 0 -100
199684.124000 448712.846000 55.796000 0 0 0 0 -100
199683.826000 448712.773000 56.071000 0 0 0 0 -100
199736.479000 448725.358000 47.014000 0 0 0 0 -100
199731.120000 448724.044000 46.124000 0 0 0 0 -100
199730.260000 448723.835000 46.089000 0 0 0 0 -100
199699.320000 448716.275000 53.135000 0 0 0 0 -100
199685.762000 448712.961000 54.847000 0 0 0 0 -100
199665.437000 448707.994000 57.728000 0 0 0 0 -100
199663.415000 448707.500000 58.113000 0 0 0 0 -100
199736.640000 448725.170000 47.269000 0 0 0 0 -100
199721.373000 448721.438000 48.334000 0 0 0 0 -100
199688.304000 448713.358000 54.732000 0 0 0 0 -100
199685.812000 448712.748000 54.846000 0 0 0 0 -100
199657.898000 448705.925000 59.011000 0 0 0 0 -100
199657.898000 448705.927000 59.780000 0 0 0 0 -100
199655.069000 448705.234000 60.093000 0 0 0 0 -100
199740.690000 448725.830000 47.076000 0 0 0 0 -100
199736.261000 448724.746000 47.237000 0 0 0 0 -100
199721.456000 448721.126000 48.434000 0 0 0 0 -100
199712.815000 448719.014000 49.733000 0 0 0 0 -100
199688.387000 448713.045000 54.780000 0 0 0 0 -100
199657.907000 448705.595000 58.944000 0 0 0 0 -100
199657.967000 448705.611000 59.842000 0 0 0 0 -100
199721.522000 448720.659000 48.485000 0 0 0 0 -100
199721.534000 448720.663000 49.371000 0 0 0 0 -100
199703.819000 448716.331000 51.721000 0 0 0 0 -100
199686.752000 448712.160000 54.742000 0 0 0 0 -100
199683.960000 448711.479000 55.984000 0 0 0 0 -100
199746.985000 448726.535000 50.089000 0 0 0 0 -100
199722.695000 448720.587000 47.966000 0 0 0 0 -100
199672.938000 448708.424000 56.703000 0 0 0 0 -100
199660.208000 448704.678000 59.499000 0 0 0 0 -100
199722.299000 448719.395000 49.220000 0 0 0 0 -100
199721.452000 448719.186000 48.400000 0 0 0 0 -100
199706.040000 448715.419000 51.294000 0 0 0 0 -100
199705.856000 448715.375000 51.766000 0 0 0 0 -100
199669.841000 448706.572000 57.842000 0 0 0 0 -100
199755.454000 448727.216000 53.778000 0 0 0 0 -100
199721.031000 448718.783000 48.561000 0 0 0 0 -100
199706.019000 448715.114000 51.340000 0 0 0 0 -100
199706.072000 448715.129000 52.249000 0 0 0 0 -100
199669.929000 448706.293000 57.267000 0 0 0 0 -100
199670.052000 448706.325000 58.334000 0 0 0 0 -100
199662.688000 448704.525000 59.042000 0 0 0 0 -100
199720.743000 448718.462000 48.702000 0 0 0 0 -100
199670.140000 448706.095000 57.554000 0 0 0 0 -100
199670.079000 448706.081000 58.306000 0 0 0 0 -100
199721.936000 448718.396000 49.438000 0 0 0 0 -100
199679.105000 448707.926000 55.784000 0 0 0 0 -100
199678.729000 448707.835000 55.893000 0 0 0 0 -100
199670.385000 448705.797000 58.029000 0 0 0 0 -100
199670.032000 448705.711000 58.180000 0 0 0 0 -100
199722.072000 448717.927000 48.664000 0 0 0 0 -100
199661.715000 448703.172000 58.537000 0 0 0 0 -100
199653.299000 448701.114000 59.774000 0 0 0 0 -100
199743.198000 448722.735000 47.997000 0 0 0 0 -100
199695.217000 448711.002000 53.356000 0 0 0 0 -100
199661.342000 448702.721000 59.116000 0 0 0 0 -100
199695.394000 448710.791000 53.348000 0 0 0 0 -100
199695.352000 448710.782000 53.998000 0 0 0 0 -100
199683.945000 448707.991000 55.013000 0 0 0 0 -100
199653.558000 448700.563000 59.532000 0 0 0 0 -100
199772.137000 448728.814000 59.260000 0 0 0 0 -100
199732.835000 448719.171000 46.654000 0 0 0 0 -100
199687.883000 448708.186000 55.054000 0 0 0 0 -100
199745.045000 448721.878000 47.687000 0 0 0 0 -100
199718.067000 448715.086000 49.945000 0 0 0 0 -100
199667.984000 448702.844000 57.417000 0 0 0 0 -100
199661.146000 448701.173000 58.478000 0 0 0 0 -100
199653.254000 448699.244000 59.784000 0 0 0 0 -100
199724.526000 448716.371000 47.830000 0 0 0 0 -100
199718.134000 448714.808000 49.198000 0 0 0 0 -100
199718.133000 448714.810000 49.989000 0 0 0 0 -100
199668.125000 448702.588000 57.636000 0 0 0 0 -100
199668.318000 448702.184000 57.834000 0 0 0 0 -100
199744.952000 448720.590000 47.141000 0 0 0 0 -100
199744.758000 448720.543000 47.600000 0 0 0 0 -100
199727.458000 448716.309000 47.959000 0 0 0 0 -100
199726.329000 448716.032000 47.433000 0 0 0 0 -100
199675.242000 448703.545000 56.611000 0 0 0 0 -100
199675.296000 448703.560000 57.493000 0 0 0 0 -100
199668.041000 448701.784000 57.670000 0 0 0 0 -100
199665.860000 448701.250000 57.653000 0 0 0 0 -100
199664.672000 448700.961000 57.857000 0 0 0 0 -100
199660.436000 448699.927000 59.421000 0 0 0 0 -100
199745.142000 448720.389000 47.508000 0 0 0 0 -100
199744.841000 448720.315000 47.654000 0 0 0 0 -100
199691.493000 448707.271000 54.904000 0 0 0 0 -100
199691.028000 448707.157000 54.817000 0 0 0 0 -100
199682.339000 448705.030000 55.318000 0 0 0 0 -100
199675.509000 448703.362000 56.996000 0 0 0 0 -100
199767.300000 448725.493000 55.425000 0 0 0 0 -100
199745.222000 448720.077000 47.851000 0 0 0 0 -100
199691.301000 448706.893000 54.645000 0 0 0 0 -100
199682.631000 448704.771000 55.268000 0 0 0 0 -100
199675.620000 448703.058000 56.522000 0 0 0 0 -100
199675.496000 448703.028000 57.182000 0 0 0 0 -100
199767.682000 448724.887000 55.625000 0 0 0 0 -100
199720.956000 448713.437000 48.651000 0 0 0 0 -100
199720.995000 448713.448000 49.453000 0 0 0 0 -100
199738.190000 448717.453000 45.355000 0 0 0 0 -100
199720.808000 448713.205000 48.881000 0 0 0 0 -100
199723.902000 448713.645000 48.088000 0 0 0 0 -100
199708.512000 448709.882000 50.789000 0 0 0 0 -100
199692.306000 448705.921000 53.894000 0 0 0 0 -100
199689.541000 448705.245000 54.386000 0 0 0 0 -100
199669.186000 448700.267000 57.178000 0 0 0 0 -100
199748.559000 448719.198000 48.045000 0 0 0 0 -100
199741.254000 448717.405000 45.803000 0 0 0 0 -100
199725.408000 448713.532000 49.030000 0 0 0 0 -100
199707.990000 448709.270000 51.173000 0 0 0 0 -100
199687.791000 448704.331000 54.567000 0 0 0 0 -100
199687.348000 448704.223000 54.632000 0 0 0 0 -100
199682.964000 448703.150000 55.235000 0 0 0 0 -100
199672.344000 448700.555000 57.911000 0 0 0 0 -100
199665.813000 448698.955000 57.711000 0 0 0 0 -100
199692.371000 448705.100000 53.915000 0 0 0 0 -100
199690.155000 448704.558000 54.497000 0 0 0 0 -100
199686.358000 448703.629000 54.698000 0 0 0 0 -100
199685.921000 448703.522000 54.687000 0 0 0 0 -100
199683.182000 448702.852000 55.181000 0 0 0 0 -100
199672.311000 448700.195000 58.021000 0 0 0 0 -100
199704.200000 448707.713000 51.908000 0 0 0 0 -100
199704.194000 448707.713000 52.723000 0 0 0 0 -100
199690.242000 448704.301000 54.412000 0 0 0 0 -100
199683.322000 448702.608000 55.173000 0 0 0 0 -100
199742.456000 448716.731000 45.592000 0 0 0 0 -100
199690.612000 448704.058000 54.415000 0 0 0 0 -100
199683.295000 448702.267000 55.084000 0 0 0 0 -100
199766.530000 448722.222000 54.766000 0 0 0 0 -100
199691.105000 448703.756000 54.372000 0 0 0 0 -100
199691.079000 448703.751000 55.139000 0 0 0 0 -100
199682.951000 448701.760000 55.135000 0 0 0 0 -100
199669.067000 448698.367000 58.043000 0 0 0 0 -100
199746.962000 448717.137000 47.311000 0 0 0 0 -100
199735.711000 448714.379000 45.558000 0 0 0 0 -100
199679.725000 448700.693000 55.665000 0 0 0 0 -100
199679.679000 448700.683000 56.409000 0 0 0 0 -100
199679.373000 448700.609000 56.734000 0 0 0 0 -100
199669.173000 448698.114000 57.656000 0 0 0 0 -100
199746.675000 448716.866000 46.767000 0 0 0 0 -100
199746.507000 448716.826000 47.305000 0 0 0 0 -100
199684.090000 448701.561000 55.099000 0 0 0 0 -100
199679.748000 448700.500000 55.795000 0 0 0 0 -100
199679.705000 448700.490000 56.564000 0 0 0 0 -100
199671.395000 448698.458000 57.820000 0 0 0 0 -100
199667.769000 448697.570000 57.584000 0 0 0 0 -100
199746.150000 448716.419000 47.349000 0 0 0 0 -100
199718.467000 448709.647000 49.550000 0 0 0 0 -100
199718.456000 448709.645000 50.275000 0 0 0 0 -100
199668.267000 448697.372000 57.560000 0 0 0 0 -100
199668.173000 448697.351000 58.209000 0 0 0 0 -100
199761.415000 448719.703000 51.409000 0 0 0 0 -100
199723.456000 448710.406000 48.879000 0 0 0 0 -100
199748.876000 448716.277000 47.921000 0 0 0 0 -100
199725.548000 448710.565000 47.840000 0 0 0 0 -100
199659.270000 448694.357000 58.645000 0 0 0 0 -100
199754.205000 448716.994000 48.385000 0 0 0 0 -100
199745.938000 448714.966000 46.562000 0 0 0 0 -100
199738.515000 448713.146000 44.975000 0 0 0 0 -100
199669.539000 448696.281000 57.235000 0 0 0 0 -100
199705.258000 448704.563000 51.644000 0 0 0 0 -100
199705.311000 448704.578000 52.596000 0 0 0 0 -100
199686.108000 448699.880000 54.780000 0 0 0 0 -100
199668.273000 448695.518000 57.550000 0 0 0 0 -100
199668.311000 448695.529000 58.482000 0 0 0 0 -100
199729.108000 448710.093000 47.854000 0 0 0 0 -100
199724.232000 448708.900000 48.026000 0 0 0 0 -100
199674.184000 448696.661000 56.974000 0 0 0 0 -100
199668.292000 448695.221000 58.147000 0 0 0 0 -100
199668.170000 448695.192000 58.700000 0 0 0 0 -100
199665.981000 448694.654000 57.783000 0 0 0 0 -100
199682.557000 448698.507000 55.290000 0 0 0 0 -100
199674.318000 448696.493000 57.441000 0 0 0 0 -100
199661.143000 448693.270000 58.664000 0 0 0 0 -100
199770.420000 448719.703000 54.913000 0 0 0 0 -100
199742.872000 448712.521000 45.712000 0 0 0 0 -100
199677.425000 448696.511000 56.192000 0 0 0 0 -100
199677.295000 448696.479000 56.690000 0 0 0 0 -100
199764.722000 448717.536000 52.398000 0 0 0 0 -100
199735.822000 448710.446000 45.392000 0 0 0 0 -100
199677.293000 448696.131000 56.347000 0 0 0 0 -100
199676.824000 448696.016000 56.260000 0 0 0 0 -100
199717.799000 448705.762000 49.341000 0 0 0 0 -100
199717.716000 448705.743000 50.084000 0 0 0 0 -100
199717.421000 448705.319000 50.498000 0 0 0 0 -100
199708.445000 448703.121000 50.990000 0 0 0 0 -100
199708.380000 448703.107000 51.646000 0 0 0 0 -100
199689.420000 448698.469000 54.308000 0 0 0 0 -100
199760.448000 448715.396000 50.795000 0 0 0 0 -100
199731.194000 448708.222000 46.710000 0 0 0 0 -100
199708.253000 448702.612000 51.032000 0 0 0 0 -100
199675.142000 448694.514000 56.917000 0 0 0 0 -100
199742.827000 448710.772000 45.361000 0 0 0 0 -100
199741.083000 448710.344000 45.148000 0 0 0 0 -100
199724.928000 448706.393000 47.889000 0 0 0 0 -100
199681.464000 448695.762000 55.431000 0 0 0 0 -100
199675.161000 448694.220000 56.438000 0 0 0 0 -100
199671.948000 448693.434000 56.993000 0 0 0 0 -100
199671.683000 448693.369000 57.263000 0 0 0 0 -100
199703.210000 448700.901000 52.132000 0 0 0 0 -100
199672.130000 448693.299000 57.154000 0 0 0 0 -100
199671.692000 448693.191000 57.107000 0 0 0 0 -100
199688.112000 448696.913000 54.313000 0 0 0 0 -100
199672.400000 448693.069000 56.908000 0 0 0 0 -100
199672.059000 448692.986000 57.103000 0 0 0 0 -100
199724.942000 448705.490000 49.076000 0 0 0 0 -100
199713.696000 448702.736000 50.066000 0 0 0 0 -100
199665.408000 448690.922000 57.913000 0 0 0 0 -100
199653.474000 448688.001000 59.906000 0 0 0 0 -100
199750.097000 448711.290000 46.327000 0 0 0 0 -100
199665.363000 448690.553000 57.876000 0 0 0 0 -100
199664.910000 448690.442000 57.913000 0 0 0 0 -100
199656.968000 448688.498000 59.228000 0 0 0 0 -100
199665.093000 448690.212000 57.978000 0 0 0 0 -100
199676.589000 448692.216000 56.227000 0 0 0 0 -100
199673.318000 448691.416000 57.427000 0 0 0 0 -100
199672.588000 448691.237000 56.885000 0 0 0 0 -100
199672.582000 448691.237000 57.674000 0 0 0 0 -100
199671.807000 448691.047000 57.763000 0 0 0 0 -100
199671.557000 448690.986000 58.061000 0 0 0 0 -100
199668.611000 448690.264000 57.365000 0 0 0 0 -100
199760.800000 448712.521000 49.723000 0 0 0 0 -100
199740.968000 448707.656000 46.113000 0 0 0 0 -100
199673.418000 448691.129000 57.547000 0 0 0 0 -100
199673.033000 448691.035000 57.617000 0 0 0 0 -100
199672.756000 448690.968000 57.886000 0 0 0 0 -100
199671.910000 448690.760000 57.887000 0 0 0 0 -100
199671.656000 448690.699000 58.178000 0 0 0 0 -100
199765.912000 448713.563000 52.222000 0 0 0 0 -100
199760.948000 448712.343000 49.335000 0 0 0 0 -100
199673.277000 448690.882000 57.461000 0 0 0 0 -100
199672.825000 448690.771000 57.408000 0 0 0 0 -100
199672.750000 448690.754000 58.094000 0 0 0 0 -100
199671.819000 448690.526000 57.916000 0 0 0 0 -100
199660.972000 448687.871000 58.667000 0 0 0 0 -100
199661.047000 448687.891000 59.596000 0 0 0 0 -100
199765.867000 448713.244000 52.239000 0 0 0 0 -100
199763.294000 448712.611000 50.208000 0 0 0 0 -100
199757.984000 448711.306000 47.749000 0 0 0 0 -100
199751.263000 448709.656000 45.707000 0 0 0 0 -100
199766.190000 448712.876000 51.926000 0 0 0 0 -100
199683.582000 448692.644000 56.090000 0 0 0 0 -100
199733.186000 448704.466000 47.484000 0 0 0 0 -100
199719.285000 448701.063000 48.930000 0 0 0 0 -100
199721.316000 448701.325000 49.838000 0 0 0 0 -100
199766.754000 448712.135000 51.245000 0 0 0 0 -100
199752.305000 448708.588000 46.709000 0 0 0 0 -100
199739.505000 448705.449000 45.046000 0 0 0 0 -100
199752.699000 448708.214000 46.050000 0 0 0 0 -100
199752.472000 448708.159000 46.374000 0 0 0 0 -100
199740.777000 448705.291000 45.232000 0 0 0 0 -100
199740.815000 448705.302000 46.098000 0 0 0 0 -100
199687.040000 448692.142000 55.316000 0 0 0 0 -100
199681.478000 448690.779000 55.399000 0 0 0 0 -100
199672.015000 448688.463000 56.907000 0 0 0 0 -100
199756.360000 448708.782000 47.178000 0 0 0 0 -100
199752.676000 448707.878000 46.420000 0 0 0 0 -100
199699.341000 448694.819000 52.394000 0 0 0 0 -100
199677.393000 448689.449000 56.144000 0 0 0 0 -100
199756.493000 448708.579000 47.679000 0 0 0 0 -100
199657.360000 448684.310000 59.119000 0 0 0 0 -100
199711.674000 448697.274000 51.027000 0 0 0 0 -100
199686.549000 448691.124000 54.785000 0 0 0 0 -100
199663.734000 448685.539000 57.979000 0 0 0 0 -100
199727.963000 448700.814000 47.533000 0 0 0 0 -100
199713.416000 448697.255000 50.320000 0 0 0 0 -100
199712.957000 448697.142000 50.275000 0 0 0 0 -100
199677.004000 448688.343000 57.009000 0 0 0 0 -100
199728.832000 448700.719000 47.416000 0 0 0 0 -100
199721.196000 448698.852000 49.720000 0 0 0 0 -100
199712.638000 448696.757000 51.106000 0 0 0 0 -100
199700.767000 448693.851000 53.480000 0 0 0 0 -100
199678.811000 448688.476000 56.199000 0 0 0 0 -100
199678.820000 448688.479000 56.934000 0 0 0 0 -100
199728.909000 448700.483000 47.487000 0 0 0 0 -100
199728.934000 448700.491000 48.293000 0 0 0 0 -100
199712.290000 448696.416000 50.251000 0 0 0 0 -100
199678.888000 448688.241000 56.240000 0 0 0 0 -100
199677.617000 448687.931000 57.101000 0 0 0 0 -100
199712.264000 448696.076000 50.243000 0 0 0 0 -100
199677.718000 448687.620000 56.634000 0 0 0 0 -100
199677.651000 448687.605000 57.228000 0 0 0 0 -100
199723.589000 448698.367000 49.002000 0 0 0 0 -100
199713.651000 448695.934000 50.932000 0 0 0 0 -100
199713.341000 448695.859000 51.135000 0 0 0 0 -100
199712.100000 448695.553000 50.347000 0 0 0 0 -100
199772.301000 448709.994000 52.800000 0 0 0 0 -100
199725.120000 448698.418000 47.963000 0 0 0 0 -100
199721.645000 448697.568000 48.553000 0 0 0 0 -100
199699.594000 448692.169000 52.460000 0 0 0 0 -100
199680.898000 448687.595000 56.565000 0 0 0 0 -100
199727.374000 448698.732000 47.504000 0 0 0 0 -100
199707.108000 448693.774000 52.253000 0 0 0 0 -100
199682.338000 448687.707000 55.219000 0 0 0 0 -100
199737.292000 448700.842000 45.882000 0 0 0 0 -100
199711.915000 448694.632000 51.221000 0 0 0 0 -100
199772.852000 448709.123000 52.460000 0 0 0 0 -100
199730.493000 448698.727000 47.283000 0 0 0 0 -100
199712.980000 448694.442000 50.861000 0 0 0 0 -100
199659.345000 448681.308000 59.185000 0 0 0 0 -100
199659.489000 448681.346000 60.194000 0 0 0 0 -100
199771.985000 448708.591000 52.026000 0 0 0 0 -100
199713.305000 448694.201000 50.235000 0 0 0 0 -100
199712.859000 448694.092000 50.170000 0 0 0 0 -100
199711.681000 448693.803000 50.341000 0 0 0 0 -100
199696.555000 448690.102000 53.734000 0 0 0 0 -100
199754.476000 448704.005000 46.037000 0 0 0 0 -100
199729.840000 448697.968000 47.214000 0 0 0 0 -100
199725.200000 448696.831000 47.900000 0 0 0 0 -100
199696.757000 448689.871000 54.041000 0 0 0 0 -100
199678.973000 448685.514000 55.993000 0 0 0 0 -100
199678.680000 448685.442000 56.231000 0 0 0 0 -100
199719.842000 448695.153000 49.024000 0 0 0 0 -100
199711.095000 448693.012000 50.804000 0 0 0 0 -100
199696.752000 448689.503000 54.080000 0 0 0 0 -100
199679.031000 448685.161000 56.038000 0 0 0 0 -100
199678.913000 448685.133000 56.604000 0 0 0 0 -100
199769.494000 448706.868000 50.847000 0 0 0 0 -100
199717.171000 448694.038000 50.190000 0 0 0 0 -100
199697.055000 448689.114000 53.898000 0 0 0 0 -100
199655.191000 448678.861000 60.515000 0 0 0 0 -100
199769.616000 448706.601000 50.973000 0 0 0 0 -100
199712.327000 448692.554000 50.531000 0 0 0 0 -100
199705.476000 448690.879000 52.818000 0 0 0 0 -100
199654.755000 448678.457000 60.500000 0 0 0 0 -100
199653.550000 448678.162000 60.705000 0 0 0 0 -100
199728.177000 448696.219000 47.414000 0 0 0 0 -100
199712.811000 448692.458000 50.240000 0 0 0 0 -100
199712.084000 448692.280000 50.415000 0 0 0 0 -100
199710.995000 448692.014000 50.691000 0 0 0 0 -100
199710.081000 448691.789000 50.591000 0 0 0 0 -100
199654.998000 448678.303000 60.379000 0 0 0 0 -100
199746.328000 448700.362000 45.692000 0 0 0 0 -100
199745.849000 448700.244000 45.612000 0 0 0 0 -100
199711.820000 448691.912000 51.058000 0 0 0 0 -100
199670.571000 448681.808000 56.795000 0 0 0 0 -100
199659.189000 448679.022000 58.919000 0 0 0 0 -100
199655.467000 448678.112000 60.082000 0 0 0 0 -100
199773.328000 448706.530000 51.874000 0 0 0 0 -100
199747.592000 448700.207000 45.823000 0 0 0 0 -100
199681.116000 448683.925000 55.687000 0 0 0 0 -100
199746.248000 448699.552000 45.510000 0 0 0 0 -100
199762.572000 448703.286000 48.207000 0 0 0 0 -100
199760.368000 448702.744000 46.951000 0 0 0 0 -100
199746.523000 448699.345000 45.521000 0 0 0 0 -100
199730.986000 448695.539000 47.706000 0 0 0 0 -100
199713.845000 448691.340000 50.126000 0 0 0 0 -100
199713.438000 448691.242000 50.185000 0 0 0 0 -100
199711.539000 448690.776000 50.630000 0 0 0 0 -100
199762.586000 448702.940000 47.404000 0 0 0 0 -100
199762.587000 448702.941000 48.325000 0 0 0 0 -100
199731.088000 448695.214000 47.102000 0 0 0 0 -100
199731.082000 448695.214000 47.916000 0 0 0 0 -100
199712.213000 448690.592000 50.412000 0 0 0 0 -100
199711.440000 448690.403000 50.610000 0 0 0 0 -100
199679.737000 448682.638000 55.660000 0 0 0 0 -100
199669.030000 448680.017000 58.121000 0 0 0 0 -100
199760.127000 448701.877000 46.685000 0 0 0 0 -100
199712.510000 448690.203000 50.267000 0 0 0 0 -100
199712.271000 448690.145000 50.565000 0 0 0 0 -100
199711.815000 448690.034000 50.596000 0 0 0 0 -100
199711.450000 448689.946000 51.479000 0 0 0 0 -100
199702.924000 448687.855000 52.046000 0 0 0 0 -100
199702.866000 448687.842000 52.781000 0 0 0 0 -100
199671.771000 448680.222000 56.881000 0 0 0 0 -100
199736.259000 448695.705000 46.018000 0 0 0 0 -100
199712.921000 448689.990000 50.399000 0 0 0 0 -100
199712.466000 448689.878000 50.251000 0 0 0 0 -100
199690.592000 448684.519000 53.831000 0 0 0 0 -100
199667.242000 448678.798000 57.476000 0 0 0 0 -100
199713.333000 448689.852000 50.156000 0 0 0 0 -100
199712.014000 448689.530000 50.791000 0 0 0 0 -100
199707.612000 448688.452000 52.126000 0 0 0 0 -100
199693.899000 448685.092000 53.498000 0 0 0 0 -100
199682.844000 448682.383000 55.175000 0 0 0 0 -100
199673.252000 448680.034000 57.257000 0 0 0 0 -100
199670.071000 448679.254000 56.990000 0 0 0 0 -100
199711.148000 448689.022000 50.810000 0 0 0 0 -100
199711.062000 448689.003000 51.472000 0 0 0 0 -100
199739.620000 448695.197000 45.307000 0 0 0 0 -100
199734.629000 448693.974000 46.277000 0 0 0 0 -100
199713.465000 448688.791000 50.719000 0 0 0 0 -100
199713.080000 448688.696000 50.774000 0 0 0 0 -100
199690.265000 448683.105000 54.176000 0 0 0 0 -100
199674.784000 448679.311000 56.469000 0 0 0 0 -100
199665.995000 448677.156000 57.715000 0 0 0 0 -100
199665.629000 448677.067000 57.801000 0 0 0 0 -100
199654.495000 448674.340000 60.419000 0 0 0 0 -100
199756.784000 448699.133000 45.634000 0 0 0 0 -100
199756.632000 448699.097000 46.115000 0 0 0 0 -100
199739.654000 448694.930000 45.328000 0 0 0 0 -100
199739.711000 448694.946000 46.210000 0 0 0 0 -100
199739.289000 448694.841000 45.347000 0 0 0 0 -100
199738.916000 448694.749000 45.418000 0 0 0 0 -100
199738.477000 448694.641000 45.377000 0 0 0 0 -100
199654.439000 448674.052000 60.147000 0 0 0 0 -100
199753.742000 448698.040000 45.302000 0 0 0 0 -100
199753.507000 448697.983000 45.608000 0 0 0 0 -100
199711.870000 448687.297000 50.387000 0 0 0 0 -100
199680.550000 448679.621000 55.534000 0 0 0 0 -100
199680.249000 448679.548000 55.824000 0 0 0 0 -100
199673.886000 448677.987000 56.574000 0 0 0 0 -100
199673.825000 448677.974000 57.286000 0 0 0 0 -100
199655.107000 448673.387000 60.375000 0 0 0 0 -100
199679.916000 448679.146000 55.680000 0 0 0 0 -100
199674.001000 448677.696000 56.566000 0 0 0 0 -100
199674.026000 448677.704000 57.481000 0 0 0 0 -100
199654.776000 448672.984000 59.434000 0 0 0 0 -100
199654.969000 448673.034000 60.506000 0 0 0 0 -100
199751.858000 448696.514000 44.776000 0 0 0 0 -100
199717.495000 448688.093000 50.165000 0 0 0 0 -100
199704.751000 448684.969000 51.649000 0 0 0 0 -100
199702.853000 448684.504000 51.954000 0 0 0 0 -100
199674.077000 448677.454000 57.255000 0 0 0 0 -100
199751.809000 448696.214000 44.772000 0 0 0 0 -100
199751.700000 448696.188000 45.413000 0 0 0 0 -100
199671.185000 448676.450000 56.817000 0 0 0 0 -100
199668.810000 448675.869000 57.191000 0 0 0 0 -100
199769.954000 448700.216000 49.184000 0 0 0 0 -100
199769.858000 448700.194000 49.832000 0 0 0 0 -100
199752.775000 448695.992000 45.836000 0 0 0 0 -100
199729.554000 448690.295000 47.325000 0 0 0 0 -100
199664.632000 448674.382000 57.985000 0 0 0 0 -100
199664.677000 448674.394000 58.778000 0 0 0 0 -100
199769.941000 448699.905000 49.311000 0 0 0 0 -100
199720.152000 448687.685000 49.622000 0 0 0 0 -100
199713.546000 448686.064000 49.913000 0 0 0 0 -100
199672.044000 448675.890000 56.665000 0 0 0 0 -100
199664.695000 448674.091000 58.320000 0 0 0 0 -100
199653.799000 448671.419000 59.814000 0 0 0 0 -100
199653.857000 448671.435000 60.664000 0 0 0 0 -100
199737.728000 448691.763000 46.072000 0 0 0 0 -100
199711.934000 448685.442000 50.444000 0 0 0 0 -100
199681.771000 448678.048000 55.319000 0 0 0 0 -100
199673.059000 448675.912000 56.604000 0 0 0 0 -100
199653.983000 448671.237000 59.821000 0 0 0 0 -100
199653.884000 448671.214000 60.433000 0 0 0 0 -100
199653.718000 448671.175000 60.861000 0 0 0 0 -100
199680.998000 448677.547000 55.391000 0 0 0 0 -100
199680.177000 448677.346000 55.518000 0 0 0 0 -100
199768.507000 448698.570000 48.824000 0 0 0 0 -100
199756.478000 448695.609000 45.034000 0 0 0 0 -100
199756.484000 448695.612000 45.896000 0 0 0 0 -100
199681.271000 448677.169000 55.389000 0 0 0 0 -100
199655.881000 448670.944000 59.473000 0 0 0 0 -100
199654.659000 448670.644000 59.605000 0 0 0 0 -100
199756.611000 448695.355000 45.696000 0 0 0 0 -100
199749.343000 448693.569000 44.342000 0 0 0 0 -100
199736.825000 448690.498000 45.781000 0 0 0 0 -100
199681.426000 448676.917000 55.286000 0 0 0 0 -100
199654.932000 448670.422000 59.734000 0 0 0 0 -100
199772.135000 448698.940000 50.187000 0 0 0 0 -100
199737.522000 448690.435000 45.640000 0 0 0 0 -100
199674.341000 448674.949000 56.681000 0 0 0 0 -100
199674.248000 448674.927000 57.268000 0 0 0 0 -100
199655.065000 448670.224000 60.173000 0 0 0 0 -100
199769.131000 448697.929000 47.998000 0 0 0 0 -100
199674.247000 448674.653000 56.449000 0 0 0 0 -100
199674.295000 448674.667000 57.318000 0 0 0 0 -100
199711.530000 448683.389000 50.776000 0 0 0 0 -100
199685.581000 448677.025000 54.749000 0 0 0 0 -100
199682.023000 448676.152000 55.263000 0 0 0 0 -100
199709.662000 448682.672000 51.159000 0 0 0 0 -100
199685.741000 448676.806000 54.925000 0 0 0 0 -100
199685.510000 448676.750000 55.259000 0 0 0 0 -100
199675.130000 448674.206000 57.441000 0 0 0 0 -100
199655.706000 448669.442000 59.954000 0 0 0 0 -100
199710.133000 448682.553000 50.998000 0 0 0 0 -100
199707.657000 448681.945000 51.266000 0 0 0 0 -100
199707.637000 448681.942000 51.945000 0 0 0 0 -100
199685.762000 448676.576000 54.743000 0 0 0 0 -100
199685.583000 448676.533000 55.195000 0 0 0 0 -100
199685.528000 448676.190000 54.624000 0 0 0 0 -100
199772.259000 448697.015000 49.496000 0 0 0 0 -100
199710.571000 448681.868000 51.871000 0 0 0 0 -100
199693.248000 448677.617000 53.393000 0 0 0 0 -100
199669.850000 448671.876000 56.869000 0 0 0 0 -100
199772.289000 448696.714000 48.764000 0 0 0 0 -100
199693.055000 448677.261000 53.415000 0 0 0 0 -100
199771.963000 448696.409000 48.692000 0 0 0 0 -100
199734.211000 448687.133000 47.041000 0 0 0 0 -100
199712.113000 448681.714000 51.420000 0 0 0 0 -100
199764.131000 448694.181000 45.710000 0 0 0 0 -100
199763.201000 448693.952000 45.442000 0 0 0 0 -100
199740.236000 448688.313000 45.714000 0 0 0 0 -100
199734.091000 448686.805000 46.641000 0 0 0 0 -100
199756.705000 448691.928000 44.543000 0 0 0 0 -100
199752.167000 448690.815000 45.315000 0 0 0 0 -100
199728.281000 448684.951000 47.368000 0 0 0 0 -100
199716.058000 448681.952000 49.708000 0 0 0 0 -100
199700.247000 448678.073000 52.503000 0 0 0 0 -100
199771.905000 448695.388000 48.293000 0 0 0 0 -100
199769.114000 448694.700000 47.477000 0 0 0 0 -100
199769.215000 448694.727000 48.547000 0 0 0 0 -100
199756.615000 448691.624000 44.468000 0 0 0 0 -100
199744.997000 448688.772000 45.114000 0 0 0 0 -100
199700.554000 448677.867000 52.467000 0 0 0 0 -100
199700.608000 448677.882000 53.327000 0 0 0 0 -100
199690.072000 448675.296000 54.317000 0 0 0 0 -100
199671.915000 448670.839000 56.530000 0 0 0 0 -100
199670.321000 448670.447000 56.693000 0 0 0 0 -100
199664.783000 448669.090000 57.612000 0 0 0 0 -100
199659.171000 448667.712000 58.469000 0 0 0 0 -100
199768.978000 448694.423000 47.388000 0 0 0 0 -100
199752.844000 448690.457000 45.351000 0 0 0 0 -100
199752.466000 448690.364000 45.406000 0 0 0 0 -100
199751.981000 448690.245000 45.286000 0 0 0 0 -100
199710.170000 448679.983000 50.829000 0 0 0 0 -100
199700.563000 448677.627000 53.494000 0 0 0 0 -100
199690.310000 448675.112000 54.997000 0 0 0 0 -100
199672.282000 448670.685000 56.543000 0 0 0 0 -100
199658.442000 448667.290000 58.875000 0 0 0 0 -100
199658.467000 448667.298000 59.667000 0 0 0 0 -100
199656.244000 448666.750000 58.805000 0 0 0 0 -100
199743.517000 448687.822000 44.692000 0 0 0 0 -100
199689.826000 448674.648000 54.048000 0 0 0 0 -100
199672.361000 448670.361000 56.547000 0 0 0 0 -100
199671.905000 448670.248000 56.530000 0 0 0 0 -100
199667.507000 448669.170000 57.237000 0 0 0 0 -100
199656.302000 448666.420000 58.918000 0 0 0 0 -100
199678.362000 448671.370000 56.796000 0 0 0 0 -100
199660.074000 448666.881000 59.481000 0 0 0 0 -100
199753.718000 448689.557000 44.279000 0 0 0 0 -100
199753.794000 448689.578000 45.258000 0 0 0 0 -100
199736.039000 448685.218000 46.937000 0 0 0 0 -100
199726.014000 448682.756000 47.735000 0 0 0 0 -100
199718.396000 448680.888000 50.087000 0 0 0 0 -100
199660.123000 448666.583000 58.412000 0 0 0 0 -100
199660.083000 448666.575000 59.219000 0 0 0 0 -100
199753.918000 448689.380000 45.057000 0 0 0 0 -100
199753.555000 448689.289000 44.299000 0 0 0 0 -100
199717.458000 448680.428000 49.442000 0 0 0 0 -100
199717.129000 448680.347000 49.586000 0 0 0 0 -100
199716.754000 448680.255000 49.615000 0 0 0 0 -100
199657.500000 448665.712000 59.464000 0 0 0 0 -100
199756.798000 448689.791000 45.324000 0 0 0 0 -100
199717.424000 448680.123000 49.526000 0 0 0 0 -100
199717.474000 448680.137000 50.462000 0 0 0 0 -100
199677.102000 448670.227000 56.892000 0 0 0 0 -100
199657.857000 448665.503000 59.565000 0 0 0 0 -100
199755.532000 448689.060000 45.198000 0 0 0 0 -100
199712.580000 448678.514000 50.824000 0 0 0 0 -100
199703.152000 448676.198000 52.140000 0 0 0 0 -100
199678.201000 448670.072000 55.726000 0 0 0 0 -100
199677.752000 448669.963000 56.545000 0 0 0 0 -100
199677.442000 448669.887000 56.710000 0 0 0 0 -100
199677.111000 448669.806000 56.858000 0 0 0 0 -100
199676.761000 448669.721000 57.079000 0 0 0 0 -100
199658.361000 448665.203000 59.738000 0 0 0 0 -100
199772.714000 448692.988000 48.936000 0 0 0 0 -100
199756.616000 448689.023000 45.062000 0 0 0 0 -100
199756.284000 448688.942000 45.188000 0 0 0 0 -100
199734.520000 448683.594000 46.480000 0 0 0 0 -100
199727.549000 448681.883000 47.475000 0 0 0 0 -100
199727.179000 448681.792000 47.533000 0 0 0 0 -100
199712.279000 448678.135000 50.492000 0 0 0 0 -100
199703.570000 448675.998000 53.157000 0 0 0 0 -100
199688.691000 448672.343000 54.063000 0 0 0 0 -100
199678.067000 448669.736000 56.596000 0 0 0 0 -100
199676.965000 448669.466000 56.943000 0 0 0 0 -100
199658.641000 448664.967000 59.716000 0 0 0 0 -100
199756.791000 448688.838000 44.936000 0 0 0 0 -100
199734.933000 448683.469000 46.813000 0 0 0 0 -100
199710.995000 448677.591000 50.728000 0 0 0 0 -100
199703.926000 448675.857000 52.621000 0 0 0 0 -100
199703.739000 448675.811000 53.041000 0 0 0 0 -100
199703.344000 448675.714000 53.145000 0 0 0 0 -100
199678.288000 448669.562000 56.552000 0 0 0 0 -100
199677.883000 448669.462000 56.561000 0 0 0 0 -100
199659.598000 448664.972000 59.372000 0 0 0 0 -100
199748.780000 448686.501000 44.184000 0 0 0 0 -100
199743.547000 448685.216000 44.544000 0 0 0 0 -100
199735.064000 448683.134000 46.611000 0 0 0 0 -100
199704.024000 448675.514000 52.555000 0 0 0 0 -100
199703.695000 448675.433000 52.677000 0 0 0 0 -100
199700.243000 448674.584000 52.419000 0 0 0 0 -100
199700.273000 448674.593000 53.344000 0 0 0 0 -100
199659.398000 448664.555000 58.700000 0 0 0 0 -100
199752.463000 448686.922000 44.410000 0 0 0 0 -100
199752.486000 448686.930000 45.257000 0 0 0 0 -100
199703.862000 448674.986000 52.323000 0 0 0 0 -100
199703.438000 448674.882000 52.241000 0 0 0 0 -100
199674.365000 448667.741000 56.113000 0 0 0 0 -100
199671.210000 448666.966000 56.670000 0 0 0 0 -100
199692.007000 448671.752000 53.611000 0 0 0 0 -100
199679.294000 448668.629000 55.403000 0 0 0 0 -100
199670.828000 448666.549000 56.579000 0 0 0 0 -100
199663.705000 448664.801000 57.730000 0 0 0 0 -100
199653.148000 448662.207000 58.992000 0 0 0 0 -100
199691.769000 448671.469000 53.656000 0 0 0 0 -100
199686.516000 448670.180000 55.128000 0 0 0 0 -100
199693.908000 448671.676000 53.299000 0 0 0 0 -100
199691.116000 448670.990000 53.758000 0 0 0 0 -100
199702.852000 448673.433000 52.302000 0 0 0 0 -100
199684.624000 448668.954000 54.746000 0 0 0 0 -100
199756.751000 448686.360000 44.745000 0 0 0 0 -100
199732.485000 448680.395000 46.628000 0 0 0 0 -100
199729.858000 448679.750000 47.227000 0 0 0 0 -100
199744.362000 448683.090000 44.440000 0 0 0 0 -100
199730.184000 448679.608000 47.691000 0 0 0 0 -100
199728.738000 448679.252000 47.370000 0 0 0 0 -100
199749.179000 448683.927000 44.711000 0 0 0 0 -100
199728.061000 448678.738000 47.470000 0 0 0 0 -100
199696.740000 448671.045000 52.880000 0 0 0 0 -100
199696.814000 448671.064000 53.839000 0 0 0 0 -100
199691.058000 448669.649000 54.133000 0 0 0 0 -100
199758.165000 448685.668000 45.297000 0 0 0 0 -100
199749.474000 448683.528000 44.269000 0 0 0 0 -100
199708.260000 448673.402000 51.133000 0 0 0 0 -100
199708.278000 448673.408000 52.064000 0 0 0 0 -100
199700.527000 448671.502000 53.299000 0 0 0 0 -100
199696.280000 448670.459000 53.326000 0 0 0 0 -100
199758.705000 448685.452000 44.236000 0 0 0 0 -100
199758.521000 448685.407000 44.792000 0 0 0 0 -100
199749.661000 448683.226000 44.210000 0 0 0 0 -100
199749.271000 448683.131000 44.266000 0 0 0 0 -100
199738.346000 448680.445000 45.646000 0 0 0 0 -100
199758.741000 448685.205000 45.209000 0 0 0 0 -100
199749.583000 448682.950000 44.187000 0 0 0 0 -100
199712.581000 448673.066000 51.598000 0 0 0 0 -100
199655.203000 448658.960000 59.589000 0 0 0 0 -100
199768.595000 448686.301000 46.722000 0 0 0 0 -100
199764.882000 448685.385000 45.788000 0 0 0 0 -100
199753.632000 448682.613000 43.716000 0 0 0 0 -100
199694.876000 448668.173000 53.255000 0 0 0 0 -100
199676.580000 448663.674000 55.781000 0 0 0 0 -100
199652.847000 448657.840000 58.980000 0 0 0 0 -100
199742.079000 448679.445000 45.936000 0 0 0 0 -100
199709.221000 448671.370000 52.146000 0 0 0 0 -100
199691.413000 448666.992000 54.553000 0 0 0 0 -100
199676.705000 448663.373000 55.771000 0 0 0 0 -100
199676.601000 448663.349000 56.405000 0 0 0 0 -100
199768.140000 448685.395000 46.581000 0 0 0 0 -100
199696.061000 448667.668000 53.769000 0 0 0 0 -100
199688.854000 448665.894000 53.942000 0 0 0 0 -100
199676.662000 448662.898000 56.762000 0 0 0 0 -100
199705.786000 448669.713000 51.392000 0 0 0 0 -100
199696.504000 448667.434000 53.826000 0 0 0 0 -100
199682.905000 448664.087000 54.834000 0 0 0 0 -100
199770.984000 448685.530000 46.121000 0 0 0 0 -100
199771.056000 448685.549000 47.204000 0 0 0 0 -100
199768.589000 448684.940000 46.232000 0 0 0 0 -100
199696.770000 448667.279000 53.971000 0 0 0 0 -100
199721.067000 448672.906000 48.646000 0 0 0 0 -100
199696.783000 448666.940000 53.984000 0 0 0 0 -100
199654.536000 448656.549000 58.523000 0 0 0 0 -100
199654.151000 448656.455000 58.557000 0 0 0 0 -100
199686.020000 448663.847000 54.353000 0 0 0 0 -100
199771.047000 448684.460000 46.875000 0 0 0 0 -100
199751.668000 448679.684000 43.841000 0 0 0 0 -100
199745.683000 448678.213000 45.288000 0 0 0 0 -100
199686.767000 448663.724000 54.158000 0 0 0 0 -100
199686.377000 448663.628000 54.236000 0 0 0 0 -100
199771.199000 448684.266000 46.653000 0 0 0 0 -100
199693.532000 448665.158000 53.478000 0 0 0 0 -100
199687.066000 448663.567000 54.302000 0 0 0 0 -100
199766.367000 448682.266000 44.703000 0 0 0 0 -100
199763.261000 448681.500000 44.219000 0 0 0 0 -100
199760.372000 448680.791000 44.874000 0 0 0 0 -100
199713.986000 448669.378000 50.205000 0 0 0 0 -100
199655.883000 448655.085000 58.369000 0 0 0 0 -100
199766.444000 448681.959000 44.676000 0 0 0 0 -100
199760.347000 448680.458000 44.702000 0 0 0 0 -100
199759.899000 448680.347000 44.631000 0 0 0 0 -100
199758.844000 448680.087000 44.155000 0 0 0 0 -100
199714.467000 448669.169000 50.138000 0 0 0 0 -100
199684.833000 448661.879000 54.257000 0 0 0 0 -100
199662.015000 448656.267000 57.412000 0 0 0 0 -100
199656.321000 448654.865000 58.201000 0 0 0 0 -100
199759.565000 448680.046000 44.230000 0 0 0 0 -100
199720.819000 448670.513000 48.868000 0 0 0 0 -100
199715.211000 448669.134000 50.081000 0 0 0 0 -100
199656.578000 448654.710000 58.031000 0 0 0 0 -100
199763.656000 448680.738000 44.644000 0 0 0 0 -100
199763.653000 448680.739000 45.515000 0 0 0 0 -100
199760.347000 448679.923000 44.573000 0 0 0 0 -100
199728.247000 448672.023000 47.370000 0 0 0 0 -100
199723.701000 448670.907000 49.206000 0 0 0 0 -100
199672.021000 448658.190000 55.901000 0 0 0 0 -100
199691.944000 448662.651000 53.236000 0 0 0 0 -100
199760.650000 448679.256000 44.535000 0 0 0 0 -100
199694.347000 448662.939000 52.950000 0 0 0 0 -100
199653.284000 448652.831000 58.284000 0 0 0 0 -100
199760.717000 448679.030000 44.525000 0 0 0 0 -100
199759.644000 448678.764000 43.960000 0 0 0 0 -100
199747.827000 448675.855000 45.067000 0 0 0 0 -100
199714.425000 448667.636000 50.080000 0 0 0 0 -100
199702.743000 448664.761000 51.955000 0 0 0 0 -100
199702.760000 448664.767000 52.813000 0 0 0 0 -100
199758.354000 448678.098000 43.991000 0 0 0 0 -100
199702.748000 448664.413000 51.977000 0 0 0 0 -100
199702.711000 448664.405000 52.709000 0 0 0 0 -100
199714.403000 448666.806000 50.131000 0 0 0 0 -100
199677.571000 448657.740000 55.211000 0 0 0 0 -100
199719.917000 448667.829000 49.028000 0 0 0 0 -100
199731.413000 448670.407000 46.856000 0 0 0 0 -100
199715.175000 448666.414000 51.190000 0 0 0 0 -100
199679.264000 448657.241000 55.039000 0 0 0 0 -100
199679.341000 448657.262000 56.011000 0 0 0 0 -100
199677.111000 448656.710000 55.135000 0 0 0 0 -100
199742.902000 448672.471000 45.026000 0 0 0 0 -100
199708.916000 448664.106000 51.391000 0 0 0 0 -100
199708.846000 448664.090000 52.063000 0 0 0 0 -100
199708.931000 448663.813000 51.757000 0 0 0 0 -100
199722.328000 448666.849000 48.554000 0 0 0 0 -100
199699.729000 448661.284000 52.095000 0 0 0 0 -100
199691.795000 448659.333000 53.936000 0 0 0 0 -100
199653.632000 448649.933000 58.146000 0 0 0 0 -100
199653.185000 448649.823000 58.176000 0 0 0 0 -100
199771.975000 448678.750000 45.564000 0 0 0 0 -100
199710.741000 448663.664000 50.607000 0 0 0 0 -100
199703.074000 448661.776000 52.038000 0 0 0 0 -100
199703.026000 448661.765000 52.791000 0 0 0 0 -100
199691.476000 448658.920000 53.468000 0 0 0 0 -100
199653.952000 448649.677000 58.147000 0 0 0 0 -100
199653.994000 448649.689000 58.950000 0 0 0 0 -100
199751.191000 448673.139000 43.695000 0 0 0 0 -100
199751.150000 448673.131000 44.500000 0 0 0 0 -100
199691.627000 448658.473000 53.440000 0 0 0 0 -100
199691.124000 448658.348000 53.390000 0 0 0 0 -100
199679.077000 448655.380000 54.756000 0 0 0 0 -100
199661.296000 448651.001000 57.067000 0 0 0 0 -100
199661.133000 448650.962000 57.501000 0 0 0 0 -100
199661.110000 448650.957000 58.232000 0 0 0 0 -100
199679.334000 448655.129000 55.942000 0 0 0 0 -100
199661.771000 448650.801000 56.950000 0 0 0 0 -100
199753.182000 448673.076000 43.623000 0 0 0 0 -100
199753.218000 448673.086000 44.521000 0 0 0 0 -100
199735.775000 448668.790000 46.116000 0 0 0 0 -100
199735.469000 448668.714000 46.278000 0 0 0 0 -100
199674.219000 448653.632000 55.322000 0 0 0 0 -100
199662.080000 448650.643000 56.837000 0 0 0 0 -100
199746.503000 448671.111000 45.123000 0 0 0 0 -100
199739.243000 448669.323000 45.606000 0 0 0 0 -100
199718.308000 448664.169000 49.637000 0 0 0 0 -100
199718.370000 448664.186000 50.598000 0 0 0 0 -100
199711.209000 448662.421000 50.440000 0 0 0 0 -100
199679.816000 448654.689000 54.737000 0 0 0 0 -100
199679.702000 448654.662000 55.333000 0 0 0 0 -100
199767.412000 448675.845000 44.226000 0 0 0 0 -100
199767.323000 448675.824000 44.845000 0 0 0 0 -100
199767.191000 448675.793000 45.488000 0 0 0 0 -100
199736.673000 448668.270000 46.055000 0 0 0 0 -100
199736.259000 448668.168000 46.045000 0 0 0 0 -100
199727.507000 448666.013000 47.799000 0 0 0 0 -100
199718.321000 448663.752000 49.577000 0 0 0 0 -100
199677.011000 448653.576000 54.824000 0 0 0 0 -100
199669.309000 448651.678000 55.869000 0 0 0 0 -100
199668.997000 448651.601000 56.032000 0 0 0 0 -100
199662.517000 448650.006000 56.819000 0 0 0 0 -100
199736.766000 448667.975000 46.085000 0 0 0 0 -100
199732.602000 448666.719000 47.892000 0 0 0 0 -100
199731.857000 448666.536000 48.086000 0 0 0 0 -100
199672.519000 448651.919000 56.187000 0 0 0 0 -100
199773.042000 448676.362000 46.760000 0 0 0 0 -100
199718.335000 448662.876000 49.623000 0 0 0 0 -100
199718.375000 448662.888000 50.539000 0 0 0 0 -100
199678.499000 448653.061000 54.551000 0 0 0 0 -100
199771.903000 448675.227000 46.303000 0 0 0 0 -100
199706.703000 448659.153000 51.008000 0 0 0 0 -100
199705.893000 448658.954000 51.135000 0 0 0 0 -100
199689.672000 448654.957000 53.388000 0 0 0 0 -100
199689.609000 448654.943000 54.061000 0 0 0 0 -100
199772.829000 448675.192000 46.343000 0 0 0 0 -100
199772.153000 448675.025000 45.749000 0 0 0 0 -100
199772.089000 448675.010000 46.472000 0 0 0 0 -100
199746.442000 448668.682000 45.181000 0 0 0 0 -100
199689.835000 448654.736000 53.350000 0 0 0 0 -100
199689.818000 448654.733000 54.156000 0 0 0 0 -100
199673.957000 448650.822000 54.991000 0 0 0 0 -100
199662.712000 448648.053000 56.457000 0 0 0 0 -100
199772.231000 448674.729000 45.807000 0 0 0 0 -100
199772.132000 448674.706000 46.428000 0 0 0 0 -100
199744.815000 448667.966000 45.164000 0 0 0 0 -100
199674.019000 448650.521000 54.999000 0 0 0 0 -100
199769.148000 448673.532000 44.685000 0 0 0 0 -100
199761.849000 448671.730000 43.970000 0 0 0 0 -100
199769.737000 448673.390000 44.693000 0 0 0 0 -100
199676.182000 448650.327000 55.824000 0 0 0 0 -100
199769.856000 448673.176000 44.735000 0 0 0 0 -100
199747.586000 448667.334000 43.708000 0 0 0 0 -100
199745.413000 448666.324000 44.983000 0 0 0 0 -100
199667.427000 448647.100000 56.680000 0 0 0 0 -100
199656.722000 448644.125000 57.628000 0 0 0 0 -100
199758.059000 448668.853000 44.317000 0 0 0 0 -100
199744.427000 448665.491000 44.215000 0 0 0 0 -100
199735.823000 448663.369000 46.074000 0 0 0 0 -100
199751.588000 448666.949000 43.584000 0 0 0 0 -100
199733.473000 448662.484000 47.112000 0 0 0 0 -100
199707.302000 448656.032000 50.831000 0 0 0 0 -100
199708.502000 448655.862000 51.892000 0 0 0 0 -100
199702.398000 448654.355000 52.422000 0 0 0 0 -100
199666.270000 448645.445000 56.022000 0 0 0 0 -100
199666.295000 448645.453000 56.845000 0 0 0 0 -100
199677.185000 448647.862000 54.474000 0 0 0 0 -100
199666.276000 448645.173000 56.582000 0 0 0 0 -100
199705.560000 448654.649000 51.499000 0 0 0 0 -100
199703.785000 448654.210000 51.325000 0 0 0 0 -100
199697.095000 448652.561000 53.122000 0 0 0 0 -100
199696.742000 448652.474000 53.267000 0 0 0 0 -100
199666.573000 448645.035000 56.868000 0 0 0 0 -100
199738.084000 448662.375000 45.371000 0 0 0 0 -100
199706.130000 448654.496000 51.042000 0 0 0 0 -100
199705.750000 448654.402000 51.155000 0 0 0 0 -100
199702.239000 448653.536000 51.556000 0 0 0 0 -100
199697.035000 448652.253000 53.077000 0 0 0 0 -100
199722.704000 448658.137000 48.867000 0 0 0 0 -100
199690.596000 448650.217000 53.639000 0 0 0 0 -100
199687.030000 448649.336000 53.372000 0 0 0 0 -100
199687.020000 448649.335000 54.232000 0 0 0 0 -100
199760.280000 448667.073000 43.535000 0 0 0 0 -100
199759.446000 448666.866000 43.477000 0 0 0 0 -100
199699.274000 448652.022000 51.669000 0 0 0 0 -100
199773.294000 448670.028000 46.023000 0 0 0 0 -100
199760.275000 448666.809000 43.550000 0 0 0 0 -100
199759.906000 448666.718000 43.527000 0 0 0 0 -100
199746.170000 448663.328000 44.142000 0 0 0 0 -100
199682.227000 448647.556000 53.996000 0 0 0 0 -100
199773.151000 448669.676000 46.119000 0 0 0 0 -100
199764.237000 448667.470000 43.722000 0 0 0 0 -100
199763.879000 448667.381000 43.792000 0 0 0 0 -100
199760.484000 448666.543000 43.634000 0 0 0 0 -100
199746.504000 448663.093000 44.317000 0 0 0 0 -100
199746.493000 448663.091000 45.182000 0 0 0 0 -100
199696.403000 448650.735000 53.048000 0 0 0 0 -100
199751.629000 448663.903000 44.413000 0 0 0 0 -100
199745.344000 448662.351000 44.212000 0 0 0 0 -100
199761.647000 448666.075000 43.665000 0 0 0 0 -100
199751.848000 448663.655000 44.637000 0 0 0 0 -100
199751.515000 448663.573000 44.788000 0 0 0 0 -100
199762.147000 448665.935000 43.715000 0 0 0 0 -100
199708.986000 448652.809000 50.518000 0 0 0 0 -100
199709.063000 448652.830000 51.476000 0 0 0 0 -100
199704.412000 448651.320000 52.215000 0 0 0 0 -100
199667.201000 448642.127000 55.260000 0 0 0 0 -100
199735.319000 448658.449000 46.226000 0 0 0 0 -100
199735.295000 448658.444000 46.984000 0 0 0 0 -100
199714.002000 448653.182000 49.620000 0 0 0 0 -100
199704.338000 448650.796000 52.032000 0 0 0 0 -100
199673.571000 448643.192000 55.193000 0 0 0 0 -100
199653.749000 448638.295000 57.716000 0 0 0 0 -100
199764.157000 448665.222000 43.702000 0 0 0 0 -100
199742.515000 448659.873000 45.692000 0 0 0 0 -100
199726.487000 448655.911000 47.863000 0 0 0 0 -100
199703.068000 448650.125000 52.135000 0 0 0 0 -100
199764.684000 448665.082000 43.729000 0 0 0 0 -100
199726.617000 448655.672000 47.755000 0 0 0 0 -100
199720.762000 448654.227000 49.379000 0 0 0 0 -100
199702.302000 448649.663000 51.167000 0 0 0 0 -100
199657.564000 448638.607000 57.383000 0 0 0 0 -100
199764.995000 448664.832000 43.714000 0 0 0 0 -100
199741.975000 448658.374000 44.785000 0 0 0 0 -100
199723.908000 448653.907000 48.837000 0 0 0 0 -100
199723.898000 448653.907000 49.612000 0 0 0 0 -100
199722.837000 448653.642000 48.341000 0 0 0 0 -100
199715.950000 448651.939000 49.620000 0 0 0 0 -100
199715.967000 448651.944000 50.466000 0 0 0 0 -100
199759.528000 448662.459000 43.947000 0 0 0 0 -100
199759.443000 448662.439000 44.569000 0 0 0 0 -100
199760.038000 448662.237000 43.380000 0 0 0 0 -100
199716.553000 448651.479000 50.239000 0 0 0 0 -100
199708.189000 448649.409000 51.118000 0 0 0 0 -100
199672.780000 448640.646000 54.229000 0 0 0 0 -100
199737.514000 448656.162000 45.703000 0 0 0 0 -100
199737.152000 448656.072000 45.798000 0 0 0 0 -100
199736.795000 448655.984000 45.856000 0 0 0 0 -100
199724.566000 448652.958000 48.952000 0 0 0 0 -100
199711.781000 448649.795000 51.001000 0 0 0 0 -100
199711.478000 448649.720000 51.173000 0 0 0 0 -100
199676.753000 448641.121000 53.982000 0 0 0 0 -100
199676.662000 448641.100000 54.556000 0 0 0 0 -100
199675.201000 448640.737000 54.979000 0 0 0 0 -100
199773.398000 448664.687000 45.111000 0 0 0 0 -100
199743.155000 448657.192000 45.403000 0 0 0 0 -100
199737.202000 448655.718000 45.822000 0 0 0 0 -100
199711.835000 448649.439000 51.143000 0 0 0 0 -100
199676.927000 448640.793000 54.253000 0 0 0 0 -100
199676.881000 448640.782000 54.930000 0 0 0 0 -100
199711.817000 448649.127000 50.419000 0 0 0 0 -100
199691.948000 448644.206000 52.835000 0 0 0 0 -100
199681.616000 448641.646000 53.569000 0 0 0 0 -100
199679.128000 448641.030000 53.646000 0 0 0 0 -100
199679.072000 448641.017000 54.350000 0 0 0 0 -100
199765.330000 448662.001000 43.759000 0 0 0 0 -100
199745.406000 448657.064000 44.367000 0 0 0 0 -100
199745.383000 448657.058000 45.111000 0 0 0 0 -100
199694.938000 448644.565000 52.950000 0 0 0 0 -100
199742.463000 448655.821000 44.737000 0 0 0 0 -100
199736.203000 448653.597000 47.329000 0 0 0 0 -100
199689.092000 448641.912000 53.151000 0 0 0 0 -100
199686.800000 448641.343000 52.831000 0 0 0 0 -100
199684.298000 448640.339000 53.854000 0 0 0 0 -100
199765.196000 448659.923000 43.863000 0 0 0 0 -100
199707.625000 448645.634000 50.144000 0 0 0 0 -100
199733.223000 448651.620000 46.564000 0 0 0 0 -100
199683.484000 448639.274000 53.146000 0 0 0 0 -100
199676.445000 448637.526000 53.677000 0 0 0 0 -100
199670.342000 448636.011000 54.244000 0 0 0 0 -100
199760.828000 448658.184000 44.062000 0 0 0 0 -100
199754.327000 448656.569000 43.240000 0 0 0 0 -100
199683.767000 448639.053000 53.811000 0 0 0 0 -100
199676.390000 448637.221000 53.727000 0 0 0 0 -100
199757.647000 448656.493000 43.142000 0 0 0 0 -100
199697.822000 448641.633000 51.178000 0 0 0 0 -100
199682.473000 448637.820000 52.878000 0 0 0 0 -100
199759.609000 448656.638000 43.266000 0 0 0 0 -100
199730.617000 448649.434000 46.659000 0 0 0 0 -100
199698.051000 448641.344000 51.154000 0 0 0 0 -100
199698.145000 448641.368000 52.223000 0 0 0 0 -100
199675.953000 448635.854000 53.684000 0 0 0 0 -100
199698.201000 448641.144000 51.878000 0 0 0 0 -100
199658.515000 448631.284000 56.435000 0 0 0 0 -100
199655.438000 448630.518000 56.306000 0 0 0 0 -100
199655.543000 448630.194000 55.648000 0 0 0 0 -100
199655.656000 448630.224000 56.665000 0 0 0 0 -100
199753.126000 448653.981000 43.807000 0 0 0 0 -100
199753.099000 448653.975000 44.667000 0 0 0 0 -100
199705.488000 448642.140000 50.296000 0 0 0 0 -100
199705.574000 448642.162000 51.246000 0 0 0 0 -100
199685.581000 448637.192000 52.974000 0 0 0 0 -100
199665.519000 448632.204000 54.828000 0 0 0 0 -100
199665.288000 448632.147000 55.204000 0 0 0 0 -100
199657.203000 448630.137000 56.142000 0 0 0 0 -100
199772.880000 448658.543000 44.652000 0 0 0 0 -100
199765.927000 448656.809000 42.872000 0 0 0 0 -100
199739.557000 448650.255000 45.361000 0 0 0 0 -100
199722.214000 448645.945000 48.924000 0 0 0 0 -100
199705.154000 448641.703000 50.222000 0 0 0 0 -100
199705.282000 448641.736000 51.296000 0 0 0 0 -100
199665.711000 448631.898000 54.826000 0 0 0 0 -100
199665.735000 448631.906000 55.691000 0 0 0 0 -100
199657.872000 448629.949000 55.563000 0 0 0 0 -100
199665.815000 448631.642000 55.634000 0 0 0 0 -100
199655.058000 448628.967000 56.480000 0 0 0 0 -100
199658.711000 448629.049000 55.053000 0 0 0 0 -100
199658.588000 448629.020000 55.646000 0 0 0 0 -100
199657.924000 448628.855000 56.078000 0 0 0 0 -100
199745.202000 448650.229000 44.309000 0 0 0 0 -100
199658.825000 448628.751000 54.998000 0 0 0 0 -100
199762.865000 448654.398000 43.419000 0 0 0 0 -100
199763.002000 448654.434000 44.587000 0 0 0 0 -100
199750.357000 448651.289000 44.756000 0 0 0 0 -100
199725.774000 448645.176000 47.945000 0 0 0 0 -100
199725.507000 448645.109000 47.411000 0 0 0 0 -100
199682.694000 448634.463000 53.732000 0 0 0 0 -100
199677.661000 448633.212000 53.957000 0 0 0 0 -100
199657.798000 448628.272000 56.241000 0 0 0 0 -100
199750.194000 448650.887000 43.782000 0 0 0 0 -100
199725.762000 448644.812000 47.278000 0 0 0 0 -100
199772.597000 448655.988000 45.539000 0 0 0 0 -100
199773.382000 448655.810000 45.072000 0 0 0 0 -100
199772.346000 448655.553000 45.471000 0 0 0 0 -100
199708.911000 448639.766000 50.315000 0 0 0 0 -100
199700.944000 448637.781000 50.355000 0 0 0 0 -100
199700.804000 448637.747000 50.954000 0 0 0 0 -100
199700.690000 448637.719000 51.513000 0 0 0 0 -100
199659.603000 448627.495000 54.960000 0 0 0 0 -100
199653.663000 448626.015000 55.287000 0 0 0 0 -100
199653.660000 448626.016000 56.074000 0 0 0 0 -100
199772.489000 448655.319000 45.248000 0 0 0 0 -100
199772.408000 448655.300000 45.958000 0 0 0 0 -100
199729.053000 448644.506000 47.318000 0 0 0 0 -100
199700.937000 448637.511000 50.691000 0 0 0 0 -100
199700.881000 448637.498000 51.453000 0 0 0 0 -100
199659.693000 448627.249000 55.462000 0 0 0 0 -100
199654.510000 448625.958000 55.435000 0 0 0 0 -100
199759.934000 448651.826000 43.093000 0 0 0 0 -100
199693.040000 448635.182000 51.395000 0 0 0 0 -100
199693.028000 448635.180000 52.124000 0 0 0 0 -100
199659.781000 448626.906000 55.934000 0 0 0 0 -100
199654.664000 448625.632000 55.981000 0 0 0 0 -100
199761.981000 448651.892000 44.173000 0 0 0 0 -100
199746.829000 448648.119000 44.372000 0 0 0 0 -100
199746.360000 448648.002000 44.266000 0 0 0 0 -100
199693.303000 448634.800000 51.972000 0 0 0 0 -100
199729.937000 448643.596000 46.737000 0 0 0 0 -100
199729.887000 448643.585000 47.531000 0 0 0 0 -100
199657.535000 448625.576000 54.782000 0 0 0 0 -100
199729.846000 448643.358000 46.488000 0 0 0 0 -100
199729.944000 448643.384000 47.511000 0 0 0 0 -100
199726.597000 448642.549000 46.738000 0 0 0 0 -100
199696.466000 448635.050000 51.141000 0 0 0 0 -100
199660.339000 448626.060000 55.753000 0 0 0 0 -100
199701.996000 448636.075000 50.292000 0 0 0 0 -100
199701.886000 448636.049000 50.905000 0 0 0 0 -100
199674.280000 448629.177000 54.293000 0 0 0 0 -100
199673.511000 448628.986000 54.415000 0 0 0 0 -100
199719.797000 448640.021000 48.925000 0 0 0 0 -100
199715.676000 448638.992000 48.234000 0 0 0 0 -100
199681.636000 448630.515000 52.154000 0 0 0 0 -100
199715.868000 448638.640000 48.158000 0 0 0 0 -100
199715.922000 448638.655000 49.100000 0 0 0 0 -100
199738.464000 448643.998000 45.681000 0 0 0 0 -100
199720.060000 448639.414000 48.078000 0 0 0 0 -100
199683.254000 448630.245000 52.242000 0 0 0 0 -100
199674.977000 448628.184000 53.617000 0 0 0 0 -100
199666.139000 448625.981000 53.964000 0 0 0 0 -100
199761.089000 448649.273000 43.162000 0 0 0 0 -100
199744.566000 448645.157000 44.619000 0 0 0 0 -100
199744.192000 448645.064000 44.732000 0 0 0 0 -100
199720.306000 448639.116000 48.586000 0 0 0 0 -100
199686.348000 448630.656000 52.607000 0 0 0 0 -100
199761.271000 448648.882000 43.469000 0 0 0 0 -100
199761.224000 448648.871000 44.222000 0 0 0 0 -100
199753.815000 448647.023000 43.376000 0 0 0 0 -100
199721.617000 448639.002000 47.820000 0 0 0 0 -100
199717.796000 448638.049000 47.849000 0 0 0 0 -100
199715.870000 448637.568000 48.145000 0 0 0 0 -100
199715.497000 448637.476000 48.247000 0 0 0 0 -100
199686.338000 448630.210000 51.655000 0 0 0 0 -100
199674.952000 448626.847000 53.419000 0 0 0 0 -100
199704.249000 448633.811000 49.398000 0 0 0 0 -100
199704.237000 448633.809000 50.137000 0 0 0 0 -100
199683.782000 448628.710000 51.729000 0 0 0 0 -100
199679.903000 448627.746000 53.319000 0 0 0 0 -100
199677.965000 448627.262000 52.833000 0 0 0 0 -100
199675.863000 448626.739000 53.725000 0 0 0 0 -100
199675.309000 448626.601000 53.568000 0 0 0 0 -100
199757.996000 448646.739000 43.986000 0 0 0 0 -100
199735.286000 448641.075000 45.690000 0 0 0 0 -100
199735.220000 448641.060000 46.479000 0 0 0 0 -100
199686.900000 448629.014000 51.507000 0 0 0 0 -100
199686.525000 448628.921000 51.615000 0 0 0 0 -100
199678.790000 448626.992000 52.339000 0 0 0 0 -100
199677.685000 448626.719000 53.492000 0 0 0 0 -100
199758.153000 448646.397000 44.131000 0 0 0 0 -100
199735.368000 448640.715000 45.749000 0 0 0 0 -100
199735.352000 448640.713000 46.639000 0 0 0 0 -100
199734.470000 448640.490000 45.654000 0 0 0 0 -100
199722.629000 448637.538000 47.025000 0 0 0 0 -100
199686.890000 448628.627000 51.473000 0 0 0 0 -100
199686.897000 448628.631000 52.367000 0 0 0 0 -100
199728.901000 448638.814000 46.300000 0 0 0 0 -100
199722.983000 448637.339000 46.970000 0 0 0 0 -100
199677.441000 448625.985000 53.235000 0 0 0 0 -100
199656.987000 448620.882000 54.444000 0 0 0 0 -100
199656.883000 448620.857000 55.073000 0 0 0 0 -100
199729.172000 448638.497000 46.474000 0 0 0 0 -100
199676.843000 448625.450000 53.278000 0 0 0 0 -100
199674.513000 448624.869000 53.661000 0 0 0 0 -100
199672.509000 448624.369000 53.956000 0 0 0 0 -100
199742.092000 448641.246000 44.772000 0 0 0 0 -100
199742.209000 448641.278000 45.986000 0 0 0 0 -100
199725.087000 448637.004000 46.532000 0 0 0 0 -100
199682.469000 448626.374000 51.718000 0 0 0 0 -100
199677.591000 448625.158000 52.239000 0 0 0 0 -100
199673.314000 448624.093000 53.851000 0 0 0 0 -100
199672.954000 448624.004000 54.011000 0 0 0 0 -100
199672.380000 448623.860000 53.842000 0 0 0 0 -100
199742.047000 448640.917000 44.704000 0 0 0 0 -100
199675.524000 448624.325000 53.179000 0 0 0 0 -100
199660.065000 448620.469000 54.985000 0 0 0 0 -100
199741.022000 448640.416000 45.249000 0 0 0 0 -100
199736.530000 448639.294000 45.397000 0 0 0 0 -100
199721.078000 448635.441000 47.972000 0 0 0 0 -100
199682.733000 448625.873000 51.575000 0 0 0 0 -100
199676.840000 448624.406000 53.416000 0 0 0 0 -100
199659.959000 448620.193000 54.120000 0 0 0 0 -100
199736.325000 448638.892000 45.422000 0 0 0 0 -100
199674.554000 448623.482000 53.474000 0 0 0 0 -100
199735.999000 448638.326000 45.395000 0 0 0 0 -100
199722.180000 448634.876000 46.951000 0 0 0 0 -100
199722.287000 448634.906000 47.937000 0 0 0 0 -100
199672.215000 448622.406000 52.922000 0 0 0 0 -100
199768.093000 448645.982000 44.484000 0 0 0 0 -100
199767.909000 448645.937000 44.971000 0 0 0 0 -100
199764.865000 448645.174000 43.781000 0 0 0 0 -100
199764.425000 448645.063000 43.721000 0 0 0 0 -100
199763.241000 448644.499000 43.722000 0 0 0 0 -100
199730.818000 448636.403000 45.876000 0 0 0 0 -100
199730.598000 448636.350000 47.130000 0 0 0 0 -100
199721.856000 448634.169000 48.007000 0 0 0 0 -100
199720.123000 448633.733000 46.927000 0 0 0 0 -100
199685.006000 448624.969000 52.056000 0 0 0 0 -100
199675.334000 448622.552000 52.222000 0 0 0 0 -100
199674.906000 448622.445000 52.344000 0 0 0 0 -100
199673.360000 448622.061000 53.423000 0 0 0 0 -100
199745.532000 448639.715000 44.327000 0 0 0 0 -100
199745.547000 448639.721000 45.127000 0 0 0 0 -100
199745.154000 448639.621000 44.315000 0 0 0 0 -100
199685.104000 448624.628000 51.947000 0 0 0 0 -100
199672.162000 448621.396000 53.442000 0 0 0 0 -100
199756.305000 448641.929000 42.420000 0 0 0 0 -100
199743.356000 448638.698000 44.580000 0 0 0 0 -100
199715.290000 448631.689000 48.489000 0 0 0 0 -100
199711.132000 448630.650000 48.628000 0 0 0 0 -100
199685.581000 448624.269000 51.719000 0 0 0 0 -100
199758.056000 448642.032000 42.348000 0 0 0 0 -100
199756.862000 448641.733000 42.337000 0 0 0 0 -100
199756.019000 448641.522000 42.334000 0 0 0 0 -100
199715.599000 448631.428000 48.073000 0 0 0 0 -100
199715.249000 448631.341000 48.197000 0 0 0 0 -100
199683.728000 448623.466000 51.172000 0 0 0 0 -100
199764.187000 448643.347000 44.317000 0 0 0 0 -100
199758.763000 448641.989000 42.353000 0 0 0 0 -100
199758.333000 448641.882000 42.298000 0 0 0 0 -100
199757.915000 448641.777000 42.291000 0 0 0 0 -100
199739.575000 448637.199000 45.340000 0 0 0 0 -100
199684.369000 448623.408000 51.019000 0 0 0 0 -100
199683.621000 448623.221000 51.131000 0 0 0 0 -100
199763.965000 448642.997000 44.053000 0 0 0 0 -100
199759.110000 448641.782000 42.325000 0 0 0 0 -100
199758.723000 448641.685000 42.358000 0 0 0 0 -100
199758.328000 448641.586000 42.354000 0 0 0 0 -100
199756.648000 448641.166000 42.288000 0 0 0 0 -100
199754.557000 448640.643000 42.330000 0 0 0 0 -100
199739.680000 448636.929000 44.897000 0 0 0 0 -100
199760.377000 448641.648000 42.309000 0 0 0 0 -100
199759.156000 448641.344000 42.331000 0 0 0 0 -100
199758.744000 448641.241000 42.290000 0 0 0 0 -100
199758.342000 448641.140000 42.292000 0 0 0 0 -100
199757.463000 448640.920000 42.284000 0 0 0 0 -100
199757.045000 448640.815000 42.278000 0 0 0 0 -100
199756.646000 448640.716000 42.313000 0 0 0 0 -100
199756.221000 448640.610000 42.315000 0 0 0 0 -100
199755.461000 448640.419000 42.299000 0 0 0 0 -100
199740.999000 448636.809000 44.938000 0 0 0 0 -100
199741.097000 448636.836000 46.045000 0 0 0 0 -100
199710.235000 448629.121000 47.654000 0 0 0 0 -100
199702.373000 448627.158000 49.689000 0 0 0 0 -100
199693.858000 448625.029000 49.660000 0 0 0 0 -100
199687.552000 448623.456000 51.420000 0 0 0 0 -100
199672.482000 448619.690000 52.866000 0 0 0 0 -100
199761.133000 448641.517000 42.340000 0 0 0 0 -100
199760.712000 448641.412000 42.325000 0 0 0 0 -100
199760.281000 448641.304000 42.313000 0 0 0 0 -100
199759.884000 448641.204000 42.325000 0 0 0 0 -100
199759.440000 448641.094000 42.310000 0 0 0 0 -100
199759.031000 448640.992000 42.345000 0 0 0 0 -100
199758.621000 448640.890000 42.333000 0 0 0 0 -100
199758.227000 448640.791000 42.328000 0 0 0 0 -100
199757.796000 448640.683000 42.319000 0 0 0 0 -100
199757.395000 448640.583000 42.324000 0 0 0 0 -100
199757.001000 448640.484000 42.320000 0 0 0 0 -100
199756.576000 448640.378000 42.372000 0 0 0 0 -100
199755.328000 448640.066000 42.320000 0 0 0 0 -100
199754.879000 448639.953000 42.321000 0 0 0 0 -100
199754.075000 448639.752000 42.331000 0 0 0 0 -100
199753.771000 448639.676000 42.541000 0 0 0 0 -100
199694.077000 448624.760000 49.539000 0 0 0 0 -100
199694.243000 448624.804000 50.676000 0 0 0 0 -100
199761.540000 448641.330000 42.314000 0 0 0 0 -100
199761.118000 448641.224000 42.321000 0 0 0 0 -100
199760.712000 448641.122000 42.338000 0 0 0 0 -100
199759.949000 448640.931000 42.335000 0 0 0 0 -100
199759.487000 448640.817000 42.306000 0 0 0 0 -100
199759.085000 448640.716000 42.356000 0 0 0 0 -100
199758.722000 448640.626000 42.370000 0 0 0 0 -100
199758.268000 448640.512000 42.310000 0 0 0 0 -100
199757.816000 448640.399000 42.304000 0 0 0 0 -100
199757.400000 448640.295000 42.300000 0 0 0 0 -100
199757.032000 448640.203000 42.329000 0 0 0 0 -100
199756.207000 448639.996000 42.388000 0 0 0 0 -100
199755.786000 448639.891000 42.329000 0 0 0 0 -100
199754.564000 448639.585000 42.333000 0 0 0 0 -100
199753.873000 448639.413000 42.580000 0 0 0 0 -100
199688.605000 448623.104000 50.352000 0 0 0 0 -100
199761.916000 448641.041000 42.348000 0 0 0 0 -100
199761.493000 448640.935000 42.304000 0 0 0 0 -100
199761.086000 448640.834000 42.320000 0 0 0 0 -100
199760.682000 448640.732000 42.342000 0 0 0 0 -100
199760.258000 448640.626000 42.345000 0 0 0 0 -100
199759.402000 448640.413000 42.309000 0 0 0 0 -100
199759.013000 448640.316000 42.341000 0 0 0 0 -100
199758.604000 448640.213000 42.329000 0 0 0 0 -100
199758.199000 448640.112000 42.301000 0 0 0 0 -100
199757.756000 448640.001000 42.313000 0 0 0 0 -100
199757.349000 448639.899000 42.284000 0 0 0 0 -100
199756.998000 448639.811000 42.347000 0 0 0 0 -100
199756.569000 448639.704000 42.319000 0 0 0 0 -100
199754.551000 448639.199000 42.347000 0 0 0 0 -100
199754.228000 448639.119000 42.473000 0 0 0 0 -100
199753.290000 448638.883000 42.344000 0 0 0 0 -100
199749.484000 448637.937000 44.727000 0 0 0 0 -100
199738.804000 448635.265000 44.944000 0 0 0 0 -100
199702.551000 448626.203000 48.672000 0 0 0 0 -100
199689.081000 448622.839000 51.357000 0 0 0 0 -100
199762.222000 448640.635000 42.327000 0 0 0 0 -100
199761.413000 448640.433000 42.344000 0 0 0 0 -100
199761.002000 448640.330000 42.327000 0 0 0 0 -100
199760.558000 448640.219000 42.335000 0 0 0 0 -100
199760.175000 448640.123000 42.329000 0 0 0 0 -100
199759.747000 448640.017000 42.325000 0 0 0 0 -100
199758.949000 448639.818000 42.344000 0 0 0 0 -100
199758.562000 448639.720000 42.331000 0 0 0 0 -100
199758.160000 448639.620000 42.334000 0 0 0 0 -100
199757.721000 448639.510000 42.330000 0 0 0 0 -100
199757.314000 448639.408000 42.300000 0 0 0 0 -100
199756.931000 448639.312000 42.296000 0 0 0 0 -100
199754.886000 448638.800000 42.388000 0 0 0 0 -100
199754.530000 448638.711000 42.488000 0 0 0 0 -100
199748.899000 448637.307000 44.609000 0 0 0 0 -100
199748.737000 448637.268000 45.138000 0 0 0 0 -100
199686.054000 448621.595000 50.624000 0 0 0 0 -100
199762.535000 448640.406000 42.319000 0 0 0 0 -100
199762.128000 448640.304000 42.311000 0 0 0 0 -100
199761.713000 448640.200000 42.332000 0 0 0 0 -100
199761.352000 448640.110000 42.348000 0 0 0 0 -100
199760.950000 448640.009000 42.351000 0 0 0 0 -100
199760.505000 448639.898000 42.310000 0 0 0 0 -100
199760.136000 448639.805000 42.334000 0 0 0 0 -100
199758.890000 448639.494000 42.305000 0 0 0 0 -100
199758.509000 448639.399000 42.305000 0 0 0 0 -100
199758.084000 448639.293000 42.283000 0 0 0 0 -100
199757.646000 448639.183000 42.306000 0 0 0 0 -100
199757.250000 448639.084000 42.323000 0 0 0 0 -100
199754.780000 448638.466000 42.392000 0 0 0 0 -100
199754.359000 448638.360000 42.381000 0 0 0 0 -100
199753.166000 448638.062000 42.402000 0 0 0 0 -100
199745.717000 448636.202000 44.058000 0 0 0 0 -100
199745.341000 448636.108000 44.167000 0 0 0 0 -100
199762.168000 448640.103000 42.314000 0 0 0 0 -100
199761.740000 448639.996000 42.308000 0 0 0 0 -100
199761.373000 448639.904000 42.337000 0 0 0 0 -100
199760.540000 448639.696000 42.350000 0 0 0 0 -100
199760.191000 448639.609000 42.394000 0 0 0 0 -100
199759.305000 448639.388000 42.320000 0 0 0 0 -100
199758.533000 448639.194000 42.323000 0 0 0 0 -100
199758.099000 448639.086000 42.305000 0 0 0 0 -100
199757.663000 448638.977000 42.331000 0 0 0 0 -100
199754.799000 448638.260000 42.398000 0 0 0 0 -100
199754.408000 448638.162000 42.427000 0 0 0 0 -100
199720.527000 448629.696000 46.988000 0 0 0 0 -100
199686.353000 448621.152000 50.329000 0 0 0 0 -100
199762.578000 448639.930000 42.342000 0 0 0 0 -100
199762.169000 448639.828000 42.331000 0 0 0 0 -100
199761.718000 448639.715000 42.325000 0 0 0 0 -100
199761.319000 448639.615000 42.332000 0 0 0 0 -100
199760.943000 448639.521000 42.364000 0 0 0 0 -100
199760.518000 448639.415000 42.343000 0 0 0 0 -100
199760.143000 448639.321000 42.426000 0 0 0 0 -100
199758.804000 448638.987000 42.294000 0 0 0 0 -100
199758.426000 448638.892000 42.349000 0 0 0 0 -100
199758.051000 448638.798000 42.385000 0 0 0 0 -100
199757.625000 448638.692000 42.384000 0 0 0 0 -100
199754.710000 448637.962000 42.392000 0 0 0 0 -100
199754.340000 448637.869000 42.417000 0 0 0 0 -100
199753.073000 448637.552000 42.401000 0 0 0 0 -100
199740.711000 448634.465000 44.899000 0 0 0 0 -100
199735.103000 448633.062000 45.298000 0 0 0 0 -100
199720.745000 448629.472000 46.636000 0 0 0 0 -100
199720.308000 448629.363000 46.656000 0 0 0 0 -100
199686.301000 448620.861000 50.374000 0 0 0 0 -100
199761.784000 448639.293000 42.345000 0 0 0 0 -100
199761.368000 448639.189000 42.341000 0 0 0 0 -100
199760.515000 448638.975000 42.383000 0 0 0 0 -100
199760.101000 448638.871000 42.313000 0 0 0 0 -100
199756.003000 448637.847000 42.372000 0 0 0 0 -100
199754.050000 448637.358000 42.491000 0 0 0 0 -100
199686.240000 448620.404000 50.259000 0 0 0 0 -100
199761.769000 448638.982000 42.352000 0 0 0 0 -100
199760.984000 448638.785000 42.371000 0 0 0 0 -100
199760.510000 448638.666000 42.315000 0 0 0 0 -100
199759.516000 448638.419000 42.841000 0 0 0 0 -100
199756.032000 448637.546000 42.376000 0 0 0 0 -100
199754.056000 448637.052000 42.422000 0 0 0 0 -100
199753.645000 448636.949000 42.458000 0 0 0 0 -100
199760.365000 448638.362000 42.337000 0 0 0 0 -100
199755.899000 448637.245000 42.329000 0 0 0 0 -100
199753.922000 448636.750000 42.423000 0 0 0 0 -100
199753.514000 448636.648000 42.487000 0 0 0 0 -100
199753.143000 448636.556000 42.604000 0 0 0 0 -100
199721.551000 448628.656000 46.747000 0 0 0 0 -100
199686.468000 448619.883000 50.168000 0 0 0 0 -100
199763.668000 448638.822000 42.356000 0 0 0 0 -100
199763.227000 448638.711000 42.368000 0 0 0 0 -100
199762.028000 448638.411000 42.366000 0 0 0 0 -100
199760.396000 448638.003000 42.370000 0 0 0 0 -100
199756.362000 448636.993000 42.419000 0 0 0 0 -100
199754.648000 448636.564000 42.403000 0 0 0 0 -100
199753.478000 448636.271000 42.494000 0 0 0 0 -100
199753.098000 448636.176000 42.522000 0 0 0 0 -100
199721.954000 448628.388000 46.766000 0 0 0 0 -100
199686.425000 448619.502000 50.074000 0 0 0 0 -100
199764.026000 448638.416000 42.359000 0 0 0 0 -100
199763.652000 448638.322000 42.444000 0 0 0 0 -100
199757.123000 448636.688000 42.418000 0 0 0 0 -100
199756.687000 448636.579000 42.397000 0 0 0 0 -100
199756.541000 448636.544000 43.035000 0 0 0 0 -100
199755.912000 448636.385000 42.561000 0 0 0 0 -100
199755.429000 448636.264000 42.348000 0 0 0 0 -100
199755.023000 448636.162000 42.393000 0 0 0 0 -100
199754.622000 448636.062000 42.376000 0 0 0 0 -100
199753.412000 448635.759000 42.477000 0 0 0 0 -100
199722.330000 448627.985000 46.770000 0 0 0 0 -100
199763.845000 448638.072000 42.462000 0 0 0 0 -100
199758.262000 448636.676000 42.868000 0 0 0 0 -100
199757.685000 448636.531000 42.526000 0 0 0 0 -100
199757.384000 448636.456000 42.673000 0 0 0 0 -100
199756.889000 448636.331000 42.480000 0 0 0 0 -100
199756.766000 448636.302000 43.142000 0 0 0 0 -100
199756.412000 448636.213000 43.317000 0 0 0 0 -100
199755.634000 448636.017000 42.437000 0 0 0 0 -100
199755.182000 448635.903000 42.430000 0 0 0 0 -100
199764.004000 448637.875000 42.655000 0 0 0 0 -100
199763.500000 448637.749000 42.510000 0 0 0 0 -100
199758.219000 448636.427000 42.657000 0 0 0 0 -100
199757.775000 448636.316000 42.595000 0 0 0 0 -100
199757.471000 448636.240000 42.829000 0 0 0 0 -100
199756.894000 448636.095000 42.464000 0 0 0 0 -100
199756.959000 448636.113000 43.544000 0 0 0 0 -100
199756.463000 448635.989000 43.349000 0 0 0 0 -100
199755.603000 448635.772000 42.369000 0 0 0 0 -100
199755.227000 448635.678000 42.451000 0 0 0 0 -100
199714.103000 448625.392000 47.532000 0 0 0 0 -100
199713.952000 448625.355000 48.071000 0 0 0 0 -100
199764.362000 448637.672000 42.605000 0 0 0 0 -100
199763.914000 448637.560000 42.531000 0 0 0 0 -100
199763.414000 448637.434000 42.417000 0 0 0 0 -100
199758.948000 448636.317000 42.582000 0 0 0 0 -100
199758.110000 448636.107000 42.493000 0 0 0 0 -100
199757.690000 448636.002000 42.554000 0 0 0 0 -100
199757.374000 448635.923000 42.691000 0 0 0 0 -100
199757.028000 448635.837000 42.837000 0 0 0 0 -100
199756.918000 448635.810000 43.453000 0 0 0 0 -100
199756.463000 448635.696000 43.369000 0 0 0 0 -100
199755.643000 448635.489000 42.425000 0 0 0 0 -100
199755.242000 448635.388000 42.407000 0 0 0 0 -100
199743.359000 448632.418000 44.284000 0 0 0 0 -100
199716.034000 448625.581000 47.235000 0 0 0 0 -100
199714.139000 448625.107000 47.618000 0 0 0 0 -100
199714.009000 448625.076000 48.290000 0 0 0 0 -100
199709.020000 448623.826000 47.600000 0 0 0 0 -100
199758.937000 448635.860000 42.483000 0 0 0 0 -100
199758.531000 448635.758000 42.407000 0 0 0 0 -100
199758.180000 448635.671000 42.495000 0 0 0 0 -100
199757.707000 448635.552000 42.418000 0 0 0 0 -100
199757.330000 448635.457000 42.427000 0 0 0 0 -100
199756.318000 448635.206000 43.697000 0 0 0 0 -100
199755.312000 448634.952000 42.385000 0 0 0 0 -100
199754.823000 448634.829000 42.325000 0 0 0 0 -100
199754.410000 448634.726000 42.330000 0 0 0 0 -100
199725.325000 448627.450000 46.450000 0 0 0 0 -100
199724.945000 448627.355000 46.580000 0 0 0 0 -100
199714.091000 448624.640000 48.332000 0 0 0 0 -100
199764.399000 448636.903000 42.537000 0 0 0 0 -100
199759.438000 448635.661000 42.407000 0 0 0 0 -100
199758.976000 448635.545000 42.356000 0 0 0 0 -100
199758.639000 448635.461000 42.449000 0 0 0 0 -100
199758.272000 448635.369000 42.477000 0 0 0 0 -100
199755.363000 448634.640000 42.423000 0 0 0 0 -100
199755.156000 448634.591000 43.827000 0 0 0 0 -100
199753.183000 448634.095000 43.105000 0 0 0 0 -100
199743.890000 448631.770000 44.304000 0 0 0 0 -100
199725.778000 448627.238000 46.467000 0 0 0 0 -100
199724.944000 448627.029000 46.511000 0 0 0 0 -100
199772.269000 448638.629000 45.264000 0 0 0 0 -100
199758.259000 448635.116000 42.350000 0 0 0 0 -100
199754.915000 448634.278000 42.350000 0 0 0 0 -100
199755.227000 448634.359000 43.828000 0 0 0 0 -100
199753.265000 448633.867000 43.200000 0 0 0 0 -100
199724.276000 448626.614000 46.608000 0 0 0 0 -100
199722.261000 448626.109000 46.830000 0 0 0 0 -100
199764.733000 448636.421000 42.524000 0 0 0 0 -100
199754.673000 448633.904000 43.745000 0 0 0 0 -100
199753.210000 448633.537000 43.268000 0 0 0 0 -100
199728.383000 448627.325000 46.697000 0 0 0 0 -100
199728.323000 448627.312000 47.422000 0 0 0 0 -100
199722.239000 448625.787000 46.962000 0 0 0 0 -100
199764.297000 448635.859000 42.355000 0 0 0 0 -100
199754.479000 448633.402000 43.360000 0 0 0 0 -100
199753.978000 448633.275000 42.310000 0 0 0 0 -100
199753.759000 448633.223000 43.593000 0 0 0 0 -100
199753.291000 448633.105000 43.390000 0 0 0 0 -100
199725.801000 448626.225000 46.527000 0 0 0 0 -100
199770.181000 448637.019000 44.248000 0 0 0 0 -100
199753.349000 448632.801000 43.148000 0 0 0 0 -100
199742.066000 448629.978000 44.576000 0 0 0 0 -100
199741.618000 448629.866000 44.539000 0 0 0 0 -100
199770.209000 448636.784000 44.224000 0 0 0 0 -100
199764.420000 448635.331000 42.358000 0 0 0 0 -100
199753.549000 448632.611000 43.578000 0 0 0 0 -100
199744.478000 448630.340000 44.459000 0 0 0 0 -100
199744.406000 448630.324000 45.172000 0 0 0 0 -100
199764.288000 448634.996000 42.358000 0 0 0 0 -100
199755.672000 448632.838000 42.327000 0 0 0 0 -100
199754.868000 448632.637000 42.336000 0 0 0 0 -100
199744.408000 448630.020000 44.635000 0 0 0 0 -100
199744.431000 448630.028000 45.520000 0 0 0 0 -100
199755.738000 448632.104000 42.283000 0 0 0 0 -100
199770.395000 448635.534000 43.934000 0 0 0 0 -100
199770.543000 448635.573000 45.135000 0 0 0 0 -100
199761.515000 448632.516000 42.284000 0 0 0 0 -100
199734.784000 448625.824000 45.929000 0 0 0 0 -100
199734.725000 448625.811000 46.637000 0 0 0 0 -100
199770.520000 448634.464000 43.803000 0 0 0 0 -100
199734.855000 448625.531000 45.903000 0 0 0 0 -100
199734.795000 448625.517000 46.586000 0 0 0 0 -100
199733.993000 448625.314000 45.790000 0 0 0 0 -100
199734.757000 448625.286000 45.793000 0 0 0 0 -100
199734.794000 448625.297000 46.699000 0 0 0 0 -100
199766.647000 448632.570000 43.745000 0 0 0 0 -100
199748.989000 448628.146000 44.381000 0 0 0 0 -100
199740.451000 448626.008000 45.628000 0 0 0 0 -100
199766.549000 448632.258000 43.281000 0 0 0 0 -100
199766.050000 448632.133000 43.048000 0 0 0 0 -100
199748.793000 448627.808000 43.933000 0 0 0 0 -100
199740.418000 448625.711000 45.310000 0 0 0 0 -100
199739.891000 448625.578000 45.087000 0 0 0 0 -100
199739.471000 448625.473000 45.108000 0 0 0 0 -100
199735.212000 448624.406000 45.761000 0 0 0 0 -100
199719.538000 448620.482000 48.656000 0 0 0 0 -100
199719.600000 448620.231000 48.643000 0 0 0 0 -100
199759.230000 448629.077000 42.324000 0 0 0 0 -100
199741.210000 448624.566000 46.111000 0 0 0 0 -100
199759.264000 448628.843000 42.320000 0 0 0 0 -100
199758.463000 448628.643000 42.308000 0 0 0 0 -100
199761.526000 448629.129000 42.413000 0 0 0 0 -100
199760.629000 448628.904000 42.339000 0 0 0 0 -100
199759.438000 448628.606000 42.305000 0 0 0 0 -100
199759.039000 448628.506000 42.362000 0 0 0 0 -100
199761.972000 448628.793000 42.325000 0 0 0 0 -100
199761.585000 448628.696000 42.312000 0 0 0 0 -100
199761.163000 448628.590000 42.317000 0 0 0 0 -100
199760.750000 448628.487000 42.367000 0 0 0 0 -100
199760.345000 448628.385000 42.362000 0 0 0 0 -100
199761.747000 448628.448000 42.352000 0 0 0 0 -100
199760.165000 448628.051000 42.461000 0 0 0 0 -100
199759.682000 448627.930000 42.340000 0 0 0 0 -100
199758.505000 448627.635000 42.362000 0 0 0 0 -100
199751.834000 448625.964000 43.863000 0 0 0 0 -100
199762.995000 448628.511000 42.283000 0 0 0 0 -100
199762.150000 448628.299000 42.293000 0 0 0 0 -100
199761.777000 448628.205000 42.356000 0 0 0 0 -100
199760.196000 448627.809000 42.349000 0 0 0 0 -100
199759.744000 448627.695000 42.339000 0 0 0 0 -100
199758.546000 448627.396000 42.318000 0 0 0 0 -100
199758.192000 448627.307000 42.422000 0 0 0 0 -100
199752.010000 448625.759000 44.241000 0 0 0 0 -100
199762.529000 448628.057000 42.328000 0 0 0 0 -100
199762.130000 448627.957000 42.336000 0 0 0 0 -100
199758.918000 448627.152000 42.408000 0 0 0 0 -100
199759.100000 448626.418000 42.398000 0 0 0 0 -100
199758.274000 448626.211000 42.405000 0 0 0 0 -100
199763.236000 448627.207000 42.333000 0 0 0 0 -100
199763.162000 448626.888000 42.369000 0 0 0 0 -100
199758.851000 448625.385000 42.369000 0 0 0 0 -100
199765.718000 448626.811000 42.411000 0 0 0 0 -100
199760.180000 448625.185000 42.334000 0 0 0 0 -100
199755.772000 448624.081000 43.577000 0 0 0 0 -100
199765.479000 448626.158000 42.345000 0 0 0 0 -100
199765.111000 448626.066000 42.419000 0 0 0 0 -100
199760.553000 448624.921000 42.328000 0 0 0 0 -100
199760.139000 448624.818000 42.353000 0 0 0 0 -100
199759.349000 448624.620000 42.388000 0 0 0 0 -100
199765.835000 448625.742000 42.310000 0 0 0 0 -100
199760.056000 448624.291000 42.334000 0 0 0 0 -100
199759.666000 448624.194000 42.364000 0 0 0 0 -100
199766.353000 448625.528000 42.341000 0 0 0 0 -100
199760.163000 448623.975000 42.346000 0 0 0 0 -100
199766.424000 448625.290000 42.325000 0 0 0 0 -100
199755.577000 448622.570000 43.546000 0 0 0 0 -100
199755.691000 448622.601000 44.633000 0 0 0 0 -100
199745.130000 448619.952000 45.779000 0 0 0 0 -100
199768.043000 448625.360000 43.070000 0 0 0 0 -100
199767.529000 448625.231000 42.758000 0 0 0 0 -100
199764.422000 448624.451000 42.319000 0 0 0 0 -100
199768.031000 448624.921000 42.876000 0 0 0 0 -100
199767.932000 448624.896000 43.498000 0 0 0 0 -100
199765.312000 448624.237000 42.334000 0 0 0 0 -100
199758.305000 448622.480000 43.127000 0 0 0 0 -100
199758.375000 448622.499000 44.124000 0 0 0 0 -100
199767.087000 448624.373000 42.347000 0 0 0 0 -100
199766.632000 448624.259000 42.279000 0 0 0 0 -100
199765.453000 448623.963000 42.289000 0 0 0 0 -100
199764.688000 448623.771000 42.347000 0 0 0 0 -100
199764.303000 448623.675000 42.338000 0 0 0 0 -100
199763.853000 448623.561000 42.330000 0 0 0 0 -100
199763.481000 448623.468000 42.372000 0 0 0 0 -100
199763.051000 448623.360000 42.311000 0 0 0 0 -100
199760.993000 448622.843000 42.382000 0 0 0 0 -100
199758.493000 448622.218000 43.180000 0 0 0 0 -100
199767.371000 448624.199000 42.335000 0 0 0 0 -100
199766.927000 448624.087000 42.290000 0 0 0 0 -100
199766.530000 448623.988000 42.301000 0 0 0 0 -100
199765.313000 448623.682000 42.300000 0 0 0 0 -100
199764.910000 448623.581000 42.323000 0 0 0 0 -100
199764.503000 448623.479000 42.334000 0 0 0 0 -100
199764.104000 448623.379000 42.341000 0 0 0 0 -100
199763.700000 448623.277000 42.337000 0 0 0 0 -100
199763.284000 448623.173000 42.308000 0 0 0 0 -100
199762.858000 448623.066000 42.306000 0 0 0 0 -100
199762.427000 448622.958000 42.317000 0 0 0 0 -100
199767.335000 448623.832000 42.311000 0 0 0 0 -100
199766.908000 448623.724000 42.350000 0 0 0 0 -100
199765.256000 448623.310000 42.352000 0 0 0 0 -100
199764.823000 448623.201000 42.308000 0 0 0 0 -100
199764.424000 448623.101000 42.315000 0 0 0 0 -100
199763.988000 448622.991000 42.337000 0 0 0 0 -100
199763.565000 448622.885000 42.342000 0 0 0 0 -100
199762.783000 448622.689000 42.317000 0 0 0 0 -100
199761.971000 448622.485000 42.351000 0 0 0 0 -100
199767.818000 448623.463000 42.350000 0 0 0 0 -100
199765.297000 448622.830000 42.326000 0 0 0 0 -100
199764.901000 448622.731000 42.291000 0 0 0 0 -100
199764.522000 448622.636000 42.293000 0 0 0 0 -100
199764.094000 448622.528000 42.309000 0 0 0 0 -100
199763.663000 448622.420000 42.319000 0 0 0 0 -100
199763.272000 448622.322000 42.295000 0 0 0 0 -100
199762.413000 448622.106000 42.300000 0 0 0 0 -100
199762.005000 448622.004000 42.312000 0 0 0 0 -100
199766.467000 448622.780000 42.383000 0 0 0 0 -100
199765.196000 448622.461000 42.315000 0 0 0 0 -100
199764.768000 448622.354000 42.284000 0 0 0 0 -100
199763.931000 448622.143000 42.308000 0 0 0 0 -100
199763.549000 448622.047000 42.328000 0 0 0 0 -100
199763.128000 448621.942000 42.312000 0 0 0 0 -100
199762.733000 448621.842000 42.304000 0 0 0 0 -100
199762.298000 448621.733000 42.331000 0 0 0 0 -100
199766.132000 448622.446000 42.336000 0 0 0 0 -100
199765.737000 448622.347000 42.348000 0 0 0 0 -100
199764.896000 448622.136000 42.294000 0 0 0 0 -100
199764.492000 448622.035000 42.291000 0 0 0 0 -100
199763.688000 448621.833000 42.314000 0 0 0 0 -100
199763.321000 448621.741000 42.319000 0 0 0 0 -100
199762.892000 448621.633000 42.309000 0 0 0 0 -100
199762.488000 448621.531000 42.353000 0 0 0 0 -100
199768.057000 448622.592000 42.360000 0 0 0 0 -100
199767.659000 448622.492000 42.343000 0 0 0 0 -100
199766.424000 448622.182000 42.347000 0 0 0 0 -100
199765.204000 448621.876000 42.318000 0 0 0 0 -100
199764.815000 448621.778000 42.321000 0 0 0 0 -100
199764.412000 448621.677000 42.320000 0 0 0 0 -100
199763.992000 448621.571000 42.282000 0 0 0 0 -100
199763.593000 448621.471000 42.313000 0 0 0 0 -100
199763.218000 448621.377000 42.347000 0 0 0 0 -100
199762.833000 448621.280000 42.336000 0 0 0 0 -100
199768.339000 448622.208000 42.339000 0 0 0 0 -100
199767.579000 448622.017000 42.358000 0 0 0 0 -100
199766.322000 448621.701000 42.317000 0 0 0 0 -100
199765.552000 448621.508000 42.343000 0 0 0 0 -100
199765.112000 448621.397000 42.309000 0 0 0 0 -100
199764.739000 448621.304000 42.322000 0 0 0 0 -100
199764.312000 448621.196000 42.270000 0 0 0 0 -100
199763.480000 448620.988000 42.306000 0 0 0 0 -100
199763.116000 448620.896000 42.316000 0 0 0 0 -100
199768.341000 448621.896000 42.357000 0 0 0 0 -100
199766.296000 448621.383000 42.323000 0 0 0 0 -100
199765.915000 448621.287000 42.320000 0 0 0 0 -100
199765.499000 448621.183000 42.314000 0 0 0 0 -100
199765.065000 448621.074000 42.318000 0 0 0 0 -100
199764.670000 448620.974000 42.307000 0 0 0 0 -100
199764.249000 448620.868000 42.315000 0 0 0 0 -100
199763.800000 448620.756000 42.310000 0 0 0 0 -100
199763.386000 448620.652000 42.286000 0 0 0 0 -100
199767.483000 448621.444000 42.323000 0 0 0 0 -100
199766.625000 448621.228000 42.323000 0 0 0 0 -100
199766.208000 448621.124000 42.316000 0 0 0 0 -100
199765.783000 448621.017000 42.315000 0 0 0 0 -100
199765.353000 448620.909000 42.327000 0 0 0 0 -100
199764.955000 448620.809000 42.310000 0 0 0 0 -100
199764.604000 448620.721000 42.347000 0 0 0 0 -100
199764.190000 448620.617000 42.321000 0 0 0 0 -100
199763.731000 448620.502000 42.296000 0 0 0 0 -100
199767.714000 448621.140000 42.372000 0 0 0 0 -100
199766.492000 448620.833000 42.311000 0 0 0 0 -100
199766.055000 448620.724000 42.238000 0 0 0 0 -100
199765.653000 448620.623000 42.309000 0 0 0 0 -100
199765.271000 448620.527000 42.374000 0 0 0 0 -100
199764.826000 448620.415000 42.282000 0 0 0 0 -100
199764.443000 448620.319000 42.322000 0 0 0 0 -100
199763.994000 448620.206000 42.342000 0 0 0 0 -100
199767.098000 448620.534000 42.349000 0 0 0 0 -100
199766.653000 448620.422000 42.327000 0 0 0 0 -100
199765.403000 448620.108000 42.305000 0 0 0 0 -100
199765.007000 448620.009000 42.341000 0 0 0 0 -100
199764.616000 448619.910000 42.295000 0 0 0 0 -100
199764.172000 448619.799000 42.300000 0 0 0 0 -100
199768.344000 448620.525000 42.300000 0 0 0 0 -100
199767.932000 448620.422000 42.324000 0 0 0 0 -100
199767.590000 448620.336000 42.379000 0 0 0 0 -100
199767.179000 448620.233000 42.428000 0 0 0 0 -100
199766.773000 448620.131000 42.420000 0 0 0 0 -100
199766.339000 448620.022000 42.375000 0 0 0 0 -100
199765.962000 448619.927000 42.404000 0 0 0 0 -100
199765.515000 448619.815000 42.330000 0 0 0 0 -100
199765.126000 448619.717000 42.358000 0 0 0 0 -100
199764.734000 448619.618000 42.308000 0 0 0 0 -100
199764.311000 448619.512000 42.335000 0 0 0 0 -100
199768.977000 448620.451000 42.482000 0 0 0 0 -100
199768.067000 448620.222000 42.322000 0 0 0 0 -100
199767.300000 448620.029000 42.327000 0 0 0 0 -100
199766.928000 448619.936000 42.413000 0 0 0 0 -100
199766.470000 448619.821000 42.341000 0 0 0 0 -100
199766.090000 448619.725000 42.339000 0 0 0 0 -100
199765.673000 448619.621000 42.308000 0 0 0 0 -100
199765.227000 448619.508000 42.285000 0 0 0 0 -100
199767.553000 448619.779000 42.361000 0 0 0 0 -100
199767.137000 448619.674000 42.353000 0 0 0 0 -100
199766.711000 448619.567000 42.323000 0 0 0 0 -100
199766.319000 448619.468000 42.367000 0 0 0 0 -100
199767.969000 448619.469000 42.470000 0 0 0 0 -100
199645.937000 448749.859000 55.361000 0 0 0 0 -100
199645.689000 448749.916000 54.996000 0 0 0 0 -100
199753.275000 448749.930000 57.562000 0 0 0 0 -100
199723.387000 448749.888000 47.329000 0 0 0 0 -100
199691.070000 448749.905000 49.069000 0 0 0 0 -100
199647.648000 448749.902000 55.425000 0 0 0 0 -100
199645.794000 448749.917000 55.112000 0 0 0 0 -100
199645.986000 448749.968000 55.778000 0 0 0 0 -100
199720.394000 448750.232000 47.972000 0 0 0 0 -100
199660.711000 448750.105000 54.546000 0 0 0 0 -100
199720.262000 448750.035000 48.005000 0 0 0 0 -100
199630.451000 448750.961000 54.904000 0 0 0 0 -100
199632.903000 448752.376000 54.645000 0 0 0 0 -100
199644.903000 448750.096000 55.313000 0 0 0 0 -100
199644.524000 448750.597000 55.166000 0 0 0 0 -100
199644.218000 448750.667000 55.081000 0 0 0 0 -100
199643.223000 448750.896000 54.685000 0 0 0 0 -100
199645.050000 448750.736000 55.141000 0 0 0 0 -100
199644.720000 448750.811000 55.003000 0 0 0 0 -100
199644.338000 448750.899000 55.017000 0 0 0 0 -100
199643.405000 448751.113000 54.570000 0 0 0 0 -100
199644.788000 448751.218000 54.891000 0 0 0 0 -100
199644.422000 448751.302000 54.881000 0 0 0 0 -100
199643.414000 448751.534000 54.637000 0 0 0 0 -100
199643.080000 448751.610000 54.547000 0 0 0 0 -100
199642.758000 448751.684000 54.518000 0 0 0 0 -100
199643.286000 448752.050000 54.689000 0 0 0 0 -100
199644.712000 448752.148000 54.434000 0 0 0 0 -100
199643.587000 448752.406000 54.781000 0 0 0 0 -100
199654.308000 448750.231000 55.153000 0 0 0 0 -100
199653.272000 448750.468000 54.998000 0 0 0 0 -100
199644.606000 448752.454000 54.154000 0 0 0 0 -100
199653.657000 448750.832000 54.914000 0 0 0 0 -100
199653.281000 448750.919000 54.832000 0 0 0 0 -100
199646.475000 448752.478000 53.967000 0 0 0 0 -100
199643.647000 448753.126000 53.803000 0 0 0 0 -100
199649.899000 448752.172000 54.440000 0 0 0 0 -100
199646.430000 448752.966000 54.265000 0 0 0 0 -100
199643.980000 448753.528000 54.002000 0 0 0 0 -100
199624.379000 448758.019000 55.929000 0 0 0 0 -100
199624.053000 448758.094000 55.890000 0 0 0 0 -100
199660.902000 448750.080000 54.448000 0 0 0 0 -100
199646.995000 448753.265000 54.475000 0 0 0 0 -100
199646.337000 448753.415000 54.290000 0 0 0 0 -100
199643.992000 448753.953000 53.719000 0 0 0 0 -100
199629.126000 448757.358000 55.028000 0 0 0 0 -100
199661.333000 448750.258000 54.373000 0 0 0 0 -100
199660.961000 448750.343000 54.274000 0 0 0 0 -100
199647.771000 448753.363000 54.231000 0 0 0 0 -100
199646.815000 448753.581000 53.862000 0 0 0 0 -100
199646.373000 448753.683000 54.194000 0 0 0 0 -100
199646.036000 448753.760000 54.078000 0 0 0 0 -100
199642.321000 448754.611000 53.338000 0 0 0 0 -100
199629.208000 448757.615000 54.863000 0 0 0 0 -100
199661.490000 448750.639000 54.196000 0 0 0 0 -100
199657.854000 448751.471000 54.308000 0 0 0 0 -100
199657.537000 448751.544000 54.091000 0 0 0 0 -100
199643.831000 448754.683000 53.450000 0 0 0 0 -100
199651.004000 448753.499000 53.977000 0 0 0 0 -100
199650.130000 448753.699000 53.453000 0 0 0 0 -100
199645.516000 448754.755000 53.404000 0 0 0 0 -100
199643.795000 448755.150000 53.201000 0 0 0 0 -100
199650.960000 448753.937000 53.928000 0 0 0 0 -100
199659.311000 448752.292000 54.076000 0 0 0 0 -100
199657.637000 448752.675000 53.753000 0 0 0 0 -100
199655.930000 448753.065000 53.378000 0 0 0 0 -100
199655.625000 448753.135000 53.251000 0 0 0 0 -100
199652.818000 448753.778000 53.078000 0 0 0 0 -100
199643.186000 448755.983000 53.086000 0 0 0 0 -100
199642.867000 448756.056000 53.013000 0 0 0 0 -100
199628.950000 448759.243000 54.596000 0 0 0 0 -100
199658.303000 448752.943000 53.705000 0 0 0 0 -100
199656.169000 448753.431000 53.489000 0 0 0 0 -100
199659.227000 448753.200000 53.808000 0 0 0 0 -100
199656.461000 448753.833000 53.480000 0 0 0 0 -100
199650.898000 448755.106000 53.029000 0 0 0 0 -100
199656.280000 448754.271000 53.652000 0 0 0 0 -100
199656.297000 448754.543000 53.476000 0 0 0 0 -100
199677.244000 448750.185000 52.033000 0 0 0 0 -100
199656.671000 448754.893000 53.608000 0 0 0 0 -100
199654.833000 448755.313000 53.692000 0 0 0 0 -100
199654.577000 448755.372000 53.429000 0 0 0 0 -100
199650.976000 448756.668000 53.134000 0 0 0 0 -100
199665.139000 448753.853000 52.841000 0 0 0 0 -100
199656.898000 448755.739000 52.970000 0 0 0 0 -100
199655.476000 448756.064000 53.024000 0 0 0 0 -100
199645.370000 448758.375000 53.339000 0 0 0 0 -100
199645.183000 448758.418000 52.719000 0 0 0 0 -100
199657.016000 448756.002000 53.095000 0 0 0 0 -100
199656.722000 448756.069000 52.892000 0 0 0 0 -100
199683.710000 448750.323000 50.969000 0 0 0 0 -100
199646.072000 448759.420000 52.553000 0 0 0 0 -100
199670.391000 448755.005000 50.940000 0 0 0 0 -100
199635.528000 448763.453000 54.890000 0 0 0 0 -100
199635.290000 448763.507000 54.448000 0 0 0 0 -100
199646.994000 448761.517000 53.671000 0 0 0 0 -100
199646.657000 448761.594000 53.658000 0 0 0 0 -100
199626.112000 448766.290000 56.441000 0 0 0 0 -100
199649.787000 448761.318000 53.147000 0 0 0 0 -100
199646.853000 448761.988000 53.446000 0 0 0 0 -100
199625.847000 448766.789000 56.464000 0 0 0 0 -100
199650.910000 448761.569000 52.130000 0 0 0 0 -100
199649.843000 448761.813000 53.286000 0 0 0 0 -100
199650.958000 448761.980000 52.187000 0 0 0 0 -100
199649.200000 448762.381000 53.546000 0 0 0 0 -100
199648.878000 448762.455000 53.413000 0 0 0 0 -100
199648.480000 448762.546000 53.515000 0 0 0 0 -100
199643.013000 448763.795000 53.994000 0 0 0 0 -100
199651.033000 448762.237000 52.138000 0 0 0 0 -100
199648.936000 448762.716000 53.391000 0 0 0 0 -100
199648.574000 448762.798000 53.327000 0 0 0 0 -100
199688.368000 448754.093000 48.826000 0 0 0 0 -100
199651.037000 448762.618000 52.178000 0 0 0 0 -100
199649.223000 448763.033000 53.566000 0 0 0 0 -100
199648.897000 448763.108000 53.378000 0 0 0 0 -100
199648.580000 448763.180000 53.156000 0 0 0 0 -100
199643.826000 448764.266000 53.652000 0 0 0 0 -100
199693.089000 448753.489000 48.250000 0 0 0 0 -100
199651.188000 448763.056000 52.263000 0 0 0 0 -100
199649.111000 448763.530000 53.372000 0 0 0 0 -100
199648.799000 448763.601000 53.168000 0 0 0 0 -100
199661.760000 448761.296000 51.317000 0 0 0 0 -100
199661.376000 448761.383000 51.423000 0 0 0 0 -100
199649.100000 448764.187000 53.181000 0 0 0 0 -100
199669.444000 448759.971000 51.473000 0 0 0 0 -100
199679.950000 448758.842000 49.308000 0 0 0 0 -100
199719.555000 448750.220000 48.325000 0 0 0 0 -100
199719.914000 448750.138000 47.246000 0 0 0 0 -100
199722.718000 448750.007000 48.353000 0 0 0 0 -100
199720.376000 448750.542000 47.642000 0 0 0 0 -100
199720.021000 448750.622000 47.589000 0 0 0 0 -100
199692.107000 448757.374000 49.046000 0 0 0 0 -100
199689.602000 448757.945000 48.765000 0 0 0 0 -100
199680.757000 448760.248000 49.853000 0 0 0 0 -100
199725.063000 448750.547000 48.458000 0 0 0 0 -100
199721.426000 448751.376000 48.297000 0 0 0 0 -100
199689.068000 448759.255000 49.087000 0 0 0 0 -100
199688.656000 448759.349000 49.231000 0 0 0 0 -100
199678.990000 448761.940000 48.970000 0 0 0 0 -100
199728.925000 448750.880000 49.241000 0 0 0 0 -100
199729.470000 448751.173000 48.929000 0 0 0 0 -100
199729.092000 448751.260000 49.028000 0 0 0 0 -100
199728.859000 448751.313000 48.645000 0 0 0 0 -100
199727.839000 448751.544000 48.402000 0 0 0 0 -100
199686.797000 448760.895000 48.345000 0 0 0 0 -100
199668.460000 448765.073000 51.702000 0 0 0 0 -100
199668.249000 448765.121000 51.287000 0 0 0 0 -100
199728.738000 448751.837000 48.731000 0 0 0 0 -100
199728.423000 448751.908000 48.588000 0 0 0 0 -100
199728.054000 448751.992000 48.603000 0 0 0 0 -100
199720.568000 448753.698000 48.729000 0 0 0 0 -100
199720.591000 448753.692000 47.545000 0 0 0 0 -100
199668.600000 448765.535000 52.029000 0 0 0 0 -100
199668.453000 448765.568000 51.365000 0 0 0 0 -100
199654.375000 448768.776000 54.112000 0 0 0 0 -100
199654.156000 448768.826000 53.653000 0 0 0 0 -100
199708.465000 448756.837000 47.697000 0 0 0 0 -100
199698.566000 448759.091000 47.707000 0 0 0 0 -100
199708.667000 448757.094000 47.709000 0 0 0 0 -100
199720.786000 448754.727000 48.724000 0 0 0 0 -100
199710.802000 448757.493000 48.046000 0 0 0 0 -100
199710.619000 448757.534000 47.438000 0 0 0 0 -100
199693.873000 448761.346000 48.255000 0 0 0 0 -100
199694.020000 448761.697000 47.863000 0 0 0 0 -100
199680.250000 448764.832000 49.051000 0 0 0 0 -100
199688.603000 448763.227000 48.911000 0 0 0 0 -100
199677.549000 448765.743000 49.614000 0 0 0 0 -100
199661.797000 448769.330000 52.881000 0 0 0 0 -100
199708.708000 448759.066000 48.629000 0 0 0 0 -100
199705.019000 448759.905000 47.564000 0 0 0 0 -100
199721.850000 448756.582000 48.596000 0 0 0 0 -100
199721.699000 448756.616000 48.056000 0 0 0 0 -100
199704.948000 448760.428000 47.576000 0 0 0 0 -100
199673.182000 448767.657000 51.613000 0 0 0 0 -100
199670.797000 448768.200000 52.156000 0 0 0 0 -100
199670.778000 448768.614000 52.144000 0 0 0 0 -100
199753.033000 448750.203000 57.690000 0 0 0 0 -100
199744.130000 448752.227000 55.505000 0 0 0 0 -100
199680.975000 448766.589000 49.088000 0 0 0 0 -100
199743.628000 448752.764000 55.337000 0 0 0 0 -100
199742.538000 448753.012000 55.207000 0 0 0 0 -100
199719.532000 448758.241000 48.918000 0 0 0 0 -100
199719.207000 448758.315000 48.745000 0 0 0 0 -100
199703.482000 448761.890000 47.602000 0 0 0 0 -100
199702.667000 448762.075000 47.773000 0 0 0 0 -100
199744.275000 448753.115000 55.298000 0 0 0 0 -100
199743.837000 448753.214000 55.531000 0 0 0 0 -100
199743.466000 448753.299000 55.521000 0 0 0 0 -100
199730.754000 448756.186000 51.468000 0 0 0 0 -100
199719.438000 448758.759000 48.879000 0 0 0 0 -100
199719.170000 448758.820000 48.596000 0 0 0 0 -100
199716.974000 448759.319000 47.573000 0 0 0 0 -100
199703.714000 448762.333000 47.794000 0 0 0 0 -100
199703.368000 448762.412000 47.753000 0 0 0 0 -100
199679.063000 448767.939000 50.850000 0 0 0 0 -100
199678.959000 448767.963000 50.024000 0 0 0 0 -100
199703.981000 448762.678000 47.805000 0 0 0 0 -100
199703.678000 448762.746000 47.660000 0 0 0 0 -100
199720.502000 448759.625000 48.857000 0 0 0 0 -100
199760.695000 448751.329000 60.340000 0 0 0 0 -100
199770.469000 448750.679000 62.688000 0 0 0 0 -100
199692.089000 448768.481000 47.840000 0 0 0 0 -100
199765.412000 448752.100000 62.775000 0 0 0 0 -100
199765.387000 448752.106000 61.906000 0 0 0 0 -100
199765.755000 448752.460000 62.755000 0 0 0 0 -100
199762.604000 448753.175000 61.005000 0 0 0 0 -100
199702.513000 448766.819000 47.776000 0 0 0 0 -100
199771.145000 448752.153000 62.873000 0 0 0 0 -100
199757.366000 448755.280000 59.780000 0 0 0 0 -100
199740.599000 448759.085000 55.508000 0 0 0 0 -100
199722.039000 448763.566000 49.961000 0 0 0 0 -100
199704.704000 448767.501000 49.035000 0 0 0 0 -100
199701.492000 448768.649000 49.194000 0 0 0 0 -100
199719.879000 448764.953000 49.770000 0 0 0 0 -100
199701.924000 448769.028000 48.576000 0 0 0 0 -100
199701.734000 448769.071000 48.079000 0 0 0 0 -100
199719.527000 448765.452000 49.708000 0 0 0 0 -100
199719.175000 448765.533000 49.649000 0 0 0 0 -100
199716.013000 448766.250000 49.029000 0 0 0 0 -100
199715.904000 448766.275000 48.356000 0 0 0 0 -100
199702.091000 448769.409000 49.118000 0 0 0 0 -100
199701.940000 448769.443000 48.499000 0 0 0 0 -100
199719.125000 448765.822000 49.940000 0 0 0 0 -100
199715.945000 448766.542000 49.587000 0 0 0 0 -100
199715.992000 448766.531000 48.414000 0 0 0 0 -100
199765.213000 448755.830000 62.900000 0 0 0 0 -100
199749.505000 448759.391000 58.898000 0 0 0 0 -100
199749.450000 448759.403000 58.004000 0 0 0 0 -100
199742.142000 448761.061000 56.558000 0 0 0 0 -100
199741.404000 448761.228000 56.581000 0 0 0 0 -100
199729.899000 448764.286000 52.396000 0 0 0 0 -100
199717.114000 448767.186000 49.805000 0 0 0 0 -100
199720.307000 448766.870000 50.362000 0 0 0 0 -100
199758.867000 448758.826000 60.781000 0 0 0 0 -100
199726.334000 448766.199000 52.105000 0 0 0 0 -100
199758.070000 448759.493000 61.625000 0 0 0 0 -100
199732.641000 448765.257000 54.896000 0 0 0 0 -100
199771.683000 448756.833000 64.745000 0 0 0 0 -100
199770.300000 448757.146000 63.552000 0 0 0 0 -100
199769.186000 448757.399000 63.549000 0 0 0 0 -100
199758.287000 448759.869000 61.699000 0 0 0 0 -100
199739.700000 448764.082000 56.428000 0 0 0 0 -100
199771.919000 448757.046000 64.844000 0 0 0 0 -100
199771.622000 448757.114000 64.629000 0 0 0 0 -100
199769.043000 448757.698000 63.539000 0 0 0 0 -100
199739.801000 448764.326000 56.879000 0 0 0 0 -100
199739.691000 448764.350000 56.036000 0 0 0 0 -100
199719.119000 448769.013000 50.372000 0 0 0 0 -100
199733.406000 448767.409000 55.523000 0 0 0 0 -100
199726.863000 448768.890000 52.952000 0 0 0 0 -100
199758.258000 448762.188000 61.049000 0 0 0 0 -100
199750.407000 448763.968000 60.069000 0 0 0 0 -100
199750.253000 448764.002000 59.365000 0 0 0 0 -100
199733.969000 448767.691000 55.283000 0 0 0 0 -100
199733.467000 448767.807000 55.600000 0 0 0 0 -100
199764.554000 448761.258000 62.973000 0 0 0 0 -100
199729.599000 448769.177000 53.692000 0 0 0 0 -100
199765.950000 448763.649000 64.809000 0 0 0 0 -100
199748.665000 448767.561000 60.209000 0 0 0 0 -100
199765.984000 448764.157000 64.283000 0 0 0 0 -100
199772.973000 448762.946000 65.699000 0 0 0 0 -100
199765.912000 448764.835000 63.688000 0 0 0 0 -100
199762.878000 448766.451000 63.688000 0 0 0 0 -100
199771.638000 448764.882000 64.937000 0 0 0 0 -100
199763.907000 448766.632000 64.573000 0 0 0 0 -100
199765.944000 448766.478000 64.216000 0 0 0 0 -100
199764.261000 448766.859000 64.737000 0 0 0 0 -100
199763.908000 448766.939000 64.644000 0 0 0 0 -100
199763.061000 448767.130000 63.986000 0 0 0 0 -100
199764.446000 448767.755000 64.838000 0 0 0 0 -100
199764.194000 448767.812000 64.530000 0 0 0 0 -100
199763.756000 448767.911000 64.611000 0 0 0 0 -100
199763.465000 448767.977000 64.405000 0 0 0 0 -100
199766.027000 448767.834000 64.194000 0 0 0 0 -100
199764.603000 448768.156000 65.004000 0 0 0 0 -100
199764.030000 448768.285000 64.569000 0 0 0 0 -100
199764.821000 448768.434000 64.857000 0 0 0 0 -100
199764.968000 448768.969000 65.181000 0 0 0 0 -100
199764.952000 448768.587000 65.074000 0 0 0 0 -100
199765.345000 448768.490000 65.041000 0 0 0 0 -100
199763.962000 448768.087000 64.799000 0 0 0 0 -100
199764.238000 448768.019000 64.521000 0 0 0 0 -100
199765.572000 448767.689000 64.698000 0 0 0 0 -100
199763.749000 448767.951000 64.556000 0 0 0 0 -100
199764.233000 448767.831000 64.666000 0 0 0 0 -100
199763.913000 448767.575000 64.655000 0 0 0 0 -100
199763.821000 448767.196000 64.181000 0 0 0 0 -100
199763.660000 448766.874000 63.734000 0 0 0 0 -100
199762.848000 448766.453000 63.608000 0 0 0 0 -100
199771.152000 448764.397000 65.690000 0 0 0 0 -100
199773.117000 448762.980000 65.740000 0 0 0 0 -100
199772.964000 448762.658000 65.833000 0 0 0 0 -100
199765.781000 448763.678000 63.787000 0 0 0 0 -100
199747.895000 448767.889000 59.701000 0 0 0 0 -100
199748.321000 448767.432000 60.085000 0 0 0 0 -100
199748.244000 448767.029000 59.680000 0 0 0 0 -100
199767.164000 448761.464000 63.763000 0 0 0 0 -100
199736.823000 448768.587000 55.853000 0 0 0 0 -100
199736.608000 448768.333000 56.223000 0 0 0 0 -100
199755.991000 448763.536000 61.383000 0 0 0 0 -100
199771.433000 448759.713000 64.818000 0 0 0 0 -100
199771.523000 448759.692000 64.239000 0 0 0 0 -100
199771.317000 448759.535000 65.139000 0 0 0 0 -100
199771.371000 448759.522000 64.416000 0 0 0 0 -100
199749.979000 448764.467000 59.029000 0 0 0 0 -100
199760.280000 448761.916000 62.583000 0 0 0 0 -100
199760.096000 448761.509000 62.413000 0 0 0 0 -100
199739.394000 448766.278000 56.271000 0 0 0 0 -100
199750.226000 448763.597000 59.072000 0 0 0 0 -100
199751.080000 448763.386000 59.197000 0 0 0 0 -100
199754.336000 448762.580000 59.991000 0 0 0 0 -100
199727.095000 448769.121000 53.391000 0 0 0 0 -100
199727.072000 448768.812000 52.785000 0 0 0 0 -100
199768.750000 448757.733000 63.443000 0 0 0 0 -100
199729.469000 448767.207000 52.811000 0 0 0 0 -100
199768.248000 448757.610000 64.263000 0 0 0 0 -100
199771.599000 448756.780000 64.542000 0 0 0 0 -100
199769.760000 448756.866000 63.670000 0 0 0 0 -100
199770.108000 448756.780000 63.591000 0 0 0 0 -100
199723.543000 448767.506000 50.724000 0 0 0 0 -100
199749.624000 448761.053000 58.262000 0 0 0 0 -100
199754.907000 448759.747000 60.629000 0 0 0 0 -100
199754.862000 448759.758000 59.752000 0 0 0 0 -100
199770.892000 448755.793000 63.594000 0 0 0 0 -100
199715.100000 448769.377000 48.764000 0 0 0 0 -100
199733.628000 448764.792000 54.012000 0 0 0 0 -100
199741.659000 448762.805000 56.114000 0 0 0 0 -100
199758.959000 448758.525000 61.337000 0 0 0 0 -100
199726.289000 448766.262000 52.259000 0 0 0 0 -100
199720.196000 448766.970000 49.528000 0 0 0 0 -100
199723.785000 448766.081000 50.754000 0 0 0 0 -100
199730.162000 448764.504000 52.664000 0 0 0 0 -100
199729.997000 448764.300000 53.335000 0 0 0 0 -100
199730.053000 448764.287000 52.630000 0 0 0 0 -100
199742.087000 448761.311000 55.986000 0 0 0 0 -100
199749.636000 448759.443000 58.886000 0 0 0 0 -100
199742.208000 448760.925000 56.623000 0 0 0 0 -100
199742.299000 448760.903000 55.939000 0 0 0 0 -100
199749.555000 448759.109000 58.122000 0 0 0 0 -100
199757.619000 448756.358000 60.015000 0 0 0 0 -100
199732.948000 448762.255000 53.112000 0 0 0 0 -100
199711.384000 448767.245000 48.040000 0 0 0 0 -100
199702.007000 448769.119000 48.324000 0 0 0 0 -100
199757.261000 448755.458000 59.813000 0 0 0 0 -100
199768.799000 448752.607000 62.770000 0 0 0 0 -100
199701.871000 448768.820000 48.945000 0 0 0 0 -100
199701.933000 448768.805000 48.195000 0 0 0 0 -100
199701.845000 448768.620000 48.843000 0 0 0 0 -100
199753.262000 448755.907000 58.335000 0 0 0 0 -100
199761.809000 448753.793000 60.845000 0 0 0 0 -100
199715.722000 448764.891000 48.169000 0 0 0 0 -100
199725.856000 448761.995000 50.892000 0 0 0 0 -100
199725.978000 448761.965000 50.363000 0 0 0 0 -100
199725.805000 448761.722000 50.642000 0 0 0 0 -100
199744.203000 448757.170000 56.809000 0 0 0 0 -100
199744.272000 448757.154000 56.033000 0 0 0 0 -100
199698.978000 448768.167000 48.015000 0 0 0 0 -100
199715.919000 448763.980000 48.122000 0 0 0 0 -100
199725.657000 448761.571000 50.732000 0 0 0 0 -100
199744.058000 448757.018000 56.968000 0 0 0 0 -100
199744.185000 448756.987000 56.380000 0 0 0 0 -100
199707.644000 448765.712000 48.392000 0 0 0 0 -100
199744.060000 448756.704000 56.150000 0 0 0 0 -100
199692.938000 448768.939000 47.970000 0 0 0 0 -100
199744.209000 448756.260000 56.555000 0 0 0 0 -100
199743.642000 448756.401000 55.399000 0 0 0 0 -100
199743.660000 448756.124000 56.168000 0 0 0 0 -100
199744.248000 448755.978000 56.474000 0 0 0 0 -100
199727.907000 448758.747000 49.928000 0 0 0 0 -100
199740.930000 448755.339000 54.455000 0 0 0 0 -100
199751.837000 448752.639000 58.208000 0 0 0 0 -100
199693.101000 448766.851000 47.965000 0 0 0 0 -100
199729.082000 448757.540000 50.033000 0 0 0 0 -100
199752.094000 448751.845000 58.196000 0 0 0 0 -100
199705.397000 448762.887000 48.266000 0 0 0 0 -100
199685.906000 448767.363000 48.401000 0 0 0 0 -100
199717.688000 448759.506000 47.663000 0 0 0 0 -100
199731.465000 448756.094000 51.802000 0 0 0 0 -100
199703.380000 448762.616000 47.789000 0 0 0 0 -100
199703.805000 448762.511000 47.739000 0 0 0 0 -100
199730.949000 448755.796000 51.622000 0 0 0 0 -100
199731.060000 448755.769000 51.048000 0 0 0 0 -100
199753.300000 448750.265000 58.412000 0 0 0 0 -100
199703.366000 448762.285000 47.757000 0 0 0 0 -100
199730.856000 448755.485000 51.359000 0 0 0 0 -100
199702.954000 448762.177000 47.785000 0 0 0 0 -100
199703.303000 448762.091000 47.721000 0 0 0 0 -100
199679.185000 448767.730000 50.656000 0 0 0 0 -100
199679.117000 448767.748000 49.807000 0 0 0 0 -100
199702.379000 448761.998000 47.707000 0 0 0 0 -100
199748.540000 448750.576000 56.692000 0 0 0 0 -100
199717.324000 448757.856000 47.475000 0 0 0 0 -100
199674.778000 448767.856000 50.582000 0 0 0 0 -100
199729.736000 448754.265000 49.652000 0 0 0 0 -100
199730.534000 448753.723000 50.425000 0 0 0 0 -100
199673.243000 448767.437000 51.468000 0 0 0 0 -100
199685.270000 448764.465000 48.236000 0 0 0 0 -100
199676.312000 448766.047000 49.800000 0 0 0 0 -100
199694.081000 448761.653000 48.655000 0 0 0 0 -100
199710.279000 448757.648000 47.871000 0 0 0 0 -100
199694.097000 448761.279000 48.348000 0 0 0 0 -100
199694.219000 448761.249000 47.782000 0 0 0 0 -100
199709.417000 448757.491000 47.691000 0 0 0 0 -100
199697.207000 448760.074000 47.715000 0 0 0 0 -100
199705.155000 448758.110000 47.486000 0 0 0 0 -100
199709.459000 448757.045000 48.469000 0 0 0 0 -100
199697.214000 448759.735000 47.721000 0 0 0 0 -100
199708.257000 448757.005000 47.671000 0 0 0 0 -100
199708.561000 448756.707000 47.583000 0 0 0 0 -100
199720.545000 448753.742000 48.735000 0 0 0 0 -100
199720.302000 448753.803000 47.439000 0 0 0 0 -100
199726.967000 448752.155000 48.286000 0 0 0 0 -100
199727.945000 448751.912000 48.486000 0 0 0 0 -100
199694.352000 448759.837000 48.495000 0 0 0 0 -100
199720.535000 448753.363000 48.470000 0 0 0 0 -100
199720.506000 448753.370000 47.620000 0 0 0 0 -100
199723.502000 448752.629000 47.801000 0 0 0 0 -100
199725.871000 448752.043000 48.243000 0 0 0 0 -100
199726.307000 448751.936000 48.294000 0 0 0 0 -100
199726.788000 448751.817000 48.434000 0 0 0 0 -100
199727.211000 448751.712000 48.505000 0 0 0 0 -100
199727.684000 448751.595000 48.584000 0 0 0 0 -100
199729.196000 448751.220000 49.080000 0 0 0 0 -100
199730.495000 448750.899000 49.175000 0 0 0 0 -100
199671.489000 448765.030000 50.406000 0 0 0 0 -100
199693.434000 448759.605000 49.025000 0 0 0 0 -100
199693.781000 448759.519000 48.932000 0 0 0 0 -100
199668.791000 448765.322000 52.275000 0 0 0 0 -100
199668.815000 448765.316000 51.453000 0 0 0 0 -100
199686.980000 448760.826000 49.139000 0 0 0 0 -100
199687.064000 448760.806000 48.525000 0 0 0 0 -100
199716.343000 448753.567000 47.835000 0 0 0 0 -100
199668.747000 448765.095000 52.128000 0 0 0 0 -100
199668.680000 448765.112000 51.225000 0 0 0 0 -100
199686.921000 448760.603000 49.155000 0 0 0 0 -100
199686.852000 448760.620000 48.255000 0 0 0 0 -100
199723.775000 448751.491000 47.622000 0 0 0 0 -100
199725.230000 448751.131000 48.018000 0 0 0 0 -100
199726.036000 448750.932000 47.988000 0 0 0 0 -100
199667.789000 448764.963000 51.891000 0 0 0 0 -100
199688.692000 448759.369000 49.304000 0 0 0 0 -100
199688.994000 448759.294000 49.102000 0 0 0 0 -100
199720.277000 448751.562000 47.312000 0 0 0 0 -100
199670.893000 448763.420000 51.352000 0 0 0 0 -100
199688.949000 448758.958000 48.937000 0 0 0 0 -100
199689.312000 448758.869000 48.806000 0 0 0 0 -100
199691.951000 448758.217000 48.881000 0 0 0 0 -100
199689.223000 448758.697000 48.737000 0 0 0 0 -100
199719.629000 448751.181000 47.907000 0 0 0 0 -100
199720.184000 448750.284000 48.417000 0 0 0 0 -100
199708.361000 448752.622000 47.119000 0 0 0 0 -100
199679.611000 448758.960000 49.539000 0 0 0 0 -100
199658.953000 448761.822000 51.610000 0 0 0 0 -100
199661.510000 448761.189000 51.465000 0 0 0 0 -100
199688.345000 448754.120000 48.862000 0 0 0 0 -100
199682.478000 448755.217000 49.333000 0 0 0 0 -100
199674.820000 448755.756000 49.961000 0 0 0 0 -100
199666.779000 448755.852000 51.185000 0 0 0 0 -100
199657.943000 448757.597000 51.710000 0 0 0 0 -100
199669.561000 448754.386000 51.345000 0 0 0 0 -100
199684.437000 448750.708000 50.159000 0 0 0 0 -100
199684.065000 448750.604000 51.364000 0 0 0 0 -100
199683.901000 448750.288000 51.344000 0 0 0 0 -100
199679.857000 448750.885000 51.127000 0 0 0 0 -100
199656.706000 448756.046000 52.892000 0 0 0 0 -100
199656.562000 448755.736000 53.179000 0 0 0 0 -100
199665.165000 448753.608000 52.314000 0 0 0 0 -100
199666.337000 448751.280000 52.611000 0 0 0 0 -100
199661.498000 448750.782000 54.046000 0 0 0 0 -100
199772.433000 448751.412000 63.126000 0 0 0 0 -100
199765.469000 448751.997000 62.784000 0 0 0 0 -100
199770.472000 448753.347000 63.470000 0 0 0 0 -100
199763.957000 448751.914000 61.299000 0 0 0 0 -100
199765.217000 448752.253000 62.054000 0 0 0 0 -100
199765.353000 448752.287000 62.732000 0 0 0 0 -100
199770.242000 448753.606000 63.564000 0 0 0 0 -100
199772.312000 448754.558000 64.265000 0 0 0 0 -100
199772.373000 448755.074000 63.985000 0 0 0 0 -100
199773.211000 448755.671000 63.654000 0 0 0 0 -100
199760.495000 448752.562000 60.331000 0 0 0 0 -100
199771.839000 448755.617000 63.791000 0 0 0 0 -100
199748.784000 448750.739000 55.894000 0 0 0 0 -100
199756.174000 448752.729000 58.944000 0 0 0 0 -100
199756.245000 448752.746000 59.845000 0 0 0 0 -100
199764.978000 448755.782000 62.973000 0 0 0 0 -100
199751.193000 448752.563000 57.988000 0 0 0 0 -100
199761.976000 448755.469000 61.919000 0 0 0 0 -100
199750.107000 448752.966000 56.780000 0 0 0 0 -100
199768.705000 448757.978000 63.548000 0 0 0 0 -100
199768.342000 448758.301000 63.507000 0 0 0 0 -100
199744.191000 448752.320000 55.501000 0 0 0 0 -100
199767.514000 448758.971000 63.454000 0 0 0 0 -100
199743.960000 448752.911000 55.566000 0 0 0 0 -100
199744.289000 448753.000000 55.600000 0 0 0 0 -100
199767.288000 448759.199000 63.351000 0 0 0 0 -100
199743.261000 448753.117000 55.533000 0 0 0 0 -100
199755.459000 448756.404000 59.542000 0 0 0 0 -100
199766.470000 448759.878000 63.175000 0 0 0 0 -100
199760.925000 448758.773000 61.400000 0 0 0 0 -100
199749.882000 448756.107000 57.414000 0 0 0 0 -100
199749.996000 448756.136000 58.173000 0 0 0 0 -100
199765.591000 448760.343000 63.137000 0 0 0 0 -100
199765.560000 448760.732000 63.077000 0 0 0 0 -100
199767.483000 448761.251000 63.726000 0 0 0 0 -100
199728.733000 448751.330000 48.671000 0 0 0 0 -100
199729.027000 448751.409000 48.987000 0 0 0 0 -100
199765.904000 448761.354000 63.184000 0 0 0 0 -100
199722.634000 448750.098000 48.358000 0 0 0 0 -100
199724.316000 448750.554000 47.616000 0 0 0 0 -100
199728.338000 448751.638000 48.704000 0 0 0 0 -100
199728.720000 448751.742000 48.728000 0 0 0 0 -100
199744.392000 448755.966000 56.481000 0 0 0 0 -100
199744.673000 448756.041000 56.711000 0 0 0 0 -100
199757.958000 448759.624000 61.769000 0 0 0 0 -100
199758.283000 448759.711000 61.899000 0 0 0 0 -100
199724.128000 448750.796000 47.667000 0 0 0 0 -100
199724.300000 448750.842000 48.293000 0 0 0 0 -100
199725.320000 448751.117000 48.650000 0 0 0 0 -100
199727.217000 448751.631000 48.320000 0 0 0 0 -100
199727.555000 448751.721000 48.506000 0 0 0 0 -100
199727.833000 448751.794000 48.750000 0 0 0 0 -100
199744.221000 448756.213000 56.453000 0 0 0 0 -100
199744.583000 448756.310000 56.535000 0 0 0 0 -100
199758.163000 448759.973000 61.867000 0 0 0 0 -100
199726.865000 448751.959000 48.369000 0 0 0 0 -100
199727.207000 448752.052000 48.423000 0 0 0 0 -100
199719.659000 448750.499000 48.253000 0 0 0 0 -100
199720.248000 448750.660000 47.550000 0 0 0 0 -100
199725.894000 448752.186000 48.238000 0 0 0 0 -100
199726.278000 448752.290000 48.199000 0 0 0 0 -100
199744.166000 448757.111000 56.956000 0 0 0 0 -100
199763.386000 448762.296000 62.883000 0 0 0 0 -100
199721.548000 448751.379000 48.405000 0 0 0 0 -100
199725.315000 448752.399000 48.080000 0 0 0 0 -100
199760.270000 448761.824000 62.631000 0 0 0 0 -100
199724.426000 448752.470000 47.853000 0 0 0 0 -100
199724.724000 448752.551000 47.977000 0 0 0 0 -100
199749.287000 448759.174000 57.770000 0 0 0 0 -100
199749.442000 448759.215000 58.272000 0 0 0 0 -100
199760.007000 448762.065000 62.641000 0 0 0 0 -100
199765.829000 448763.636000 63.847000 0 0 0 0 -100
199765.978000 448763.675000 64.514000 0 0 0 0 -100
199723.701000 448752.695000 47.723000 0 0 0 0 -100
199723.994000 448752.774000 47.893000 0 0 0 0 -100
199722.336000 448752.874000 47.505000 0 0 0 0 -100
199722.655000 448752.960000 47.594000 0 0 0 0 -100
199730.695000 448755.858000 51.183000 0 0 0 0 -100
199731.346000 448756.034000 51.328000 0 0 0 0 -100
199720.318000 448753.464000 48.216000 0 0 0 0 -100
199740.563000 448758.929000 55.293000 0 0 0 0 -100
199738.054000 448759.134000 54.186000 0 0 0 0 -100
199739.965000 448759.650000 55.004000 0 0 0 0 -100
199716.469000 448753.595000 47.909000 0 0 0 0 -100
199720.657000 448754.726000 48.493000 0 0 0 0 -100
199765.852000 448766.924000 64.117000 0 0 0 0 -100
199719.631000 448754.847000 47.358000 0 0 0 0 -100
199763.891000 448766.791000 64.535000 0 0 0 0 -100
199764.214000 448766.878000 64.700000 0 0 0 0 -100
199765.874000 448767.327000 64.135000 0 0 0 0 -100
199768.684000 448768.087000 64.731000 0 0 0 0 -100
199750.415000 448763.665000 59.163000 0 0 0 0 -100
199750.510000 448763.689000 60.002000 0 0 0 0 -100
199763.133000 448767.097000 63.862000 0 0 0 0 -100
199721.683000 448756.311000 47.957000 0 0 0 0 -100
199721.739000 448756.325000 48.785000 0 0 0 0 -100
199750.077000 448763.974000 59.044000 0 0 0 0 -100
199750.231000 448764.015000 59.602000 0 0 0 0 -100
199750.398000 448764.059000 60.266000 0 0 0 0 -100
199763.592000 448767.621000 64.544000 0 0 0 0 -100
199763.956000 448767.720000 64.512000 0 0 0 0 -100
199764.602000 448767.894000 64.869000 0 0 0 0 -100
199721.556000 448756.591000 47.897000 0 0 0 0 -100
199721.737000 448756.639000 48.405000 0 0 0 0 -100
199763.219000 448767.835000 64.244000 0 0 0 0 -100
199763.505000 448767.912000 64.512000 0 0 0 0 -100
199763.772000 448767.985000 64.719000 0 0 0 0 -100
199764.248000 448768.113000 64.492000 0 0 0 0 -100
199764.483000 448768.176000 64.841000 0 0 0 0 -100
199765.072000 448768.335000 65.134000 0 0 0 0 -100
199765.732000 448768.514000 64.352000 0 0 0 0 -100
199764.008000 448768.442000 64.215000 0 0 0 0 -100
199764.256000 448768.508000 64.614000 0 0 0 0 -100
199765.201000 448768.764000 64.979000 0 0 0 0 -100
199763.652000 448769.239000 64.072000 0 0 0 0 -100
199717.145000 448757.852000 47.408000 0 0 0 0 -100
199719.289000 448758.429000 48.764000 0 0 0 0 -100
199739.889000 448763.991000 57.067000 0 0 0 0 -100
199719.223000 448758.821000 48.562000 0 0 0 0 -100
199730.475000 448761.862000 52.138000 0 0 0 0 -100
199735.192000 448763.135000 54.251000 0 0 0 0 -100
199739.445000 448764.283000 55.850000 0 0 0 0 -100
199739.595000 448764.323000 56.431000 0 0 0 0 -100
199717.170000 448758.603000 47.485000 0 0 0 0 -100
199757.282000 448769.434000 61.959000 0 0 0 0 -100
199708.004000 448756.532000 48.465000 0 0 0 0 -100
199710.631000 448757.243000 48.057000 0 0 0 0 -100
199717.026000 448758.976000 47.503000 0 0 0 0 -100
199717.014000 448758.971000 48.671000 0 0 0 0 -100
199683.562000 448750.422000 51.465000 0 0 0 0 -100
199707.926000 448757.025000 48.335000 0 0 0 0 -100
199710.421000 448757.701000 47.347000 0 0 0 0 -100
199716.920000 448759.461000 47.582000 0 0 0 0 -100
199739.052000 448765.435000 56.659000 0 0 0 0 -100
199744.618000 448766.938000 58.586000 0 0 0 0 -100
199683.535000 448750.779000 51.159000 0 0 0 0 -100
199725.531000 448762.151000 49.981000 0 0 0 0 -100
199689.342000 448752.666000 48.901000 0 0 0 0 -100
199722.279000 448761.580000 49.984000 0 0 0 0 -100
199739.504000 448766.230000 56.260000 0 0 0 0 -100
199688.973000 448752.942000 49.926000 0 0 0 0 -100
199705.117000 448758.267000 47.586000 0 0 0 0 -100
199684.254000 448752.943000 49.529000 0 0 0 0 -100
199688.404000 448754.069000 48.738000 0 0 0 0 -100
199708.968000 448759.636000 48.702000 0 0 0 0 -100
199721.949000 448763.149000 50.276000 0 0 0 0 -100
199706.043000 448759.253000 48.706000 0 0 0 0 -100
199721.953000 448763.560000 50.101000 0 0 0 0 -100
199682.383000 448753.724000 50.066000 0 0 0 0 -100
199682.480000 448753.748000 50.947000 0 0 0 0 -100
199690.108000 448755.818000 48.408000 0 0 0 0 -100
199735.331000 448768.052000 55.288000 0 0 0 0 -100
199734.873000 448768.255000 55.274000 0 0 0 0 -100
199687.463000 448755.828000 49.173000 0 0 0 0 -100
199705.707000 448760.774000 47.427000 0 0 0 0 -100
199716.097000 448763.585000 47.964000 0 0 0 0 -100
199734.819000 448768.643000 55.239000 0 0 0 0 -100
199720.073000 448765.205000 49.728000 0 0 0 0 -100
199697.673000 448759.553000 47.865000 0 0 0 0 -100
199705.745000 448761.737000 48.788000 0 0 0 0 -100
199719.211000 448765.384000 49.742000 0 0 0 0 -100
199685.476000 448756.573000 48.573000 0 0 0 0 -100
199720.120000 448765.956000 49.830000 0 0 0 0 -100
199719.251000 448766.090000 50.017000 0 0 0 0 -100
199719.582000 448766.180000 50.008000 0 0 0 0 -100
199661.821000 448751.049000 54.027000 0 0 0 0 -100
199703.045000 448762.231000 47.772000 0 0 0 0 -100
199703.388000 448762.324000 47.812000 0 0 0 0 -100
199703.728000 448762.416000 47.832000 0 0 0 0 -100
199724.152000 448767.941000 52.028000 0 0 0 0 -100
199667.760000 448753.026000 52.512000 0 0 0 0 -100
199681.298000 448756.700000 48.956000 0 0 0 0 -100
199703.343000 448762.676000 47.642000 0 0 0 0 -100
199703.634000 448762.755000 47.751000 0 0 0 0 -100
199704.028000 448762.862000 47.569000 0 0 0 0 -100
199726.805000 448769.022000 52.466000 0 0 0 0 -100
199667.806000 448753.352000 52.943000 0 0 0 0 -100
199689.006000 448759.103000 48.918000 0 0 0 0 -100
199725.442000 448768.968000 52.658000 0 0 0 0 -100
199657.821000 448751.035000 54.219000 0 0 0 0 -100
199688.851000 448759.452000 49.229000 0 0 0 0 -100
199657.600000 448751.487000 54.085000 0 0 0 0 -100
199664.833000 448753.451000 52.261000 0 0 0 0 -100
199665.093000 448753.521000 52.636000 0 0 0 0 -100
199691.927000 448760.802000 47.822000 0 0 0 0 -100
199693.698000 448761.282000 47.788000 0 0 0 0 -100
199653.027000 448750.634000 54.613000 0 0 0 0 -100
199653.285000 448750.703000 54.928000 0 0 0 0 -100
199657.658000 448751.890000 54.330000 0 0 0 0 -100
199653.170000 448751.019000 54.762000 0 0 0 0 -100
199653.496000 448751.108000 54.870000 0 0 0 0 -100
199659.067000 448752.620000 53.931000 0 0 0 0 -100
199686.473000 448760.056000 49.232000 0 0 0 0 -100
199707.491000 448765.753000 48.752000 0 0 0 0 -100
199651.629000 448750.983000 53.903000 0 0 0 0 -100
199657.674000 448752.623000 53.803000 0 0 0 0 -100
199707.681000 448766.188000 48.038000 0 0 0 0 -100
199719.146000 448769.292000 49.744000 0 0 0 0 -100
199719.160000 448769.294000 50.704000 0 0 0 0 -100
199657.159000 448753.002000 53.541000 0 0 0 0 -100
199657.870000 448753.195000 53.655000 0 0 0 0 -100
199658.130000 448753.264000 53.897000 0 0 0 0 -100
199679.602000 448759.093000 49.859000 0 0 0 0 -100
199686.670000 448761.010000 48.910000 0 0 0 0 -100
199644.923000 448750.048000 54.797000 0 0 0 0 -100
199644.201000 448750.147000 54.818000 0 0 0 0 -100
199644.371000 448750.192000 55.388000 0 0 0 0 -100
199644.920000 448750.342000 54.786000 0 0 0 0 -100
199645.267000 448750.436000 54.744000 0 0 0 0 -100
199655.478000 448753.207000 53.600000 0 0 0 0 -100
199655.863000 448753.312000 53.364000 0 0 0 0 -100
199656.881000 448753.588000 53.551000 0 0 0 0 -100
199644.347000 448750.571000 55.112000 0 0 0 0 -100
199645.048000 448750.762000 55.142000 0 0 0 0 -100
199649.795000 448752.051000 54.407000 0 0 0 0 -100
199656.401000 448753.843000 53.561000 0 0 0 0 -100
199656.697000 448753.923000 53.743000 0 0 0 0 -100
199685.497000 448761.738000 49.061000 0 0 0 0 -100
199643.174000 448750.801000 54.539000 0 0 0 0 -100
199644.388000 448751.130000 55.117000 0 0 0 0 -100
199644.857000 448751.257000 54.807000 0 0 0 0 -100
199645.600000 448751.460000 54.547000 0 0 0 0 -100
199649.710000 448752.576000 53.726000 0 0 0 0 -100
199656.445000 448754.403000 53.627000 0 0 0 0 -100
199642.909000 448751.139000 54.582000 0 0 0 0 -100
199643.263000 448751.235000 54.516000 0 0 0 0 -100
199643.561000 448751.316000 54.690000 0 0 0 0 -100
199644.589000 448751.594000 54.825000 0 0 0 0 -100
199645.027000 448751.714000 54.521000 0 0 0 0 -100
199645.386000 448751.811000 54.542000 0 0 0 0 -100
199645.802000 448751.924000 54.253000 0 0 0 0 -100
199646.222000 448752.039000 54.120000 0 0 0 0 -100
199649.816000 448753.014000 53.886000 0 0 0 0 -100
199651.073000 448753.356000 53.207000 0 0 0 0 -100
199656.589000 448754.852000 53.512000 0 0 0 0 -100
199705.501000 448768.123000 49.082000 0 0 0 0 -100
199642.606000 448751.405000 54.452000 0 0 0 0 -100
199642.923000 448751.491000 54.450000 0 0 0 0 -100
199643.236000 448751.576000 54.607000 0 0 0 0 -100
199644.744000 448751.985000 54.425000 0 0 0 0 -100
199645.475000 448752.184000 54.246000 0 0 0 0 -100
199645.810000 448752.275000 54.248000 0 0 0 0 -100
199646.232000 448752.389000 54.113000 0 0 0 0 -100
199649.223000 448753.202000 53.551000 0 0 0 0 -100
199649.840000 448753.369000 53.824000 0 0 0 0 -100
199650.806000 448753.630000 54.019000 0 0 0 0 -100
199652.103000 448753.983000 53.098000 0 0 0 0 -100
199684.424000 448762.756000 48.493000 0 0 0 0 -100
199684.423000 448762.753000 49.663000 0 0 0 0 -100
199694.627000 448765.523000 48.079000 0 0 0 0 -100
199702.589000 448767.681000 49.065000 0 0 0 0 -100
199705.111000 448768.363000 49.215000 0 0 0 0 -100
199642.265000 448751.705000 54.420000 0 0 0 0 -100
199642.626000 448751.803000 54.501000 0 0 0 0 -100
199643.016000 448751.909000 54.336000 0 0 0 0 -100
199644.785000 448752.389000 54.222000 0 0 0 0 -100
199646.340000 448752.812000 53.839000 0 0 0 0 -100
199646.674000 448752.903000 53.848000 0 0 0 0 -100
199651.431000 448754.194000 53.036000 0 0 0 0 -100
199705.106000 448768.759000 48.032000 0 0 0 0 -100
199705.171000 448768.774000 48.978000 0 0 0 0 -100
199643.456000 448752.536000 54.792000 0 0 0 0 -100
199645.473000 448753.085000 53.908000 0 0 0 0 -100
199646.082000 448753.250000 54.212000 0 0 0 0 -100
199646.380000 448753.330000 54.419000 0 0 0 0 -100
199646.753000 448753.432000 54.217000 0 0 0 0 -100
199654.384000 448755.503000 53.396000 0 0 0 0 -100
199654.697000 448755.588000 53.553000 0 0 0 0 -100
199655.407000 448755.783000 52.364000 0 0 0 0 -100
199655.626000 448755.841000 52.890000 0 0 0 0 -100
199656.676000 448756.126000 52.933000 0 0 0 0 -100
199645.133000 448753.354000 53.750000 0 0 0 0 -100
199646.069000 448753.607000 54.155000 0 0 0 0 -100
199646.450000 448753.711000 54.026000 0 0 0 0 -100
199646.771000 448753.798000 54.014000 0 0 0 0 -100
199655.223000 448756.092000 52.985000 0 0 0 0 -100
199655.541000 448756.178000 53.124000 0 0 0 0 -100
199657.238000 448756.641000 51.939000 0 0 0 0 -100
199680.534000 448762.961000 50.084000 0 0 0 0 -100
199701.747000 448768.718000 47.993000 0 0 0 0 -100
199643.157000 448753.106000 53.751000 0 0 0 0 -100
199643.496000 448753.198000 53.773000 0 0 0 0 -100
199643.826000 448753.288000 53.831000 0 0 0 0 -100
199645.613000 448753.773000 53.654000 0 0 0 0 -100
199646.817000 448754.100000 53.190000 0 0 0 0 -100
199649.025000 448754.700000 53.032000 0 0 0 0 -100
199649.302000 448754.775000 53.246000 0 0 0 0 -100
199686.397000 448764.841000 49.276000 0 0 0 0 -100
199701.778000 448769.015000 48.247000 0 0 0 0 -100
199649.404000 448755.173000 53.065000 0 0 0 0 -100
199652.210000 448755.934000 53.087000 0 0 0 0 -100
199701.877000 448769.413000 48.126000 0 0 0 0 -100
199642.488000 448753.801000 53.640000 0 0 0 0 -100
199643.855000 448754.172000 53.802000 0 0 0 0 -100
199645.418000 448754.597000 53.427000 0 0 0 0 -100
199645.747000 448754.686000 53.384000 0 0 0 0 -100
199690.764000 448766.908000 47.840000 0 0 0 0 -100
199630.444000 448750.923000 55.260000 0 0 0 0 -100
199643.913000 448754.580000 53.609000 0 0 0 0 -100
199645.380000 448754.978000 53.304000 0 0 0 0 -100
199645.715000 448755.069000 53.377000 0 0 0 0 -100
199691.069000 448767.383000 47.820000 0 0 0 0 -100
199630.457000 448751.266000 55.291000 0 0 0 0 -100
199633.066000 448751.975000 54.631000 0 0 0 0 -100
199634.991000 448752.499000 54.113000 0 0 0 0 -100
199645.759000 448755.421000 53.154000 0 0 0 0 -100
199650.397000 448756.681000 52.874000 0 0 0 0 -100
199650.690000 448756.760000 53.066000 0 0 0 0 -100
199687.034000 448766.629000 48.014000 0 0 0 0 -100
199689.386000 448767.266000 48.607000 0 0 0 0 -100
199632.874000 448752.337000 54.662000 0 0 0 0 -100
199643.067000 448755.105000 53.231000 0 0 0 0 -100
199632.543000 448752.782000 55.135000 0 0 0 0 -100
199685.626000 448767.201000 48.955000 0 0 0 0 -100
199686.084000 448767.326000 48.608000 0 0 0 0 -100
199686.164000 448767.348000 48.344000 0 0 0 0 -100
199642.862000 448755.989000 53.073000 0 0 0 0 -100
199642.833000 448756.287000 53.115000 0 0 0 0 -100
199661.331000 448761.311000 51.438000 0 0 0 0 -100
199661.563000 448761.373000 51.916000 0 0 0 0 -100
199671.334000 448764.414000 50.475000 0 0 0 0 -100
199672.062000 448764.612000 50.415000 0 0 0 0 -100
199645.393000 448757.877000 52.785000 0 0 0 0 -100
199645.268000 448758.246000 53.308000 0 0 0 0 -100
199653.500000 448760.484000 52.710000 0 0 0 0 -100
199653.798000 448760.564000 52.919000 0 0 0 0 -100
199653.100000 448760.711000 52.966000 0 0 0 0 -100
199653.509000 448760.823000 52.711000 0 0 0 0 -100
199678.898000 448767.722000 50.798000 0 0 0 0 -100
199680.835000 448768.249000 50.294000 0 0 0 0 -100
199681.845000 448768.523000 50.448000 0 0 0 0 -100
199652.414000 448760.919000 53.178000 0 0 0 0 -100
199678.859000 448768.107000 49.948000 0 0 0 0 -100
199681.206000 448768.745000 49.420000 0 0 0 0 -100
199646.166000 448759.720000 52.627000 0 0 0 0 -100
199678.442000 448768.493000 50.040000 0 0 0 0 -100
199673.100000 448767.421000 51.480000 0 0 0 0 -100
199658.765000 448763.822000 52.358000 0 0 0 0 -100
199672.969000 448767.682000 50.942000 0 0 0 0 -100
199673.131000 448767.725000 51.582000 0 0 0 0 -100
199649.757000 448761.772000 53.204000 0 0 0 0 -100
199673.916000 448768.337000 51.951000 0 0 0 0 -100
199677.204000 448769.234000 50.488000 0 0 0 0 -100
199677.444000 448769.298000 50.830000 0 0 0 0 -100
199677.702000 448769.367000 51.241000 0 0 0 0 -100
199649.020000 448762.063000 53.546000 0 0 0 0 -100
199649.404000 448762.168000 53.446000 0 0 0 0 -100
199650.833000 448762.559000 52.185000 0 0 0 0 -100
199673.668000 448768.764000 51.615000 0 0 0 0 -100
199673.898000 448768.825000 52.154000 0 0 0 0 -100
199643.184000 448760.864000 53.482000 0 0 0 0 -100
199646.426000 448761.746000 53.183000 0 0 0 0 -100
199646.652000 448761.807000 53.586000 0 0 0 0 -100
199648.857000 448762.406000 53.470000 0 0 0 0 -100
199649.165000 448762.490000 53.504000 0 0 0 0 -100
199660.892000 448765.679000 51.993000 0 0 0 0 -100
199660.979000 448765.700000 52.973000 0 0 0 0 -100
199629.049000 448757.352000 54.255000 0 0 0 0 -100
199629.120000 448757.369000 55.219000 0 0 0 0 -100
199646.801000 448762.178000 53.310000 0 0 0 0 -100
199647.163000 448762.276000 53.254000 0 0 0 0 -100
199648.501000 448762.639000 53.494000 0 0 0 0 -100
199648.924000 448762.755000 53.355000 0 0 0 0 -100
199659.582000 448765.653000 53.010000 0 0 0 0 -100
199660.935000 448766.020000 52.131000 0 0 0 0 -100
199661.044000 448766.048000 53.002000 0 0 0 0 -100
199661.291000 448766.117000 52.142000 0 0 0 0 -100
199628.541000 448757.636000 54.316000 0 0 0 0 -100
199629.251000 448757.829000 54.302000 0 0 0 0 -100
199648.922000 448763.178000 53.065000 0 0 0 0 -100
199649.173000 448763.245000 53.342000 0 0 0 0 -100
199645.926000 448762.879000 53.587000 0 0 0 0 -100
199648.142000 448763.482000 53.152000 0 0 0 0 -100
199648.465000 448763.570000 53.236000 0 0 0 0 -100
199648.826000 448763.668000 53.253000 0 0 0 0 -100
199649.990000 448763.986000 52.805000 0 0 0 0 -100
199651.933000 448764.512000 53.297000 0 0 0 0 -100
199641.956000 448762.527000 53.454000 0 0 0 0 -100
199624.039000 448758.062000 56.057000 0 0 0 0 -100
199624.348000 448758.146000 56.111000 0 0 0 0 -100
199628.999000 448759.413000 54.603000 0 0 0 0 -100
199624.117000 448758.616000 56.276000 0 0 0 0 -100
199650.292000 448765.743000 53.094000 0 0 0 0 -100
199624.318000 448759.421000 56.191000 0 0 0 0 -100
199623.537000 448759.619000 55.915000 0 0 0 0 -100
199635.364000 448763.318000 54.972000 0 0 0 0 -100
199635.601000 448763.382000 55.409000 0 0 0 0 -100
199654.148000 448768.434000 53.316000 0 0 0 0 -100
199654.088000 448768.812000 53.759000 0 0 0 0 -100
199654.277000 448768.862000 54.527000 0 0 0 0 -100
199644.742000 448768.613000 54.289000 0 0 0 0 -100
199634.447000 448767.887000 56.583000 0 0 0 0 -100
199625.966000 448766.286000 56.524000 0 0 0 0 -100
199625.887000 448766.698000 56.531000 0 0 0 0 -100
199651.496000 448768.598000 53.527000 0 0 0 0 -100
199650.192000 448765.820000 53.027000 0 0 0 0 -100
199650.167000 448765.590000 53.105000 0 0 0 0 -100
199650.139000 448765.262000 52.922000 0 0 0 0 -100
199649.774000 448765.173000 53.038000 0 0 0 0 -100
199649.240000 448764.541000 53.403000 0 0 0 0 -100
199649.528000 448764.051000 53.481000 0 0 0 0 -100
199649.630000 448763.775000 53.412000 0 0 0 0 -100
199659.640000 448765.777000 52.997000 0 0 0 0 -100
199648.855000 448763.149000 53.217000 0 0 0 0 -100
199650.346000 448763.237000 52.577000 0 0 0 0 -100
199650.329000 448762.997000 52.450000 0 0 0 0 -100
199670.163000 448767.545000 51.289000 0 0 0 0 -100
199653.606000 448763.512000 52.127000 0 0 0 0 -100
199672.911000 448767.725000 50.969000 0 0 0 0 -100
199650.925000 448762.369000 52.208000 0 0 0 0 -100
199673.266000 448767.468000 51.536000 0 0 0 0 -100
199650.586000 448761.942000 52.281000 0 0 0 0 -100
199659.066000 448763.728000 51.962000 0 0 0 0 -100
199658.978000 448763.708000 52.558000 0 0 0 0 -100
199668.668000 448765.725000 51.317000 0 0 0 0 -100
199659.045000 448763.384000 52.790000 0 0 0 0 -100
199656.303000 448762.714000 51.852000 0 0 0 0 -100
199655.902000 448762.616000 51.881000 0 0 0 0 -100
199679.154000 448767.828000 50.112000 0 0 0 0 -100
199677.309000 448767.378000 49.979000 0 0 0 0 -100
199668.945000 448765.340000 51.206000 0 0 0 0 -100
199650.702000 448760.897000 52.152000 0 0 0 0 -100
199650.785000 448760.628000 52.132000 0 0 0 0 -100
199691.046000 448769.410000 47.894000 0 0 0 0 -100
199686.037000 448767.272000 48.277000 0 0 0 0 -100
199661.745000 448761.358000 52.017000 0 0 0 0 -100
199675.463000 448763.748000 49.615000 0 0 0 0 -100
199698.867000 448769.130000 48.956000 0 0 0 0 -100
199649.002000 448756.981000 52.567000 0 0 0 0 -100
199685.631000 448765.455000 48.261000 0 0 0 0 -100
199702.252000 448769.171000 48.103000 0 0 0 0 -100
199692.868000 448766.883000 47.902000 0 0 0 0 -100
199660.999000 448759.118000 51.308000 0 0 0 0 -100
199650.669000 448756.602000 53.046000 0 0 0 0 -100
199701.998000 448768.850000 48.351000 0 0 0 0 -100
199701.893000 448768.825000 49.021000 0 0 0 0 -100
199693.671000 448766.820000 47.882000 0 0 0 0 -100
199704.186000 448769.042000 48.048000 0 0 0 0 -100
199701.818000 448768.466000 49.154000 0 0 0 0 -100
199705.080000 448768.549000 48.161000 0 0 0 0 -100
199660.181000 448757.607000 51.593000 0 0 0 0 -100
199659.433000 448757.425000 51.875000 0 0 0 0 -100
199649.256000 448754.946000 53.194000 0 0 0 0 -100
199705.332000 448768.434000 49.209000 0 0 0 0 -100
199649.363000 448754.795000 53.210000 0 0 0 0 -100
199694.725000 448765.542000 47.895000 0 0 0 0 -100
199655.302000 448755.939000 53.076000 0 0 0 0 -100
199684.836000 448762.660000 48.509000 0 0 0 0 -100
199684.706000 448762.629000 49.058000 0 0 0 0 -100
199684.589000 448762.602000 49.543000 0 0 0 0 -100
199680.783000 448761.673000 48.889000 0 0 0 0 -100
199656.663000 448755.799000 53.087000 0 0 0 0 -100
199656.209000 448755.687000 52.264000 0 0 0 0 -100
199651.385000 448754.152000 52.939000 0 0 0 0 -100
199694.736000 448764.417000 47.869000 0 0 0 0 -100
199650.774000 448753.707000 54.221000 0 0 0 0 -100
199678.732000 448760.168000 49.238000 0 0 0 0 -100
199649.511000 448753.051000 53.729000 0 0 0 0 -100
199649.571000 448752.634000 53.681000 0 0 0 0 -100
199649.532000 448752.332000 54.482000 0 0 0 0 -100
199707.558000 448765.951000 48.104000 0 0 0 0 -100
199687.062000 448760.953000 48.688000 0 0 0 0 -100
199686.977000 448760.934000 49.434000 0 0 0 0 -100
199649.969000 448751.918000 54.551000 0 0 0 0 -100
199722.127000 448768.686000 50.994000 0 0 0 0 -100
199677.779000 448757.864000 49.595000 0 0 0 0 -100
199649.895000 448751.073000 54.915000 0 0 0 0 -100
199722.680000 448768.547000 51.121000 0 0 0 0 -100
199694.060000 448761.562000 48.766000 0 0 0 0 -100
199657.866000 448752.741000 53.591000 0 0 0 0 -100
199716.240000 448766.593000 48.505000 0 0 0 0 -100
199694.277000 448761.237000 48.492000 0 0 0 0 -100
199727.183000 448768.827000 52.746000 0 0 0 0 -100
199723.709000 448767.977000 51.592000 0 0 0 0 -100
199688.695000 448759.430000 49.303000 0 0 0 0 -100
199653.313000 448750.809000 54.927000 0 0 0 0 -100
199720.249000 448766.827000 49.427000 0 0 0 0 -100
199720.251000 448766.829000 50.225000 0 0 0 0 -100
199703.737000 448762.795000 47.649000 0 0 0 0 -100
199703.358000 448762.703000 47.767000 0 0 0 0 -100
199665.039000 448753.365000 52.222000 0 0 0 0 -100
199653.168000 448750.473000 54.462000 0 0 0 0 -100
199720.198000 448766.598000 50.383000 0 0 0 0 -100
199703.993000 448762.639000 47.597000 0 0 0 0 -100
199703.723000 448762.573000 47.902000 0 0 0 0 -100
199703.235000 448762.454000 47.764000 0 0 0 0 -100
199702.828000 448762.355000 47.738000 0 0 0 0 -100
199702.364000 448762.242000 47.692000 0 0 0 0 -100
199694.662000 448760.365000 48.327000 0 0 0 0 -100
199692.660000 448759.876000 47.773000 0 0 0 0 -100
199692.723000 448759.893000 48.759000 0 0 0 0 -100
199689.090000 448759.007000 49.057000 0 0 0 0 -100
199703.861000 448762.279000 47.634000 0 0 0 0 -100
199703.489000 448762.188000 47.744000 0 0 0 0 -100
199703.049000 448762.081000 47.698000 0 0 0 0 -100
199702.667000 448761.988000 47.743000 0 0 0 0 -100
199702.214000 448761.877000 47.696000 0 0 0 0 -100
199694.481000 448759.993000 48.430000 0 0 0 0 -100
199693.304000 448759.706000 48.670000 0 0 0 0 -100
199734.735000 448769.407000 56.351000 0 0 0 0 -100
199703.524000 448761.776000 47.688000 0 0 0 0 -100
199703.118000 448761.677000 47.686000 0 0 0 0 -100
199702.658000 448761.564000 47.670000 0 0 0 0 -100
199694.532000 448759.584000 48.450000 0 0 0 0 -100
199694.144000 448759.490000 48.485000 0 0 0 0 -100
199684.462000 448757.127000 48.741000 0 0 0 0 -100
199705.698000 448761.951000 48.521000 0 0 0 0 -100
199687.613000 448757.539000 48.154000 0 0 0 0 -100
199684.107000 448756.684000 48.824000 0 0 0 0 -100
199689.200000 448757.699000 48.918000 0 0 0 0 -100
199697.565000 448759.401000 47.796000 0 0 0 0 -100
199691.738000 448757.982000 48.891000 0 0 0 0 -100
199688.823000 448757.271000 49.024000 0 0 0 0 -100
199685.659000 448756.498000 48.655000 0 0 0 0 -100
199736.860000 448768.559000 55.825000 0 0 0 0 -100
199736.830000 448768.553000 56.562000 0 0 0 0 -100
199694.179000 448758.133000 48.619000 0 0 0 0 -100
199691.816000 448757.557000 49.110000 0 0 0 0 -100
199736.695000 448768.231000 56.235000 0 0 0 0 -100
199704.697000 448760.408000 47.597000 0 0 0 0 -100
199692.110000 448757.340000 48.750000 0 0 0 0 -100
199729.873000 448766.392000 52.721000 0 0 0 0 -100
199691.943000 448757.135000 48.635000 0 0 0 0 -100
199734.577000 448767.257000 55.822000 0 0 0 0 -100
199704.864000 448759.995000 47.612000 0 0 0 0 -100
199732.632000 448766.366000 54.425000 0 0 0 0 -100
199704.865000 448759.580000 47.582000 0 0 0 0 -100
199682.502000 448754.130000 50.370000 0 0 0 0 -100
199704.919000 448759.269000 47.646000 0 0 0 0 -100
199689.927000 448755.613000 48.233000 0 0 0 0 -100
199709.272000 448760.065000 48.373000 0 0 0 0 -100
199709.026000 448760.006000 48.793000 0 0 0 0 -100
199705.864000 448759.233000 47.534000 0 0 0 0 -100
199705.979000 448759.262000 48.589000 0 0 0 0 -100
199704.991000 448759.020000 47.543000 0 0 0 0 -100
199678.922000 448752.667000 50.681000 0 0 0 0 -100
199705.220000 448758.274000 47.535000 0 0 0 0 -100
199688.375000 448754.168000 49.409000 0 0 0 0 -100
199687.418000 448753.629000 49.074000 0 0 0 0 -100
199719.999000 448761.075000 48.213000 0 0 0 0 -100
199685.087000 448752.560000 49.543000 0 0 0 0 -100
199748.172000 448767.535000 59.565000 0 0 0 0 -100
199725.921000 448762.089000 50.460000 0 0 0 0 -100
199725.786000 448762.057000 51.056000 0 0 0 0 -100
199748.459000 448767.304000 59.159000 0 0 0 0 -100
199725.852000 448761.771000 50.202000 0 0 0 0 -100
199725.805000 448761.761000 50.974000 0 0 0 0 -100
199689.138000 448752.810000 49.434000 0 0 0 0 -100
199687.736000 448752.467000 49.211000 0 0 0 0 -100
199686.671000 448752.208000 49.606000 0 0 0 0 -100
199685.355000 448751.887000 49.637000 0 0 0 0 -100
199684.958000 448751.790000 49.704000 0 0 0 0 -100
199693.018000 448753.521000 48.094000 0 0 0 0 -100
199710.359000 448757.457000 47.504000 0 0 0 0 -100
199708.300000 448756.955000 47.719000 0 0 0 0 -100
199740.006000 448764.285000 56.613000 0 0 0 0 -100
199724.673000 448760.532000 49.996000 0 0 0 0 -100
199683.979000 448750.603000 50.555000 0 0 0 0 -100
199683.957000 448750.600000 51.350000 0 0 0 0 -100
199722.831000 448759.788000 48.616000 0 0 0 0 -100
199684.048000 448750.329000 50.568000 0 0 0 0 -100
199684.004000 448750.319000 51.277000 0 0 0 0 -100
199763.687000 448767.947000 64.579000 0 0 0 0 -100
199763.990000 448767.584000 64.673000 0 0 0 0 -100
199764.193000 448767.359000 64.805000 0 0 0 0 -100
199763.004000 448767.067000 64.007000 0 0 0 0 -100
199739.068000 448761.209000 55.092000 0 0 0 0 -100
199763.946000 448767.097000 64.220000 0 0 0 0 -100
199763.241000 448766.924000 63.533000 0 0 0 0 -100
199763.070000 448766.882000 64.033000 0 0 0 0 -100
199738.139000 448760.783000 54.882000 0 0 0 0 -100
199721.794000 448756.783000 47.920000 0 0 0 0 -100
199762.971000 448766.574000 63.148000 0 0 0 0 -100
199747.803000 448762.864000 57.949000 0 0 0 0 -100
199738.457000 448760.578000 54.970000 0 0 0 0 -100
199722.072000 448756.569000 47.897000 0 0 0 0 -100
199721.875000 448756.521000 48.371000 0 0 0 0 -100
199721.753000 448756.493000 48.968000 0 0 0 0 -100
199763.003000 448766.162000 64.011000 0 0 0 0 -100
199762.583000 448766.061000 64.013000 0 0 0 0 -100
199739.434000 448760.082000 55.045000 0 0 0 0 -100
199722.614000 448755.965000 47.923000 0 0 0 0 -100
199755.949000 448763.865000 61.141000 0 0 0 0 -100
199755.714000 448763.809000 61.487000 0 0 0 0 -100
199743.257000 448760.760000 56.172000 0 0 0 0 -100
199756.225000 448763.605000 60.654000 0 0 0 0 -100
199756.099000 448763.574000 61.201000 0 0 0 0 -100
199739.928000 448759.616000 55.015000 0 0 0 0 -100
199740.770000 448759.064000 55.315000 0 0 0 0 -100
199771.307000 448766.316000 66.206000 0 0 0 0 -100
199756.035000 448762.581000 61.404000 0 0 0 0 -100
199766.037000 448764.025000 64.925000 0 0 0 0 -100
199762.028000 448763.041000 62.578000 0 0 0 0 -100
199771.832000 448765.191000 65.079000 0 0 0 0 -100
199766.087000 448763.787000 64.179000 0 0 0 0 -100
199725.394000 448753.492000 48.047000 0 0 0 0 -100
199719.488000 448751.594000 47.357000 0 0 0 0 -100
199754.988000 448759.991000 60.006000 0 0 0 0 -100
199755.006000 448759.800000 59.850000 0 0 0 0 -100
199719.747000 448751.174000 47.944000 0 0 0 0 -100
199761.251000 448761.044000 61.861000 0 0 0 0 -100
199741.922000 448756.314000 54.784000 0 0 0 0 -100
199719.553000 448750.843000 48.271000 0 0 0 0 -100
199733.608000 448753.833000 52.009000 0 0 0 0 -100
199727.601000 448752.361000 49.003000 0 0 0 0 -100
199726.415000 448752.070000 48.319000 0 0 0 0 -100
199720.247000 448750.564000 47.731000 0 0 0 0 -100
199719.999000 448750.504000 48.104000 0 0 0 0 -100
199719.746000 448750.443000 48.442000 0 0 0 0 -100
199749.736000 448757.493000 57.481000 0 0 0 0 -100
199720.433000 448750.322000 47.714000 0 0 0 0 -100
199720.260000 448750.280000 48.210000 0 0 0 0 -100
199773.001000 448762.938000 65.180000 0 0 0 0 -100
199727.654000 448751.841000 48.648000 0 0 0 0 -100
199767.296000 448761.223000 63.710000 0 0 0 0 -100
199727.860000 448751.571000 48.656000 0 0 0 0 -100
199760.857000 448759.203000 61.694000 0 0 0 0 -100
199758.920000 448758.731000 61.986000 0 0 0 0 -100
199729.968000 448751.639000 49.041000 0 0 0 0 -100
199729.095000 448751.427000 48.979000 0 0 0 0 -100
199758.967000 448758.450000 61.878000 0 0 0 0 -100
199750.216000 448756.307000 58.097000 0 0 0 0 -100
199729.557000 448751.248000 48.948000 0 0 0 0 -100
199729.210000 448751.164000 49.075000 0 0 0 0 -100
199729.005000 448751.114000 49.442000 0 0 0 0 -100
199766.149000 448759.983000 63.217000 0 0 0 0 -100
199750.785000 448756.223000 57.560000 0 0 0 0 -100
199750.375000 448756.123000 57.453000 0 0 0 0 -100
199750.294000 448756.104000 58.186000 0 0 0 0 -100
199741.883000 448754.045000 54.367000 0 0 0 0 -100
199729.219000 448750.944000 48.975000 0 0 0 0 -100
199729.166000 448750.933000 49.601000 0 0 0 0 -100
199730.568000 448751.003000 49.130000 0 0 0 0 -100
199766.428000 448759.356000 63.781000 0 0 0 0 -100
199759.185000 448757.583000 61.334000 0 0 0 0 -100
199755.649000 448756.428000 60.340000 0 0 0 0 -100
199730.837000 448750.350000 49.179000 0 0 0 0 -100
199767.278000 448759.035000 63.349000 0 0 0 0 -100
199755.629000 448756.186000 59.459000 0 0 0 0 -100
199755.420000 448756.136000 59.858000 0 0 0 0 -100
199771.462000 448759.701000 64.276000 0 0 0 0 -100
199771.353000 448759.676000 64.886000 0 0 0 0 -100
199767.470000 448758.725000 63.443000 0 0 0 0 -100
199744.204000 448752.275000 55.470000 0 0 0 0 -100
199744.734000 448752.201000 55.552000 0 0 0 0 -100
199744.346000 448752.106000 55.656000 0 0 0 0 -100
199756.337000 448754.770000 59.274000 0 0 0 0 -100
199769.120000 448757.495000 63.672000 0 0 0 0 -100
199769.364000 448757.261000 63.627000 0 0 0 0 -100
199765.590000 448756.337000 62.567000 0 0 0 0 -100
199767.112000 448756.467000 63.864000 0 0 0 0 -100
199769.909000 448756.785000 63.744000 0 0 0 0 -100
199769.673000 448756.274000 64.190000 0 0 0 0 -100
199764.082000 448754.905000 62.613000 0 0 0 0 -100
199770.233000 448756.084000 64.282000 0 0 0 0 -100
199770.766000 448756.006000 63.712000 0 0 0 0 -100
199756.389000 448752.490000 59.987000 0 0 0 0 -100
199771.457000 448755.476000 64.234000 0 0 0 0 -100
199767.796000 448754.293000 62.744000 0 0 0 0 -100
199773.243000 448755.404000 63.581000 0 0 0 0 -100
199773.284000 448755.415000 64.510000 0 0 0 0 -100
199767.980000 448754.116000 62.830000 0 0 0 0 -100
199772.327000 448754.864000 64.314000 0 0 0 0 -100
199772.172000 448754.362000 64.319000 0 0 0 0 -100
199770.276000 448753.564000 63.083000 0 0 0 0 -100
199770.231000 448753.307000 63.257000 0 0 0 0 -100
199768.892000 448752.671000 62.809000 0 0 0 0 -100
199769.066000 448752.716000 64.016000 0 0 0 0 -100
199766.478000 448751.214000 61.994000 0 0 0 0 -100
199764.165000 448750.302000 61.236000 0 0 0 0 -100
199751.408000 448629.041000 43.523000 0 0 0 1 1
199751.750000 448629.323000 43.355000 0 0 0 1 1
199752.340000 448630.239000 43.145000 0 0 0 1 1
199752.358000 448630.605000 43.303000 0 0 0 1 1
199753.258000 448631.777000 42.965000 0 0 0 1 1
199754.657000 448632.921000 42.431000 0 0 0 1 1
199754.322000 448632.998000 42.423000 0 0 0 1 1
199754.486000 448633.197000 42.440000 0 0 0 1 1
199755.300000 448633.439000 42.454000 0 0 0 1 1
199754.876000 448633.536000 42.492000 0 0 0 1 1
199755.029000 448633.981000 42.361000 0 0 0 1 1
199755.842000 448634.444000 42.400000 0 0 0 1 1
199756.145000 448634.766000 42.454000 0 0 0 1 1
199755.714000 448634.865000 42.656000 0 0 0 1 1
199756.255000 448635.196000 42.529000 0 0 0 1 1
199753.754000 448632.776000 42.587000 0 0 0 1 1
199753.133000 448632.049000 42.803000 0 0 0 1 1
199753.627000 448631.927000 42.918000 0 0 0 1 1
199752.485000 448630.901000 42.725000 0 0 0 1 1
199752.236000 448630.553000 43.333000 0 0 0 1 1
199752.453000 448630.500000 42.941000 0 0 0 1 1
199752.191000 448630.232000 43.140000 0 0 0 1 1
199751.036000 448628.896000 43.439000 0 0 0 1 1
199751.337000 448629.073000 43.595000 0 0 0 1 1
199751.559000 448629.407000 43.323000 0 0 0 1 1
199752.107000 448629.958000 43.303000 0 0 0 1 1
199754.842000 448633.596000 42.535000 0 0 0 1 1
199755.246000 448633.702000 42.514000 0 0 0 1 1
199755.660000 448633.811000 42.345000 0 0 0 1 1
199755.193000 448634.092000 42.420000 0 0 0 1 1
199755.564000 448634.190000 42.434000 0 0 0 1 1
199755.924000 448634.285000 42.364000 0 0 0 1 1
199756.298000 448634.383000 42.397000 0 0 0 1 1
199756.181000 448634.893000 42.420000 0 0 0 1 1
199756.990000 448635.106000 42.345000 0 0 0 1 1
199756.502000 448635.387000 42.438000 0 0 0 1 1
199756.512000 448635.253000 42.431000 0 0 0 1 1
199756.160000 448634.840000 42.448000 0 0 0 1 1
199755.748000 448634.736000 42.360000 0 0 0 1 1
199756.146000 448634.587000 42.388000 0 0 0 1 1
199755.724000 448634.481000 42.350000 0 0 0 1 1
199756.070000 448634.251000 42.342000 0 0 0 1 1
199755.676000 448634.153000 42.362000 0 0 0 1 1
199754.896000 448633.505000 42.563000 0 0 0 1 1
199754.358000 448633.370000 42.329000 0 0 0 1 1
199754.582000 448633.108000 42.365000 0 0 0 1 1
199754.252000 448633.026000 42.475000 0 0 0 1 1
199754.577000 448632.866000 42.319000 0 0 0 1 1
199753.974000 448632.715000 42.727000 0 0 0 1 1
199753.285000 448632.241000 42.599000 0 0 0 1 1
199753.141000 448631.756000 42.760000 0 0 0 1 1
199752.612000 448630.766000 42.847000 0 0 0 1 1
199752.372000 448630.226000 42.826000 0 0 0 1 1
199752.061000 448630.149000 43.140000 0 0 0 1 1
199751.754000 448629.760000 43.146000 0 0 0 1 1
199751.695000 448629.526000 43.281000 0 0 0 1 1
199751.007000 448628.650000 43.475000 0 0 0 1 1
199752.871000 448631.097000 42.835000 0 0 0 1 1
199752.941000 448631.699000 42.803000 0 0 0 1 1
199752.585000 448631.428000 42.781000 0 0 0 1 1
199752.962000 448631.334000 42.794000 0 0 0 1 1
199753.301000 448631.250000 42.657000 0 0 0 1 1
199752.822000 448631.180000 42.828000 0 0 0 1 1
199752.795000 448631.669000 42.812000 0 0 0 1 1
199753.073000 448631.437000 42.796000 0 0 0 1 1
199752.675000 448631.337000 42.739000 0 0 0 1 1
199753.392000 448631.272000 42.664000 0 0 0 1 1
199752.681000 448631.140000 43.371000 0 0 0 1 2
199753.771000 448631.293000 42.636000 0 0 0 1 2
199748.764000 448632.811000 43.917000 0 0 0 1 2
199748.406000 448632.893000 43.976000 0 0 0 1 2
199745.779000 448633.498000 44.141000 0 0 0 1 2
199752.512000 448631.805000 42.754000 0 0 0 1 2
199751.055000 448631.806000 43.135000 0 0 0 1 2
199753.729000 448631.145000 42.658000 0 0 0 1 2
199754.090000 448631.056000 42.566000 0 0 0 1 2
199752.365000 448631.293000 43.563000 0 0 0 1 2
199756.381000 448630.300000 42.468000 0 0 0 1 2
199755.342000 448630.810000 42.578000 0 0 0 1 2
199752.716000 448631.082000 43.132000 0 0 0 1 2
199752.271000 448631.690000 42.787000 0 0 0 1 2
199751.333000 448631.962000 43.259000 0 0 0 1 2
199751.661000 448632.049000 43.307000 0 0 0 1 2
199749.937000 448631.966000 43.605000 0 0 0 1 2
199750.316000 448632.066000 43.590000 0 0 0 1 2
199750.762000 448632.184000 43.412000 0 0 0 1 2
199749.566000 448632.609000 43.681000 0 0 0 1 2
199748.288000 448632.811000 43.993000 0 0 0 1 2
199746.965000 448633.198000 44.168000 0 0 0 1 2
199745.737000 448633.542000 44.236000 0 0 0 1 2
199747.403000 448632.975000 44.075000 0 0 0 1 2
199747.862000 448632.765000 44.047000 0 0 0 1 2
199748.668000 448632.717000 43.866000 0 0 0 1 2
199748.306000 448632.627000 44.004000 0 0 0 1 2
199749.002000 448632.484000 43.807000 0 0 0 1 2
199750.537000 448632.097000 43.382000 0 0 0 1 2
199750.928000 448631.953000 43.340000 0 0 0 1 2
199751.515000 448631.798000 43.106000 0 0 0 1 2
199752.332000 448631.553000 42.760000 0 0 0 1 2
199752.580000 448631.315000 43.481000 0 0 0 1 2
199752.589000 448631.072000 43.477000 0 0 0 1 2
199755.872000 448630.572000 42.499000 0 0 0 1 2
199752.871000 448631.097000 42.835000 0 0 0 1 2
199752.941000 448631.699000 42.803000 0 0 0 1 2
199752.585000 448631.428000 42.781000 0 0 0 1 2
199752.962000 448631.334000 42.794000 0 0 0 1 2
199753.301000 448631.250000 42.657000 0 0 0 1 2
199752.822000 448631.180000 42.828000 0 0 0 1 2
199752.795000 448631.669000 42.812000 0 0 0 1 2
199753.073000 448631.437000 42.796000 0 0 0 1 2
199752.675000 448631.337000 42.739000 0 0 0 1 2
199753.392000 448631.272000 42.664000 0 0 0 1 2
199724.715000 448627.712000 46.580000 0 0 0 1 3
199724.338000 448627.799000 46.534000 0 0 0 1 3
199723.686000 448628.330000 46.590000 0 0 0 1 3
199723.320000 448628.414000 46.632000 0 0 0 1 3
199722.642000 448628.846000 46.517000 0 0 0 1 3
199722.169000 448629.363000 46.621000 0 0 0 1 3
199721.801000 448629.447000 46.487000 0 0 0 1 3
199721.574000 448629.957000 46.544000 0 0 0 1 3
199721.147000 448630.055000 46.709000 0 0 0 1 3
199720.002000 448630.318000 46.859000 0 0 0 1 3
199719.671000 448630.393000 46.733000 0 0 0 1 3
199720.416000 448630.585000 46.677000 0 0 0 1 3
199719.992000 448630.682000 46.865000 0 0 0 1 3
199719.606000 448630.770000 46.998000 0 0 0 1 3
199719.306000 448630.839000 46.840000 0 0 0 1 3
199718.658000 448631.273000 47.084000 0 0 0 1 3
199718.331000 448631.348000 47.100000 0 0 0 1 3
199718.480000 448631.710000 47.031000 0 0 0 1 3
199718.084000 448631.801000 47.136000 0 0 0 1 3
199717.672000 448631.896000 47.259000 0 0 0 1 3
199717.271000 448631.987000 47.317000 0 0 0 1 3
199717.419000 448632.437000 47.321000 0 0 0 1 3
199716.956000 448632.543000 47.631000 0 0 0 1 3
199716.649000 448632.613000 47.497000 0 0 0 1 3
199716.471000 448632.379000 47.416000 0 0 0 1 3
199716.904000 448632.272000 47.387000 0 0 0 1 3
199717.233000 448632.191000 47.288000 0 0 0 1 3
199717.454000 448631.753000 47.267000 0 0 0 1 3
199719.713000 448631.196000 46.769000 0 0 0 1 3
199718.369000 448631.259000 47.094000 0 0 0 1 3
199719.261000 448630.655000 46.979000 0 0 0 1 3
199719.629000 448630.565000 46.869000 0 0 0 1 3
199719.996000 448630.474000 46.848000 0 0 0 1 3
199719.766000 448630.078000 46.776000 0 0 0 1 3
199721.722000 448629.596000 46.567000 0 0 0 1 3
199722.030000 448629.198000 46.545000 0 0 0 1 3
199722.447000 448629.095000 46.533000 0 0 0 1 3
199722.794000 448628.778000 46.518000 0 0 0 1 3
199724.725000 448627.725000 46.594000 0 0 0 1 3
199723.956000 448628.042000 46.543000 0 0 0 1 3
199723.462000 448628.274000 46.734000 0 0 0 1 3
199722.862000 448628.437000 46.807000 0 0 0 1 3
199723.251000 448628.540000 46.685000 0 0 0 1 3
199722.326000 448629.214000 46.660000 0 0 0 1 3
199721.474000 448629.722000 46.652000 0 0 0 1 3
199721.180000 448630.014000 46.747000 0 0 0 1 3
199719.946000 448630.240000 46.998000 0 0 0 1 3
199719.716000 448630.562000 47.005000 0 0 0 1 3
199720.086000 448630.659000 47.062000 0 0 0 1 3
199719.437000 448630.795000 47.061000 0 0 0 1 3
199719.081000 448631.083000 47.035000 0 0 0 1 3
199718.199000 448631.362000 47.215000 0 0 0 1 3
199717.966000 448631.683000 47.216000 0 0 0 1 3
199718.330000 448631.780000 47.135000 0 0 0 1 3
199718.775000 448631.897000 46.993000 0 0 0 1 3
199717.438000 448631.906000 47.254000 0 0 0 1 3
199717.802000 448632.003000 47.234000 0 0 0 1 3
199717.038000 448632.190000 47.297000 0 0 0 1 3
199717.371000 448632.277000 47.403000 0 0 0 1 3
199716.506000 448632.587000 47.385000 0 0 0 1 3
199716.749000 448632.651000 47.740000 0 0 0 1 3
199717.021000 448632.596000 47.293000 0 0 0 1 3
199716.762000 448632.532000 47.665000 0 0 0 1 3
199717.299000 448632.189000 47.472000 0 0 0 1 3
199717.917000 448631.492000 47.254000 0 0 0 1 3
199719.423000 448631.417000 46.792000 0 0 0 1 3
199718.716000 448631.240000 47.025000 0 0 0 1 3
199719.720000 448631.169000 46.717000 0 0 0 1 3
199719.010000 448630.992000 47.058000 0 0 0 1 3
199719.414000 448630.803000 46.963000 0 0 0 1 3
199719.847000 448630.527000 46.976000 0 0 0 1 3
199720.576000 448630.225000 46.923000 0 0 0 1 3
199721.186000 448630.069000 46.600000 0 0 0 1 3
199720.782000 448629.968000 46.732000 0 0 0 1 3
199721.300000 448629.888000 46.750000 0 0 0 1 3
199721.558000 448629.675000 46.638000 0 0 0 1 3
199722.028000 448629.353000 46.686000 0 0 0 1 3
199722.355000 448629.125000 46.507000 0 0 0 1 3
199722.634000 448628.927000 46.491000 0 0 0 1 3
199723.075000 448628.669000 46.516000 0 0 0 1 3
199723.468000 448628.270000 46.554000 0 0 0 1 3
199723.111000 448628.180000 46.595000 0 0 0 1 3
199723.721000 448628.034000 46.704000 0 0 0 1 3
199724.095000 448627.892000 46.605000 0 0 0 1 3
199724.485000 448627.695000 46.510000 0 0 0 1 3
199673.951000 448623.846000 53.909000 0 0 0 1 4
199674.277000 448624.174000 53.879000 0 0 0 1 4
199674.657000 448624.384000 53.787000 0 0 0 1 4
199675.131000 448624.710000 53.490000 0 0 0 1 4
199675.619000 448625.082000 53.560000 0 0 0 1 4
199676.449000 448625.320000 53.407000 0 0 0 1 4
199676.053000 448625.410000 53.516000 0 0 0 1 4
199676.597000 448625.561000 53.374000 0 0 0 1 4
199676.286000 448625.632000 53.297000 0 0 0 1 4
199676.921000 448625.891000 53.287000 0 0 0 1 4
199676.683000 448625.945000 52.934000 0 0 0 1 4
199677.461000 448626.245000 53.220000 0 0 0 1 4
199679.399000 448627.715000 52.792000 0 0 0 1 4
199679.831000 448628.293000 52.318000 0 0 0 1 4
199681.115000 448628.846000 52.439000 0 0 0 1 4
199680.830000 448628.911000 52.077000 0 0 0 1 4
199681.142000 448629.106000 52.477000 0 0 0 1 4
199681.598000 448629.383000 52.468000 0 0 0 1 4
199682.020000 448629.758000 52.362000 0 0 0 1 4
199682.441000 448630.029000 52.383000 0 0 0 1 4
199682.969000 448630.191000 52.312000 0 0 0 1 4
199682.643000 448630.265000 52.250000 0 0 0 1 4
199683.192000 448630.528000 52.352000 0 0 0 1 4
199683.073000 448630.748000 52.137000 0 0 0 1 4
199682.807000 448630.611000 52.235000 0 0 0 1 4
199683.265000 448630.498000 52.346000 0 0 0 1 4
199682.777000 448630.290000 52.361000 0 0 0 1 4
199683.164000 448630.195000 52.296000 0 0 0 1 4
199682.800000 448629.852000 52.114000 0 0 0 1 4
199681.605000 448629.807000 52.160000 0 0 0 1 4
199682.015000 448629.706000 52.095000 0 0 0 1 4
199681.336000 448629.655000 52.195000 0 0 0 1 4
199681.877000 448629.522000 52.418000 0 0 0 1 4
199681.432000 448629.271000 52.428000 0 0 0 1 4
199681.032000 448628.948000 52.471000 0 0 0 1 4
199681.266000 448628.890000 52.100000 0 0 0 1 4
199680.596000 448628.738000 52.233000 0 0 0 1 4
199680.241000 448628.609000 52.401000 0 0 0 1 4
199680.035000 448628.318000 52.609000 0 0 0 1 4
199680.365000 448628.237000 52.503000 0 0 0 1 4
199679.079000 448627.536000 52.899000 0 0 0 1 4
199678.888000 448627.243000 52.682000 0 0 0 1 4
199678.209000 448626.988000 52.932000 0 0 0 1 4
199678.486000 448626.921000 52.596000 0 0 0 1 4
199678.022000 448626.727000 53.013000 0 0 0 1 4
199677.920000 448626.572000 53.043000 0 0 0 1 4
199677.481000 448626.333000 53.258000 0 0 0 1 4
199676.970000 448626.071000 53.279000 0 0 0 1 4
199676.768000 448625.800000 53.332000 0 0 0 1 4
199676.423000 448625.684000 53.371000 0 0 0 1 4
199676.767000 448625.600000 53.289000 0 0 0 1 4
199676.014000 448625.421000 53.519000 0 0 0 1 4
199675.564000 448625.107000 53.581000 0 0 0 1 4
199675.940000 448625.015000 53.451000 0 0 0 1 4
199675.351000 448624.822000 53.548000 0 0 0 1 4
199675.125000 448624.707000 53.592000 0 0 0 1 4
199674.773000 448624.444000 53.752000 0 0 0 1 4
199674.443000 448624.113000 53.763000 0 0 0 1 4
199674.184000 448623.828000 53.879000 0 0 0 1 4
199674.290000 448624.130000 53.854000 0 0 0 1 4
199675.112000 448624.871000 53.601000 0 0 0 1 4
199676.509000 448625.616000 53.417000 0 0 0 1 4
199676.806000 448626.007000 52.785000 0 0 0 1 4
199677.016000 448626.062000 53.260000 0 0 0 1 4
199677.954000 448626.689000 53.027000 0 0 0 1 4
199678.936000 448627.496000 52.842000 0 0 0 1 4
199679.539000 448628.062000 52.689000 0 0 0 1 4
199682.158000 448630.036000 52.316000 0 0 0 1 4
199682.477000 448630.120000 52.358000 0 0 0 1 4
199682.850000 448630.219000 52.383000 0 0 0 1 4
199683.232000 448630.320000 52.314000 0 0 0 1 4
199682.986000 448630.637000 52.204000 0 0 0 1 4
199683.284000 448630.716000 52.349000 0 0 0 1 4
199682.879000 448630.151000 52.284000 0 0 0 1 4
199682.526000 448630.063000 52.433000 0 0 0 1 4
199682.272000 448629.639000 52.064000 0 0 0 1 4
199682.048000 448629.584000 52.479000 0 0 0 1 4
199681.608000 448629.474000 52.442000 0 0 0 1 4
199681.280000 448628.950000 52.609000 0 0 0 1 4
199680.854000 448628.844000 52.689000 0 0 0 1 4
199680.402000 448628.420000 52.482000 0 0 0 1 4
199680.022000 448628.326000 52.560000 0 0 0 1 4
199680.082000 448628.126000 52.616000 0 0 0 1 4
199679.726000 448628.037000 52.827000 0 0 0 1 4
199678.674000 448627.438000 52.558000 0 0 0 1 4
199678.671000 448626.964000 52.862000 0 0 0 1 4
199678.279000 448626.866000 52.983000 0 0 0 1 4
199677.889000 448626.769000 53.109000 0 0 0 1 4
199677.542000 448626.298000 53.147000 0 0 0 1 4
199677.171000 448626.206000 53.308000 0 0 0 1 4
199677.024000 448625.881000 53.310000 0 0 0 1 4
199676.619000 448625.780000 53.343000 0 0 0 1 4
199675.739000 448625.175000 53.604000 0 0 0 1 4
199674.975000 448624.508000 53.706000 0 0 0 1 4
199674.594000 448624.413000 53.762000 0 0 0 1 4
199674.477000 448624.064000 53.723000 0 0 0 1 4
199674.426000 448623.803000 53.688000 0 0 0 1 4
199705.650000 448654.879000 51.755000 0 0 0 1 5
199705.152000 448654.993000 52.127000 0 0 0 1 5
199704.722000 448655.093000 52.258000 0 0 0 1 5
199704.366000 448655.175000 52.252000 0 0 0 1 5
199704.005000 448655.258000 52.259000 0 0 0 1 5
199703.693000 448655.329000 52.051000 0 0 0 1 5
199703.261000 448655.430000 52.192000 0 0 0 1 5
199702.899000 448655.514000 52.266000 0 0 0 1 5
199702.517000 448655.601000 52.341000 0 0 0 1 5
199704.981000 448655.322000 52.377000 0 0 0 1 5
199704.628000 448655.403000 52.329000 0 0 0 1 5
199704.267000 448655.486000 52.274000 0 0 0 1 5
199703.920000 448655.566000 52.303000 0 0 0 1 5
199703.556000 448655.650000 52.228000 0 0 0 1 5
199703.184000 448655.737000 52.271000 0 0 0 1 5
199702.859000 448655.811000 52.228000 0 0 0 1 5
199702.506000 448655.893000 52.247000 0 0 0 1 5
199702.149000 448655.975000 52.212000 0 0 0 1 5
199701.762000 448656.064000 52.209000 0 0 0 1 5
199703.249000 448656.106000 52.317000 0 0 0 1 5
199701.519000 448656.504000 52.130000 0 0 0 1 5
199701.144000 448656.591000 52.154000 0 0 0 1 5
199700.741000 448656.684000 52.265000 0 0 0 1 5
199700.386000 448656.765000 52.257000 0 0 0 1 5
199699.964000 448656.863000 52.398000 0 0 0 1 5
199699.594000 448656.948000 52.342000 0 0 0 1 5
199699.306000 448657.014000 52.093000 0 0 0 1 5
199698.929000 448657.101000 52.185000 0 0 0 1 5
199698.550000 448657.188000 52.190000 0 0 0 1 5
199698.164000 448657.277000 52.249000 0 0 0 1 5
199698.313000 448657.712000 52.249000 0 0 0 1 5
199697.922000 448657.802000 52.324000 0 0 0 1 5
199696.763000 448658.069000 52.507000 0 0 0 1 5
199696.421000 448658.148000 52.555000 0 0 0 1 5
199695.994000 448658.247000 52.717000 0 0 0 1 5
199695.633000 448658.330000 52.667000 0 0 0 1 5
199693.435000 448658.837000 52.947000 0 0 0 1 5
199694.572000 448658.949000 52.878000 0 0 0 1 5
199693.396000 448659.221000 53.156000 0 0 0 1 5
199698.675000 448657.047000 52.134000 0 0 0 1 5
199703.688000 448655.808000 52.120000 0 0 0 1 5
199704.576000 448655.588000 52.071000 0 0 0 1 5
199698.926000 448656.663000 52.075000 0 0 0 1 5
199702.352000 448655.817000 52.075000 0 0 0 1 5
199702.938000 448655.672000 52.312000 0 0 0 1 5
199703.320000 448655.577000 52.225000 0 0 0 1 5
199703.683000 448655.488000 52.190000 0 0 0 1 5
199704.122000 448655.379000 52.277000 0 0 0 1 5
199704.601000 448655.261000 52.309000 0 0 0 1 5
199704.977000 448655.168000 52.188000 0 0 0 1 5
199705.291000 448655.091000 52.038000 0 0 0 1 5
199703.560000 448655.297000 52.079000 0 0 0 1 5
199703.948000 448655.201000 52.024000 0 0 0 1 5
199704.598000 448655.040000 52.364000 0 0 0 1 5
199704.917000 448654.961000 52.200000 0 0 0 1 5
199705.209000 448654.889000 51.984000 0 0 0 1 5
199705.534000 448654.809000 51.785000 0 0 0 1 5
199705.120000 448654.859000 51.936000 0 0 0 1 5
199705.525000 448654.967000 51.869000 0 0 0 1 5
199704.573000 448655.131000 52.047000 0 0 0 1 5
199704.841000 448655.202000 52.320000 0 0 0 1 5
199703.566000 448655.379000 51.935000 0 0 0 1 5
199703.802000 448655.442000 52.248000 0 0 0 1 5
199704.187000 448655.544000 52.312000 0 0 0 1 5
199702.330000 448655.445000 52.393000 0 0 0 1 5
199703.122000 448655.656000 52.252000 0 0 0 1 5
199703.472000 448655.749000 52.269000 0 0 0 1 5
199702.534000 448655.823000 52.174000 0 0 0 1 5
199702.867000 448655.911000 52.276000 0 0 0 1 5
199701.971000 448656.060000 52.254000 0 0 0 1 5
199702.279000 448656.142000 52.307000 0 0 0 1 5
199701.347000 448656.410000 52.258000 0 0 0 1 5
199700.640000 448656.591000 51.946000 0 0 0 1 5
199700.871000 448656.651000 52.276000 0 0 0 1 5
199700.316000 448656.821000 52.314000 0 0 0 1 5
199699.410000 448657.004000 52.033000 0 0 0 1 5
199699.643000 448657.065000 52.357000 0 0 0 1 5
199698.565000 448657.309000 52.456000 0 0 0 1 5
199697.895000 448657.512000 52.479000 0 0 0 1 5
199698.228000 448657.601000 52.451000 0 0 0 1 5
199697.464000 448657.733000 52.581000 0 0 0 1 5
199696.797000 448657.950000 52.607000 0 0 0 1 5
199696.161000 448658.318000 52.662000 0 0 0 1 5
199695.218000 448658.492000 52.795000 0 0 0 1 5
199695.560000 448658.583000 52.769000 0 0 0 1 5
199694.527000 448658.667000 52.790000 0 0 0 1 5
199694.866000 448658.757000 52.902000 0 0 0 1 5
199693.989000 448658.941000 52.852000 0 0 0 1 5
199694.300000 448659.024000 52.924000 0 0 0 1 5
199693.204000 448659.286000 53.069000 0 0 0 1 5
199694.427000 448658.845000 52.940000 0 0 0 1 5
199694.697000 448658.677000 52.914000 0 0 0 1 5
199695.039000 448658.439000 52.793000 0 0 0 1 5
199699.364000 448657.083000 52.150000 0 0 0 1 5
199699.814000 448656.878000 52.173000 0 0 0 1 5
199699.528000 448656.808000 52.402000 0 0 0 1 5
199700.290000 448656.559000 52.385000 0 0 0 1 5
199705.249000 448654.785000 51.876000 0 0 0 1 5
199637.530000 448651.411000 59.976000 0 0 0 1 6
199637.124000 448651.504000 60.123000 0 0 0 1 6
199637.199000 448651.881000 60.174000 0 0 0 1 6
199636.843000 448651.963000 60.141000 0 0 0 1 6
199636.512000 448652.040000 60.084000 0 0 0 1 6
199636.305000 448652.552000 60.289000 0 0 0 1 6
199635.963000 448652.630000 60.344000 0 0 0 1 6
199635.678000 448653.053000 60.338000 0 0 0 1 6
199635.314000 448653.137000 60.405000 0 0 0 1 6
199635.318000 448653.403000 60.435000 0 0 0 1 6
199634.931000 448653.491000 60.551000 0 0 0 1 6
199634.355000 448654.023000 60.566000 0 0 0 1 6
199633.651000 448654.623000 60.854000 0 0 0 1 6
199633.340000 448654.694000 60.760000 0 0 0 1 6
199633.786000 448654.964000 60.675000 0 0 0 1 6
199633.415000 448655.049000 60.768000 0 0 0 1 6
199633.015000 448655.141000 60.901000 0 0 0 1 6
199632.526000 448655.502000 60.881000 0 0 0 1 6
199632.199000 448655.577000 60.882000 0 0 0 1 6
199632.459000 448655.906000 60.929000 0 0 0 1 6
199632.083000 448655.992000 61.078000 0 0 0 1 6
199631.748000 448656.069000 61.038000 0 0 0 1 6
199631.093000 448656.666000 61.135000 0 0 0 1 6
199630.774000 448656.740000 61.108000 0 0 0 1 6
199630.300000 448657.210000 61.257000 0 0 0 1 6
199629.924000 448657.524000 61.369000 0 0 0 1 6
199629.621000 448657.594000 61.356000 0 0 0 1 6
199629.273000 448658.061000 61.528000 0 0 0 1 6
199628.932000 448658.140000 61.439000 0 0 0 1 6
199637.007000 448651.532000 60.154000 0 0 0 1 6
199637.347000 448651.623000 60.057000 0 0 0 1 6
199637.141000 448651.955000 60.147000 0 0 0 1 6
199636.343000 448652.261000 60.193000 0 0 0 1 6
199636.214000 448652.610000 60.410000 0 0 0 1 6
199636.639000 448652.724000 60.137000 0 0 0 1 6
199635.622000 448653.191000 60.369000 0 0 0 1 6
199634.811000 448653.474000 60.574000 0 0 0 1 6
199634.340000 448653.995000 60.662000 0 0 0 1 6
199634.047000 448654.317000 60.589000 0 0 0 1 6
199633.537000 448654.664000 60.885000 0 0 0 1 6
199633.209000 448654.954000 60.914000 0 0 0 1 6
199632.786000 448655.131000 60.890000 0 0 0 1 6
199633.154000 448655.230000 60.864000 0 0 0 1 6
199633.526000 448655.330000 60.681000 0 0 0 1 6
199632.478000 448655.465000 60.905000 0 0 0 1 6
199632.340000 448655.960000 60.895000 0 0 0 1 6
199631.166000 448656.361000 61.048000 0 0 0 1 6
199630.787000 448656.690000 61.179000 0 0 0 1 6
199629.609000 448657.521000 61.447000 0 0 0 1 6
199629.416000 448657.886000 61.411000 0 0 0 1 6
199628.733000 448658.233000 61.368000 0 0 0 1 6
199629.083000 448658.326000 61.340000 0 0 0 1 6
199632.600000 448670.455000 62.458000 0 0 0 1 7
199632.773000 448670.804000 62.509000 0 0 0 1 7
199633.010000 448671.623000 62.525000 0 0 0 1 7
199633.618000 448673.295000 62.614000 0 0 0 1 7
199633.771000 448673.685000 62.633000 0 0 0 1 7
199634.786000 448676.222000 62.613000 0 0 0 1 7
199635.424000 448677.293000 62.538000 0 0 0 1 7
199635.619000 448677.957000 62.581000 0 0 0 1 7
199631.995000 448669.309000 62.391000 0 0 0 1 7
199632.286000 448670.098000 62.432000 0 0 0 1 7
199632.628000 448670.190000 62.360000 0 0 0 1 7
199632.559000 448670.678000 62.493000 0 0 0 1 7
199632.731000 448671.076000 62.526000 0 0 0 1 7
199633.119000 448671.867000 62.580000 0 0 0 1 7
199633.382000 448672.475000 62.625000 0 0 0 1 7
199633.604000 448673.277000 62.636000 0 0 0 1 7
199635.207000 448676.609000 62.503000 0 0 0 1 7
199635.613000 448677.935000 62.621000 0 0 0 1 7
199635.772000 448678.343000 62.624000 0 0 0 1 7
199636.003000 448678.717000 62.499000 0 0 0 1 7
199636.066000 448679.125000 62.605000 0 0 0 1 7
199683.357000 448664.744000 54.828000 0 0 0 1 8
199683.702000 448664.949000 54.732000 0 0 0 1 8
199683.914000 448665.264000 54.689000 0 0 0 1 8
199684.657000 448665.949000 54.622000 0 0 0 1 8
199685.130000 448666.133000 54.611000 0 0 0 1 8
199685.353000 448666.495000 54.556000 0 0 0 1 8
199685.724000 448666.900000 54.418000 0 0 0 1 8
199686.500000 448667.405000 54.380000 0 0 0 1 8
199688.463000 448668.911000 54.035000 0 0 0 1 8
199689.103000 448669.394000 53.975000 0 0 0 1 8
199688.825000 448669.109000 53.986000 0 0 0 1 8
199687.844000 448668.329000 54.157000 0 0 0 1 8
199685.044000 448666.447000 54.512000 0 0 0 1 8
199684.923000 448666.147000 54.549000 0 0 0 1 8
199684.555000 448665.818000 54.594000 0 0 0 1 8
199683.871000 448665.481000 54.633000 0 0 0 1 8
199683.925000 448665.134000 54.677000 0 0 0 1 8
199683.460000 448664.812000 54.816000 0 0 0 1 8
199685.982000 448667.149000 54.414000 0 0 0 1 8
199686.358000 448667.250000 54.364000 0 0 0 1 8
199686.766000 448667.710000 54.337000 0 0 0 1 8
199687.104000 448667.800000 54.320000 0 0 0 1 8
199687.334000 448668.156000 54.238000 0 0 0 1 8
199689.191000 448669.541000 54.010000 0 0 0 1 8
199689.427000 448669.820000 53.924000 0 0 0 1 8
199689.562000 448669.629000 53.905000 0 0 0 1 8
199689.205000 448669.541000 53.978000 0 0 0 1 8
199687.831000 448668.381000 54.193000 0 0 0 1 8
199687.147000 448667.864000 54.308000 0 0 0 1 8
199686.770000 448667.515000 54.319000 0 0 0 1 8
199686.390000 448667.422000 54.372000 0 0 0 1 8
199685.962000 448666.957000 54.419000 0 0 0 1 8
199685.258000 448666.347000 54.533000 0 0 0 1 8
199684.843000 448666.245000 54.543000 0 0 0 1 8
199684.641000 448665.878000 54.626000 0 0 0 1 8
199684.486000 448665.617000 54.609000 0 0 0 1 8
199684.108000 448665.525000 54.712000 0 0 0 1 8
199683.831000 448665.125000 54.717000 0 0 0 1 8
199683.444000 448665.030000 54.737000 0 0 0 1 8
199683.398000 448664.552000 54.787000 0 0 0 1 8
199682.989000 448664.452000 54.896000 0 0 0 1 8
199686.189000 448676.837000 54.699000 0 0 0 1 9
199686.663000 448677.143000 54.708000 0 0 0 1 9
199686.345000 448677.215000 54.553000 0 0 0 1 9
199688.015000 448677.703000 54.284000 0 0 0 1 9
199689.310000 448678.110000 54.086000 0 0 0 1 9
199688.938000 448678.196000 54.109000 0 0 0 1 9
199689.769000 448678.459000 54.068000 0 0 0 1 9
199690.704000 448678.645000 53.860000 0 0 0 1 9
199690.318000 448678.734000 53.925000 0 0 0 1 9
199690.862000 448678.879000 53.888000 0 0 0 1 9
199691.389000 448679.174000 53.755000 0 0 0 1 9
199692.009000 448679.511000 53.748000 0 0 0 1 9
199692.651000 448679.757000 53.586000 0 0 0 1 9
199693.141000 448679.917000 53.556000 0 0 0 1 9
199693.740000 448680.178000 53.531000 0 0 0 1 9
199693.412000 448680.254000 53.440000 0 0 0 1 9
199695.135000 448680.751000 53.291000 0 0 0 1 9
199696.643000 448681.110000 53.080000 0 0 0 1 9
199697.163000 448681.471000 52.967000 0 0 0 1 9
199697.850000 448682.355000 52.766000 0 0 0 1 9
199695.961000 448681.073000 53.082000 0 0 0 1 9
199694.042000 448680.587000 53.396000 0 0 0 1 9
199693.752000 448680.299000 53.500000 0 0 0 1 9
199693.407000 448680.196000 53.577000 0 0 0 1 9
199693.135000 448679.892000 53.572000 0 0 0 1 9
199691.546000 448679.481000 53.703000 0 0 0 1 9
199691.612000 448679.263000 53.662000 0 0 0 1 9
199690.517000 448678.769000 53.891000 0 0 0 1 9
199690.452000 448678.448000 53.840000 0 0 0 1 9
199689.684000 448678.419000 54.023000 0 0 0 1 9
199689.373000 448678.159000 54.086000 0 0 0 1 9
199686.588000 448677.079000 54.570000 0 0 0 1 9
199686.113000 448676.877000 54.774000 0 0 0 1 9
199685.960000 448676.767000 54.754000 0 0 0 1 9
199686.370000 448676.877000 54.687000 0 0 0 1 9
199688.442000 448677.852000 54.269000 0 0 0 1 9
199688.853000 448677.962000 54.202000 0 0 0 1 9
199689.228000 448678.063000 54.129000 0 0 0 1 9
199689.171000 448678.362000 54.120000 0 0 0 1 9
199689.512000 448678.453000 54.092000 0 0 0 1 9
199689.872000 448678.550000 54.065000 0 0 0 1 9
199690.262000 448678.654000 53.974000 0 0 0 1 9
199690.642000 448678.755000 53.882000 0 0 0 1 9
199691.416000 448679.389000 53.679000 0 0 0 1 9
199691.782000 448679.486000 53.764000 0 0 0 1 9
199692.184000 448679.594000 53.635000 0 0 0 1 9
199692.533000 448679.688000 53.647000 0 0 0 1 9
199694.078000 448680.624000 53.432000 0 0 0 1 9
199694.455000 448680.725000 53.484000 0 0 0 1 9
199694.813000 448680.821000 53.372000 0 0 0 1 9
199695.184000 448680.920000 53.346000 0 0 0 1 9
199695.619000 448681.036000 53.111000 0 0 0 1 9
199696.014000 448681.142000 53.108000 0 0 0 1 9
199696.340000 448681.229000 53.068000 0 0 0 1 9
199696.734000 448681.335000 52.938000 0 0 0 1 9
199696.912000 448681.778000 52.879000 0 0 0 1 9
199697.266000 448681.873000 52.908000 0 0 0 1 9
199697.607000 448681.964000 52.823000 0 0 0 1 9
199697.668000 448682.276000 52.764000 0 0 0 1 9
199698.064000 448682.382000 52.754000 0 0 0 1 9
199697.531000 448681.912000 52.798000 0 0 0 1 9
199694.692000 448680.460000 53.356000 0 0 0 1 9
199693.843000 448680.251000 53.419000 0 0 0 1 9
199693.520000 448680.172000 53.557000 0 0 0 1 9
199693.110000 448680.072000 53.571000 0 0 0 1 9
199692.886000 448679.728000 53.547000 0 0 0 1 9
199692.492000 448679.631000 53.638000 0 0 0 1 9
199692.120000 448679.540000 53.725000 0 0 0 1 9
199691.666000 448679.428000 53.658000 0 0 0 1 9
199691.961000 448679.268000 53.587000 0 0 0 1 9
199691.624000 448679.186000 53.809000 0 0 0 1 9
199691.211000 448679.085000 53.820000 0 0 0 1 9
199690.445000 448678.625000 53.918000 0 0 0 1 9
199690.026000 448678.522000 54.005000 0 0 0 1 9
199688.687000 448677.787000 54.186000 0 0 0 1 9
199688.333000 448677.700000 54.287000 0 0 0 1 9
199687.200000 448677.163000 54.423000 0 0 0 1 9
199686.904000 448677.091000 54.612000 0 0 0 1 9
199686.540000 448677.002000 54.717000 0 0 0 1 9
199686.136000 448676.903000 54.836000 0 0 0 1 9
199703.193000 448675.768000 52.248000 0 0 0 1 10
199703.341000 448676.003000 52.339000 0 0 0 1 10
199703.896000 448676.291000 52.197000 0 0 0 1 10
199703.559000 448676.368000 52.098000 0 0 0 1 10
199704.449000 448676.644000 52.254000 0 0 0 1 10
199704.120000 448676.719000 52.195000 0 0 0 1 10
199704.344000 448677.062000 52.236000 0 0 0 1 10
199704.452000 448677.310000 52.228000 0 0 0 1 10
199704.739000 448677.644000 52.222000 0 0 0 1 10
199704.444000 448677.712000 51.963000 0 0 0 1 10
199704.996000 448678.067000 52.274000 0 0 0 1 10
199704.706000 448678.134000 52.062000 0 0 0 1 10
199705.301000 448678.409000 52.156000 0 0 0 1 10
199704.951000 448678.490000 52.096000 0 0 0 1 10
199704.708000 448678.546000 51.800000 0 0 0 1 10
199705.443000 448678.665000 52.082000 0 0 0 1 10
199705.057000 448678.754000 52.106000 0 0 0 1 10
199705.643000 448679.037000 52.066000 0 0 0 1 10
199705.272000 448679.122000 52.074000 0 0 0 1 10
199705.811000 448679.480000 52.159000 0 0 0 1 10
199705.427000 448679.568000 52.115000 0 0 0 1 10
199705.904000 448679.832000 52.198000 0 0 0 1 10
199705.542000 448679.915000 52.114000 0 0 0 1 10
199706.085000 448680.072000 52.244000 0 0 0 1 10
199705.769000 448680.144000 52.171000 0 0 0 1 10
199705.543000 448680.196000 51.729000 0 0 0 1 10
199706.087000 448680.458000 52.197000 0 0 0 1 10
199705.794000 448680.526000 52.023000 0 0 0 1 10
199706.520000 448680.836000 52.198000 0 0 0 1 10
199706.153000 448680.921000 52.098000 0 0 0 1 10
199705.981000 448680.960000 51.581000 0 0 0 1 10
199706.580000 448681.213000 52.192000 0 0 0 1 10
199706.273000 448681.284000 51.912000 0 0 0 1 10
199706.889000 448681.406000 52.235000 0 0 0 1 10
199706.560000 448681.482000 52.176000 0 0 0 1 10
199706.333000 448681.534000 51.734000 0 0 0 1 10
199706.953000 448681.765000 52.419000 0 0 0 1 10
199706.717000 448681.819000 52.100000 0 0 0 1 10
199706.454000 448681.880000 51.681000 0 0 0 1 10
199707.101000 448682.200000 52.169000 0 0 0 1 10
199706.811000 448682.266000 51.925000 0 0 0 1 10
199707.277000 448682.514000 52.052000 0 0 0 1 10
199706.962000 448682.586000 51.975000 0 0 0 1 10
199706.767000 448682.631000 51.500000 0 0 0 1 10
199707.394000 448682.770000 52.186000 0 0 0 1 10
199707.087000 448682.841000 52.027000 0 0 0 1 10
199706.913000 448682.881000 51.512000 0 0 0 1 10
199707.664000 448683.121000 52.199000 0 0 0 1 10
199707.331000 448683.197000 51.994000 0 0 0 1 10
199707.088000 448683.253000 51.666000 0 0 0 1 10
199707.855000 448683.569000 52.148000 0 0 0 1 10
199707.518000 448683.646000 51.989000 0 0 0 1 10
199707.275000 448683.702000 51.536000 0 0 0 1 10
199708.043000 448683.934000 52.183000 0 0 0 1 10
199707.746000 448684.002000 52.052000 0 0 0 1 10
199707.524000 448684.053000 51.599000 0 0 0 1 10
199708.285000 448684.201000 52.202000 0 0 0 1 10
199707.961000 448684.276000 52.125000 0 0 0 1 10
199707.749000 448684.324000 51.636000 0 0 0 1 10
199708.578000 448684.537000 52.412000 0 0 0 1 10
199708.270000 448684.608000 52.225000 0 0 0 1 10
199708.004000 448684.669000 51.967000 0 0 0 1 10
199707.801000 448684.716000 51.485000 0 0 0 1 10
199708.857000 448684.971000 52.335000 0 0 0 1 10
199708.523000 448685.048000 52.227000 0 0 0 1 10
199708.217000 448685.118000 52.092000 0 0 0 1 10
199708.046000 448685.158000 51.544000 0 0 0 1 10
199708.509000 448685.431000 52.204000 0 0 0 1 10
199708.344000 448685.469000 51.635000 0 0 0 1 10
199708.087000 448685.528000 51.350000 0 0 0 1 10
199709.005000 448685.608000 52.298000 0 0 0 1 10
199708.649000 448685.690000 52.196000 0 0 0 1 10
199708.486000 448685.727000 51.588000 0 0 0 1 10
199708.201000 448685.793000 51.421000 0 0 0 1 10
199708.958000 448686.016000 52.230000 0 0 0 1 10
199708.641000 448686.089000 51.978000 0 0 0 1 10
199708.436000 448686.135000 51.409000 0 0 0 1 10
199709.595000 448686.362000 51.958000 0 0 0 1 10
199708.851000 448686.534000 52.161000 0 0 0 1 10
199708.661000 448686.577000 51.484000 0 0 0 1 10
199708.919000 448686.890000 52.101000 0 0 0 1 10
199708.790000 448686.919000 51.238000 0 0 0 1 10
199709.059000 448687.161000 52.108000 0 0 0 1 10
199708.606000 448687.266000 52.303000 0 0 0 1 10
199708.904000 448687.197000 51.385000 0 0 0 1 10
199709.355000 448687.495000 52.161000 0 0 0 1 10
199709.299000 448687.508000 51.319000 0 0 0 1 10
199708.999000 448687.577000 51.044000 0 0 0 1 10
199709.525000 448687.941000 52.080000 0 0 0 1 10
199709.405000 448687.968000 51.434000 0 0 0 1 10
199709.134000 448688.031000 51.071000 0 0 0 1 10
199709.643000 448688.294000 52.053000 0 0 0 1 10
199709.504000 448688.325000 51.436000 0 0 0 1 10
199709.356000 448688.645000 51.790000 0 0 0 1 10
199709.752000 448688.948000 51.313000 0 0 0 1 10
199710.666000 448689.219000 51.684000 0 0 0 1 10
199710.396000 448689.281000 51.347000 0 0 0 1 10
199709.997000 448689.373000 51.375000 0 0 0 1 10
199709.699000 448689.442000 51.216000 0 0 0 1 10
199710.309000 448689.655000 51.343000 0 0 0 1 10
199709.997000 448689.727000 51.165000 0 0 0 1 10
199710.110000 448689.987000 51.283000 0 0 0 1 10
199710.390000 448690.323000 51.310000 0 0 0 1 10
199710.033000 448690.406000 51.213000 0 0 0 1 10
199710.433000 448690.787000 51.131000 0 0 0 1 10
199710.725000 448691.082000 51.236000 0 0 0 1 10
199710.775000 448691.344000 51.266000 0 0 0 1 10
199711.136000 448691.657000 51.336000 0 0 0 1 10
199710.836000 448691.726000 51.213000 0 0 0 1 10
199711.051000 448692.158000 51.737000 0 0 0 1 10
199711.199000 448692.124000 51.283000 0 0 0 1 10
199710.920000 448692.188000 51.064000 0 0 0 1 10
199711.128000 448692.525000 51.229000 0 0 0 1 10
199712.202000 448694.433000 51.088000 0 0 0 1 10
199711.863000 448694.184000 51.053000 0 0 0 1 10
199711.926000 448693.944000 51.144000 0 0 0 1 10
199711.722000 448693.656000 51.088000 0 0 0 1 10
199711.399000 448692.918000 51.184000 0 0 0 1 10
199711.329000 448692.705000 51.158000 0 0 0 1 10
199711.117000 448692.413000 51.175000 0 0 0 1 10
199710.853000 448692.058000 51.655000 0 0 0 1 10
199711.067000 448692.005000 51.245000 0 0 0 1 10
199710.864000 448691.740000 51.251000 0 0 0 1 10
199710.803000 448691.547000 51.277000 0 0 0 1 10
199710.616000 448691.230000 51.294000 0 0 0 1 10
199710.537000 448690.796000 51.211000 0 0 0 1 10
199710.504000 448690.454000 51.134000 0 0 0 1 10
199706.248000 448681.013000 52.067000 0 0 0 1 10
199706.333000 448680.992000 51.427000 0 0 0 1 10
199705.919000 448680.919000 52.061000 0 0 0 1 10
199706.300000 448680.825000 52.040000 0 0 0 1 10
199705.905000 448680.570000 52.230000 0 0 0 1 10
199706.205000 448680.496000 52.051000 0 0 0 1 10
199705.693000 448680.235000 52.258000 0 0 0 1 10
199706.059000 448680.145000 52.163000 0 0 0 1 10
199705.535000 448679.951000 52.214000 0 0 0 1 10
199705.867000 448679.869000 51.984000 0 0 0 1 10
199705.586000 448679.771000 52.256000 0 0 0 1 10
199705.893000 448679.695000 51.956000 0 0 0 1 10
199705.280000 448679.492000 52.227000 0 0 0 1 10
199705.679000 448679.394000 52.081000 0 0 0 1 10
199705.820000 448679.359000 51.620000 0 0 0 1 10
199705.367000 448679.105000 52.198000 0 0 0 1 10
199705.656000 448679.034000 51.930000 0 0 0 1 10
199705.223000 448678.783000 52.181000 0 0 0 1 10
199705.438000 448678.731000 51.726000 0 0 0 1 10
199704.998000 448678.645000 52.219000 0 0 0 1 10
199705.333000 448678.562000 51.994000 0 0 0 1 10
199705.025000 448678.281000 52.192000 0 0 0 1 10
199704.853000 448677.915000 52.215000 0 0 0 1 10
199704.535000 448677.634000 52.240000 0 0 0 1 10
199704.802000 448677.568000 52.020000 0 0 0 1 10
199704.579000 448677.435000 52.260000 0 0 0 1 10
199704.339000 448677.123000 52.272000 0 0 0 1 10
199704.596000 448677.060000 51.988000 0 0 0 1 10
199704.053000 448676.749000 52.215000 0 0 0 1 10
199704.447000 448676.651000 52.172000 0 0 0 1 10
199704.003000 448676.404000 52.394000 0 0 0 1 10
199704.272000 448676.337000 52.068000 0 0 0 1 10
199704.088000 448676.181000 52.369000 0 0 0 1 10
199704.116000 448675.820000 52.171000 0 0 0 1 10
199703.268000 448675.648000 51.912000 0 0 0 1 10
199703.067000 448676.026000 52.359000 0 0 0 1 10
199704.171000 448676.321000 52.359000 0 0 0 1 10
199703.978000 448676.750000 52.163000 0 0 0 1 10
199704.268000 448676.828000 52.305000 0 0 0 1 10
199704.205000 448677.185000 52.076000 0 0 0 1 10
199704.517000 448677.268000 52.273000 0 0 0 1 10
199704.491000 448677.561000 52.166000 0 0 0 1 10
199704.854000 448677.659000 52.203000 0 0 0 1 10
199704.659000 448678.023000 52.157000 0 0 0 1 10
199705.041000 448678.126000 52.165000 0 0 0 1 10
199704.772000 448678.588000 51.974000 0 0 0 1 10
199705.098000 448678.675000 52.158000 0 0 0 1 10
199705.474000 448678.776000 52.063000 0 0 0 1 10
199705.105000 448679.113000 52.021000 0 0 0 1 10
199705.379000 448679.186000 52.182000 0 0 0 1 10
199705.273000 448679.438000 52.100000 0 0 0 1 10
199705.592000 448679.523000 52.183000 0 0 0 1 10
199705.480000 448679.903000 52.027000 0 0 0 1 10
199705.758000 448679.977000 52.206000 0 0 0 1 10
199705.658000 448680.441000 51.889000 0 0 0 1 10
199705.958000 448680.521000 52.189000 0 0 0 1 10
199705.927000 448680.900000 51.625000 0 0 0 1 10
199706.134000 448680.955000 52.123000 0 0 0 1 10
199706.482000 448681.047000 52.178000 0 0 0 1 10
199706.018000 448681.230000 51.680000 0 0 0 1 10
199706.274000 448681.298000 52.118000 0 0 0 1 10
199706.598000 448681.383000 52.152000 0 0 0 1 10
199706.473000 448681.762000 51.912000 0 0 0 1 10
199706.727000 448681.829000 52.231000 0 0 0 1 10
199707.023000 448681.908000 52.384000 0 0 0 1 10
199706.662000 448682.313000 51.676000 0 0 0 1 10
199706.872000 448682.369000 52.166000 0 0 0 1 10
199706.840000 448682.780000 51.647000 0 0 0 1 10
199707.100000 448682.848000 52.072000 0 0 0 1 10
199707.472000 448682.948000 52.111000 0 0 0 1 10
199707.724000 448683.015000 52.436000 0 0 0 1 10
199708.041000 448683.100000 52.526000 0 0 0 1 10
199706.901000 448683.111000 51.391000 0 0 0 1 10
199707.102000 448683.164000 51.875000 0 0 0 1 10
199707.399000 448683.243000 52.089000 0 0 0 1 10
199707.731000 448683.332000 52.194000 0 0 0 1 10
199707.227000 448683.624000 51.599000 0 0 0 1 10
199707.467000 448683.688000 52.054000 0 0 0 1 10
199707.828000 448683.784000 52.070000 0 0 0 1 10
199707.634000 448684.255000 51.651000 0 0 0 1 10
199707.837000 448684.309000 52.067000 0 0 0 1 10
199708.145000 448684.391000 52.157000 0 0 0 1 10
199707.782000 448684.691000 51.630000 0 0 0 1 10
199708.042000 448684.760000 51.839000 0 0 0 1 10
199708.281000 448684.823000 52.233000 0 0 0 1 10
199707.804000 448684.992000 51.538000 0 0 0 1 10
199708.104000 448685.072000 51.682000 0 0 0 1 10
199708.302000 448685.124000 52.206000 0 0 0 1 10
199708.671000 448685.223000 52.227000 0 0 0 1 10
199708.007000 448685.467000 51.482000 0 0 0 1 10
199708.330000 448685.553000 51.616000 0 0 0 1 10
199708.555000 448685.612000 52.181000 0 0 0 1 10
199708.850000 448685.691000 52.276000 0 0 0 1 10
199709.202000 448685.785000 52.226000 0 0 0 1 10
199708.123000 448686.013000 51.389000 0 0 0 1 10
199708.481000 448686.109000 51.533000 0 0 0 1 10
199708.648000 448686.152000 52.127000 0 0 0 1 10
199708.980000 448686.241000 52.201000 0 0 0 1 10
199708.484000 448686.515000 51.414000 0 0 0 1 10
199708.873000 448686.620000 51.371000 0 0 0 1 10
199708.949000 448686.639000 52.185000 0 0 0 1 10
199709.334000 448686.741000 52.187000 0 0 0 1 10
199708.697000 448686.903000 51.443000 0 0 0 1 10
199708.795000 448686.928000 52.186000 0 0 0 1 10
199709.158000 448687.025000 52.194000 0 0 0 1 10
199708.595000 448687.298000 52.210000 0 0 0 1 10
199708.881000 448687.376000 51.312000 0 0 0 1 10
199709.192000 448687.459000 51.421000 0 0 0 1 10
199709.334000 448687.496000 52.154000 0 0 0 1 10
199709.016000 448687.933000 51.166000 0 0 0 1 10
199709.314000 448688.012000 51.412000 0 0 0 1 10
199709.490000 448688.058000 52.064000 0 0 0 1 10
199709.346000 448688.402000 51.242000 0 0 0 1 10
199709.494000 448688.440000 51.922000 0 0 0 1 10
199709.808000 448688.523000 51.991000 0 0 0 1 10
199709.515000 448688.753000 51.314000 0 0 0 1 10
199710.549000 448689.029000 51.480000 0 0 0 1 10
199709.710000 448689.216000 51.134000 0 0 0 1 10
199710.008000 448689.295000 51.347000 0 0 0 1 10
199710.347000 448689.386000 51.276000 0 0 0 1 10
199710.584000 448689.449000 51.679000 0 0 0 1 10
199710.027000 448689.837000 51.279000 0 0 0 1 10
199710.042000 448690.246000 51.283000 0 0 0 1 10
199710.391000 448690.340000 51.243000 0 0 0 1 10
199710.100000 448690.567000 50.938000 0 0 0 1 10
199710.362000 448690.636000 51.231000 0 0 0 1 10
199710.748000 448691.140000 51.271000 0 0 0 1 10
199710.774000 448691.652000 51.305000 0 0 0 1 10
199711.021000 448691.718000 51.584000 0 0 0 1 10
199710.939000 448692.048000 51.259000 0 0 0 1 10
199710.997000 448692.364000 51.056000 0 0 0 1 10
199711.671000 448692.931000 51.116000 0 0 0 1 10
199711.608000 448693.454000 51.120000 0 0 0 1 10
199711.933000 448693.541000 51.218000 0 0 0 1 10
199712.005000 448693.967000 51.127000 0 0 0 1 10
199711.912000 448694.281000 51.152000 0 0 0 1 10
199712.244000 448694.370000 51.194000 0 0 0 1 10
199711.902000 448694.178000 51.204000 0 0 0 1 10
199711.733000 448693.818000 51.207000 0 0 0 1 10
199711.768000 448693.545000 51.194000 0 0 0 1 10
199711.660000 448693.151000 51.076000 0 0 0 1 10
199711.334000 448692.609000 51.150000 0 0 0 1 10
199710.956000 448692.219000 51.222000 0 0 0 1 10
199710.824000 448691.973000 51.233000 0 0 0 1 10
199711.058000 448691.725000 51.098000 0 0 0 1 10
199710.807000 448691.664000 51.461000 0 0 0 1 10
199710.695000 448691.170000 51.277000 0 0 0 1 10
199710.600000 448690.821000 51.110000 0 0 0 1 10
199710.503000 448690.523000 51.100000 0 0 0 1 10
199710.210000 448690.452000 51.291000 0 0 0 1 10
199709.868000 448690.368000 51.455000 0 0 0 1 10
199710.314000 448690.127000 50.904000 0 0 0 1 10
199710.093000 448690.074000 51.304000 0 0 0 1 10
199710.106000 448689.615000 51.279000 0 0 0 1 10
199709.637000 448689.500000 51.106000 0 0 0 1 10
199710.064000 448689.290000 51.222000 0 0 0 1 10
199709.642000 448689.187000 51.162000 0 0 0 1 10
199709.736000 448688.972000 51.308000 0 0 0 1 10
199709.662000 448688.659000 51.232000 0 0 0 1 10
199709.307000 448688.573000 52.178000 0 0 0 1 10
199709.933000 448688.248000 52.041000 0 0 0 1 10
199709.543000 448688.153000 52.155000 0 0 0 1 10
199709.530000 448687.828000 52.171000 0 0 0 1 10
199709.492000 448687.541000 50.953000 0 0 0 1 10
199709.265000 448687.488000 52.194000 0 0 0 1 10
199708.700000 448687.347000 51.091000 0 0 0 1 10
199708.882000 448687.394000 52.188000 0 0 0 1 10
199709.514000 448687.200000 50.879000 0 0 0 1 10
199708.922000 448687.058000 52.218000 0 0 0 1 10
199708.580000 448686.974000 52.359000 0 0 0 1 10
199709.367000 448686.686000 52.128000 0 0 0 1 10
199708.973000 448686.590000 52.168000 0 0 0 1 10
199709.117000 448686.305000 52.111000 0 0 0 1 10
199707.576000 448683.619000 52.134000 0 0 0 1 10
199707.423000 448683.293000 52.175000 0 0 0 1 10
199707.326000 448683.037000 52.107000 0 0 0 1 10
199707.210000 448682.736000 51.823000 0 0 0 1 10
199705.488000 448679.079000 52.135000 0 0 0 1 10
199705.378000 448678.808000 52.131000 0 0 0 1 10
199704.860000 448678.680000 51.888000 0 0 0 1 10
199705.208000 448678.422000 51.814000 0 0 0 1 10
199704.964000 448678.363000 52.190000 0 0 0 1 10
199704.924000 448677.888000 52.202000 0 0 0 1 10
199704.909000 448677.577000 51.773000 0 0 0 1 10
199704.704000 448677.527000 52.203000 0 0 0 1 10
199704.631000 448677.281000 52.248000 0 0 0 1 10
199704.046000 448677.136000 51.965000 0 0 0 1 10
199704.515000 448676.955000 52.238000 0 0 0 1 10
199704.013000 448676.832000 52.139000 0 0 0 1 10
199704.435000 448676.513000 52.097000 0 0 0 1 10
199704.120000 448676.437000 52.360000 0 0 0 1 10
199703.613000 448676.312000 52.204000 0 0 0 1 10
199704.236000 448676.161000 52.102000 0 0 0 1 10
199703.994000 448676.101000 52.437000 0 0 0 1 10
199703.568000 448675.997000 52.372000 0 0 0 1 10
199704.146000 448675.910000 52.242000 0 0 0 1 10
199715.532000 448670.956000 49.980000 0 0 0 1 11
199716.084000 448671.941000 49.909000 0 0 0 1 11
199716.210000 448672.366000 49.855000 0 0 0 1 11
199716.186000 448673.043000 49.866000 0 0 0 1 11
199716.348000 448673.421000 49.867000 0 0 0 1 11
199716.534000 448673.859000 49.926000 0 0 0 1 11
199716.883000 448674.173000 49.745000 0 0 0 1 11
199716.483000 448674.265000 49.739000 0 0 0 1 11
199716.585000 448674.514000 49.725000 0 0 0 1 11
199716.860000 448674.850000 49.792000 0 0 0 1 11
199717.055000 448675.701000 49.784000 0 0 0 1 11
199717.223000 448675.951000 49.578000 0 0 0 1 11
199717.199000 448675.630000 49.701000 0 0 0 1 11
199716.868000 448675.354000 49.825000 0 0 0 1 11
199716.682000 448674.992000 49.820000 0 0 0 1 11
199716.725000 448674.622000 49.761000 0 0 0 1 11
199716.759000 448674.426000 49.740000 0 0 0 1 11
199716.605000 448674.093000 49.917000 0 0 0 1 11
199716.338000 448673.156000 49.915000 0 0 0 1 11
199716.020000 448672.880000 49.935000 0 0 0 1 11
199715.946000 448672.488000 49.920000 0 0 0 1 11
199715.410000 448670.735000 50.015000 0 0 0 1 11
199715.227000 448670.424000 50.036000 0 0 0 1 11
199715.146000 448670.026000 49.997000 0 0 0 1 11
199715.590000 448670.879000 49.975000 0 0 0 1 11
199715.606000 448671.276000 49.934000 0 0 0 1 11
199715.893000 448671.887000 49.890000 0 0 0 1 11
199716.139000 448672.666000 49.969000 0 0 0 1 11
199716.296000 448673.095000 49.914000 0 0 0 1 11
199716.732000 448673.212000 49.733000 0 0 0 1 11
199716.305000 448673.624000 49.805000 0 0 0 1 11
199716.627000 448673.710000 49.885000 0 0 0 1 11
199716.515000 448674.066000 49.932000 0 0 0 1 11
199716.540000 448674.408000 49.883000 0 0 0 1 11
199716.656000 448674.844000 49.736000 0 0 0 1 11
199716.972000 448675.433000 49.858000 0 0 0 1 11
199716.983000 448675.787000 49.761000 0 0 0 1 11
199717.247000 448675.610000 49.738000 0 0 0 1 11
199716.880000 448675.520000 49.805000 0 0 0 1 11
199717.056000 448675.215000 49.745000 0 0 0 1 11
199716.934000 448674.928000 49.658000 0 0 0 1 11
199716.009000 448672.570000 49.961000 0 0 0 1 11
199715.933000 448672.207000 49.885000 0 0 0 1 11
199715.845000 448671.623000 49.941000 0 0 0 1 11
199715.531000 448671.103000 49.987000 0 0 0 1 11
199715.520000 448670.795000 49.924000 0 0 0 1 11
199715.356000 448670.524000 49.961000 0 0 0 1 11
199715.193000 448670.138000 50.050000 0 0 0 1 11
199764.294000 448675.696000 44.022000 0 0 0 1 12
199763.937000 448675.778000 44.041000 0 0 0 1 12
199763.553000 448675.867000 44.079000 0 0 0 1 12
199763.152000 448675.959000 44.078000 0 0 0 1 12
199762.766000 448676.048000 44.092000 0 0 0 1 12
199762.077000 448676.206000 44.008000 0 0 0 1 12
199762.146000 448676.472000 43.975000 0 0 0 1 12
199761.767000 448676.560000 44.000000 0 0 0 1 12
199761.430000 448676.638000 43.937000 0 0 0 1 12
199761.774000 448676.410000 44.038000 0 0 0 1 12
199762.233000 448676.296000 44.158000 0 0 0 1 12
199762.646000 448676.194000 44.156000 0 0 0 1 12
199762.184000 448676.098000 43.966000 0 0 0 1 12
199765.726000 448674.854000 44.099000 0 0 0 1 12
199766.167000 448674.744000 44.181000 0 0 0 1 12
199766.552000 448674.649000 44.146000 0 0 0 1 12
199767.092000 448674.276000 44.148000 0 0 0 1 12
199766.888000 448674.537000 44.170000 0 0 0 1 12
199766.243000 448674.790000 44.173000 0 0 0 1 12
199764.760000 448675.311000 44.080000 0 0 0 1 12
199764.340000 448675.531000 44.126000 0 0 0 1 12
199762.682000 448676.029000 44.007000 0 0 0 1 12
199763.047000 448676.127000 44.123000 0 0 0 1 12
199762.094000 448676.302000 44.026000 0 0 0 1 12
199762.441000 448676.394000 44.081000 0 0 0 1 12
199761.828000 448676.589000 44.106000 0 0 0 1 12
199759.701000 448677.369000 44.102000 0 0 0 1 12
199759.171000 448677.574000 43.925000 0 0 0 1 12
199758.729000 448677.846000 43.943000 0 0 0 1 12
199759.142000 448677.819000 44.012000 0 0 0 1 12
199758.780000 448677.730000 44.028000 0 0 0 1 12
199759.359000 448677.540000 44.100000 0 0 0 1 12
199759.768000 448677.389000 44.097000 0 0 0 1 12
199760.417000 448677.220000 44.002000 0 0 0 1 12
199760.998000 448676.927000 44.087000 0 0 0 1 12
199761.227000 448676.688000 44.006000 0 0 0 1 12
199761.615000 448676.524000 44.055000 0 0 0 1 12
199762.263000 448676.352000 44.006000 0 0 0 1 12
199762.918000 448676.031000 44.135000 0 0 0 1 12
199763.693000 448675.905000 43.959000 0 0 0 1 12
199763.403000 448675.834000 44.149000 0 0 0 1 12
199764.024000 448675.749000 44.014000 0 0 0 1 12
199763.663000 448675.660000 44.126000 0 0 0 1 12
199764.447000 448675.533000 44.064000 0 0 0 1 12
199764.954000 448675.239000 44.097000 0 0 0 1 12
199765.527000 448675.063000 44.110000 0 0 0 1 12
199765.821000 448674.904000 44.079000 0 0 0 1 12
199766.143000 448674.656000 44.185000 0 0 0 1 12
199758.373000 448671.431000 43.535000 0 0 0 1 13
199758.130000 448671.982000 43.653000 0 0 0 1 13
199758.401000 448672.328000 43.698000 0 0 0 1 13
199758.226000 448672.690000 43.752000 0 0 0 1 13
199758.089000 448674.004000 43.669000 0 0 0 1 13
199758.259000 448674.253000 43.732000 0 0 0 1 13
199758.101000 448678.285000 44.109000 0 0 0 1 13
199757.724000 448678.372000 43.960000 0 0 0 1 13
199757.837000 448678.981000 43.967000 0 0 0 1 13
199757.751000 448679.401000 43.920000 0 0 0 1 13
199757.745000 448682.053000 44.119000 0 0 0 1 13
199757.778000 448682.946000 44.056000 0 0 0 1 13
199757.640000 448685.304000 44.096000 0 0 0 1 13
199757.597000 448685.000000 44.036000 0 0 0 1 13
199757.444000 448684.275000 44.160000 0 0 0 1 13
199757.533000 448684.032000 44.195000 0 0 0 1 13
199757.599000 448677.443000 43.879000 0 0 0 1 13
199757.960000 448677.354000 43.788000 0 0 0 1 13
199757.764000 448677.191000 44.041000 0 0 0 1 13
199757.855000 448676.801000 43.916000 0 0 0 1 13
199757.975000 448675.752000 43.927000 0 0 0 1 13
199757.763000 448675.465000 43.821000 0 0 0 1 13
199757.712000 448675.044000 43.731000 0 0 0 1 13
199758.066000 448674.616000 43.788000 0 0 0 1 13
199758.011000 448674.074000 43.876000 0 0 0 1 13
199758.181000 448673.265000 43.674000 0 0 0 1 13
199758.194000 448672.691000 43.694000 0 0 0 1 13
199758.197000 448671.420000 43.666000 0 0 0 1 13
199758.355000 448670.973000 43.602000 0 0 0 1 13
199758.238000 448670.681000 43.568000 0 0 0 1 13
199758.385000 448671.593000 43.768000 0 0 0 1 13
199758.304000 448671.940000 43.747000 0 0 0 1 13
199758.182000 448672.648000 43.680000 0 0 0 1 13
199758.161000 448673.175000 43.815000 0 0 0 1 13
199758.155000 448673.555000 43.823000 0 0 0 1 13
199757.973000 448675.984000 43.962000 0 0 0 1 13
199758.009000 448676.551000 43.858000 0 0 0 1 13
199757.931000 448676.898000 44.050000 0 0 0 1 13
199758.016000 448677.657000 43.887000 0 0 0 1 13
199758.005000 448678.165000 44.021000 0 0 0 1 13
199757.919000 448678.509000 43.920000 0 0 0 1 13
199757.657000 448682.108000 44.082000 0 0 0 1 13
199757.675000 448682.508000 44.094000 0 0 0 1 13
199757.559000 448684.647000 44.117000 0 0 0 1 13
199757.375000 448686.290000 44.116000 0 0 0 1 13
199757.490000 448685.970000 44.115000 0 0 0 1 13
199757.598000 448685.526000 44.104000 0 0 0 1 13
199757.392000 448685.128000 44.043000 0 0 0 1 13
199757.416000 448684.877000 44.071000 0 0 0 1 13
199757.796000 448679.610000 43.972000 0 0 0 1 13
199757.915000 448678.884000 43.957000 0 0 0 1 13
199757.983000 448678.355000 43.955000 0 0 0 1 13
199757.634000 448678.269000 44.093000 0 0 0 1 13
199757.951000 448677.999000 44.087000 0 0 0 1 13
199757.884000 448677.509000 44.005000 0 0 0 1 13
199757.684000 448676.875000 43.978000 0 0 0 1 13
199757.924000 448676.605000 43.822000 0 0 0 1 13
199758.395000 448670.877000 43.625000 0 0 0 1 13
199758.246000 448670.310000 43.509000 0 0 0 1 13
199727.712000 448702.432000 47.538000 0 0 0 1 14
199727.754000 448702.831000 47.495000 0 0 0 1 14
199727.077000 448705.237000 48.093000 0 0 0 1 14
199726.790000 448705.792000 48.212000 0 0 0 1 14
199726.625000 448706.252000 48.108000 0 0 0 1 14
199726.630000 448706.532000 48.131000 0 0 0 1 14
199726.374000 448706.591000 47.842000 0 0 0 1 14
199726.404000 448707.018000 47.957000 0 0 0 1 14
199727.388000 448703.598000 47.623000 0 0 0 1 14
199727.312000 448703.457000 47.592000 0 0 0 1 14
199728.346000 448701.218000 47.617000 0 0 0 1 14
199728.116000 448701.541000 47.680000 0 0 0 1 14
199727.934000 448701.834000 47.660000 0 0 0 1 14
199727.903000 448702.700000 47.462000 0 0 0 1 14
199727.660000 448703.000000 47.590000 0 0 0 1 14
199726.759000 448705.560000 47.870000 0 0 0 1 14
199726.725000 448705.905000 48.197000 0 0 0 1 14
199726.626000 448706.161000 48.066000 0 0 0 1 14
199726.411000 448706.476000 47.810000 0 0 0 1 14
199726.709000 448706.555000 47.997000 0 0 0 1 14
199726.496000 448707.020000 48.037000 0 0 0 1 14
199726.970000 448707.147000 47.814000 0 0 0 1 14
199726.424000 448707.401000 47.958000 0 0 0 1 14
199726.830000 448707.510000 47.846000 0 0 0 1 14
199726.909000 448705.612000 48.149000 0 0 0 1 14
199727.175000 448704.593000 47.629000 0 0 0 1 14
199727.113000 448704.265000 47.551000 0 0 0 1 14
199727.390000 448704.119000 47.515000 0 0 0 1 14
199727.312000 448703.791000 47.603000 0 0 0 1 14
199727.458000 448703.064000 47.594000 0 0 0 1 14
199767.415000 448692.413000 46.465000 0 0 0 1 15
199767.822000 448691.383000 46.478000 0 0 0 1 15
199767.930000 448691.037000 46.382000 0 0 0 1 15
199767.830000 448690.859000 47.014000 0 0 0 1 15
199767.576000 448692.121000 46.379000 0 0 0 1 15
199767.316000 448692.475000 46.368000 0 0 0 1 15
199767.146000 448692.733000 46.291000 0 0 0 1 15
199767.039000 448693.138000 46.332000 0 0 0 1 15
199766.258000 448694.089000 46.303000 0 0 0 1 15
199766.113000 448694.468000 46.249000 0 0 0 1 15
199765.741000 448694.906000 46.272000 0 0 0 1 15
199765.682000 448695.326000 46.337000 0 0 0 1 15
199766.113000 448694.243000 46.304000 0 0 0 1 15
199766.435000 448693.797000 46.334000 0 0 0 1 15
199767.896000 448691.204000 46.489000 0 0 0 1 15
199768.177000 448690.789000 46.456000 0 0 0 1 15
199768.312000 448690.498000 46.371000 0 0 0 1 15
199674.779000 448700.521000 56.649000 0 0 0 1 16
199674.384000 448700.612000 56.723000 0 0 0 1 16
199673.997000 448700.701000 56.770000 0 0 0 1 16
199673.627000 448700.786000 56.862000 0 0 0 1 16
199673.232000 448700.878000 57.036000 0 0 0 1 16
199672.832000 448700.970000 57.163000 0 0 0 1 16
199672.453000 448701.058000 57.154000 0 0 0 1 16
199669.480000 448701.743000 57.444000 0 0 0 1 16
199669.098000 448701.831000 57.582000 0 0 0 1 16
199668.749000 448701.911000 57.503000 0 0 0 1 16
199679.862000 448699.735000 55.911000 0 0 0 1 16
199679.447000 448699.831000 56.111000 0 0 0 1 16
199679.054000 448699.922000 56.114000 0 0 0 1 16
199678.738000 448699.994000 56.053000 0 0 0 1 16
199678.326000 448700.089000 56.180000 0 0 0 1 16
199677.952000 448700.175000 56.247000 0 0 0 1 16
199677.593000 448700.258000 56.266000 0 0 0 1 16
199677.248000 448700.338000 56.305000 0 0 0 1 16
199676.901000 448700.418000 56.315000 0 0 0 1 16
199676.508000 448700.508000 56.350000 0 0 0 1 16
199676.141000 448700.593000 56.395000 0 0 0 1 16
199675.790000 448700.674000 56.455000 0 0 0 1 16
199675.418000 448700.759000 56.482000 0 0 0 1 16
199675.039000 448700.847000 56.539000 0 0 0 1 16
199668.609000 448702.330000 57.486000 0 0 0 1 16
199679.224000 448700.299000 55.920000 0 0 0 1 16
199677.603000 448700.279000 56.295000 0 0 0 1 16
199678.028000 448700.174000 56.190000 0 0 0 1 16
199678.341000 448700.097000 56.033000 0 0 0 1 16
199668.640000 448702.179000 57.624000 0 0 0 1 16
199668.999000 448702.090000 57.569000 0 0 0 1 16
199669.358000 448702.001000 57.386000 0 0 0 1 16
199669.761000 448701.902000 57.304000 0 0 0 1 16
199670.217000 448701.789000 57.426000 0 0 0 1 16
199670.640000 448701.683000 57.404000 0 0 0 1 16
199670.992000 448701.597000 57.293000 0 0 0 1 16
199671.423000 448701.491000 57.242000 0 0 0 1 16
199671.821000 448701.391000 57.238000 0 0 0 1 16
199672.257000 448701.284000 57.218000 0 0 0 1 16
199674.232000 448700.797000 56.807000 0 0 0 1 16
199674.603000 448700.705000 56.711000 0 0 0 1 16
199677.310000 448700.036000 56.206000 0 0 0 1 16
199679.830000 448699.413000 55.987000 0 0 0 1 16
199680.080000 448699.351000 55.736000 0 0 0 1 16
199680.454000 448699.258000 55.625000 0 0 0 1 16
199680.858000 448699.158000 55.550000 0 0 0 1 16
199668.592000 448701.983000 57.675000 0 0 0 1 16
199668.919000 448701.903000 57.583000 0 0 0 1 16
199669.334000 448701.800000 57.501000 0 0 0 1 16
199669.761000 448701.695000 57.421000 0 0 0 1 16
199670.181000 448701.590000 57.477000 0 0 0 1 16
199670.502000 448701.512000 57.311000 0 0 0 1 16
199670.903000 448701.412000 57.205000 0 0 0 1 16
199671.367000 448701.298000 57.214000 0 0 0 1 16
199671.794000 448701.191000 57.219000 0 0 0 1 16
199672.265000 448701.075000 57.264000 0 0 0 1 16
199672.653000 448700.979000 57.112000 0 0 0 1 16
199673.010000 448700.891000 57.033000 0 0 0 1 16
199673.337000 448700.811000 56.900000 0 0 0 1 16
199673.708000 448700.719000 56.782000 0 0 0 1 16
199674.135000 448700.614000 56.747000 0 0 0 1 16
199674.512000 448700.520000 56.662000 0 0 0 1 16
199671.493000 448700.904000 57.101000 0 0 0 1 16
199680.020000 448699.690000 56.080000 0 0 0 1 16
199679.221000 448699.775000 55.851000 0 0 0 1 16
199678.383000 448699.940000 56.074000 0 0 0 1 16
199677.727000 448700.261000 56.335000 0 0 0 1 16
199678.165000 448700.379000 55.971000 0 0 0 1 16
199676.630000 448700.367000 56.334000 0 0 0 1 16
199675.919000 448700.522000 56.459000 0 0 0 1 16
199674.711000 448700.627000 56.638000 0 0 0 1 16
199675.108000 448700.734000 56.573000 0 0 0 1 16
199675.478000 448700.833000 56.503000 0 0 0 1 16
199672.670000 448701.021000 57.129000 0 0 0 1 16
199672.143000 448701.177000 57.202000 0 0 0 1 16
199672.436000 448701.255000 57.327000 0 0 0 1 16
199671.735000 448701.477000 57.236000 0 0 0 1 16
199670.869000 448701.753000 57.408000 0 0 0 1 16
199669.182000 448701.711000 57.302000 0 0 0 1 16
199669.507000 448701.798000 57.450000 0 0 0 1 16
199669.848000 448701.890000 57.473000 0 0 0 1 16
199668.636000 448701.882000 57.521000 0 0 0 1 16
199668.968000 448701.971000 57.576000 0 0 0 1 16
199669.378000 448702.081000 57.398000 0 0 0 1 16
199668.677000 448702.321000 57.598000 0 0 0 1 16
199668.660000 448702.267000 57.596000 0 0 0 1 16
199669.207000 448702.069000 57.411000 0 0 0 1 16
199668.874000 448701.988000 57.578000 0 0 0 1 16
199668.444000 448701.883000 57.610000 0 0 0 1 16
199669.683000 448701.937000 57.418000 0 0 0 1 16
199669.295000 448701.842000 57.549000 0 0 0 1 16
199670.652000 448701.843000 57.028000 0 0 0 1 16
199670.381000 448701.777000 57.287000 0 0 0 1 16
199670.068000 448701.701000 57.491000 0 0 0 1 16
199669.584000 448701.582000 57.380000 0 0 0 1 16
199671.349000 448701.593000 57.099000 0 0 0 1 16
199671.014000 448701.511000 57.305000 0 0 0 1 16
199670.582000 448701.407000 57.289000 0 0 0 1 16
199671.892000 448701.442000 57.121000 0 0 0 1 16
199671.556000 448701.360000 57.218000 0 0 0 1 16
199671.010000 448701.226000 57.099000 0 0 0 1 16
199672.067000 448701.288000 57.207000 0 0 0 1 16
199671.667000 448701.190000 57.186000 0 0 0 1 16
199672.632000 448701.110000 57.087000 0 0 0 1 16
199672.247000 448701.016000 57.180000 0 0 0 1 16
199674.582000 448700.749000 56.661000 0 0 0 1 16
199674.218000 448700.660000 56.769000 0 0 0 1 16
199675.119000 448700.603000 56.627000 0 0 0 1 16
199674.741000 448700.510000 56.666000 0 0 0 1 16
199676.228000 448700.540000 56.318000 0 0 0 1 16
199677.146000 448700.341000 56.315000 0 0 0 1 16
199677.803000 448700.223000 56.210000 0 0 0 1 16
199677.421000 448700.130000 56.263000 0 0 0 1 16
199678.912000 448700.295000 55.895000 0 0 0 1 16
199678.550000 448700.207000 56.006000 0 0 0 1 16
199678.255000 448700.135000 56.219000 0 0 0 1 16
199677.857000 448700.038000 56.266000 0 0 0 1 16
199679.780000 448700.188000 55.715000 0 0 0 1 16
199679.398000 448700.094000 55.810000 0 0 0 1 16
199679.124000 448700.028000 56.106000 0 0 0 1 16
199678.697000 448699.923000 56.118000 0 0 0 1 16
199679.741000 448699.715000 55.954000 0 0 0 1 16
199679.205000 448699.584000 55.805000 0 0 0 1 16
199680.306000 448699.503000 56.006000 0 0 0 1 16
199679.758000 448699.368000 55.705000 0 0 0 1 16
199680.815000 448699.365000 55.846000 0 0 0 1 16
199680.297000 448699.238000 55.709000 0 0 0 1 16
199665.454000 448702.190000 57.863000 0 0 0 1 17
199665.047000 448702.284000 57.951000 0 0 0 1 17
199664.658000 448702.374000 57.980000 0 0 0 1 17
199664.290000 448702.459000 58.074000 0 0 0 1 17
199663.925000 448702.543000 58.121000 0 0 0 1 17
199663.526000 448702.635000 58.183000 0 0 0 1 17
199663.169000 448702.717000 58.237000 0 0 0 1 17
199662.796000 448702.804000 58.285000 0 0 0 1 17
199662.446000 448702.885000 58.281000 0 0 0 1 17
199662.045000 448702.977000 58.421000 0 0 0 1 17
199665.233000 448702.270000 57.918000 0 0 0 1 17
199665.609000 448702.371000 57.854000 0 0 0 1 17
199664.464000 448702.375000 57.974000 0 0 0 1 17
199664.777000 448702.458000 57.996000 0 0 0 1 17
199663.543000 448702.537000 58.089000 0 0 0 1 17
199663.901000 448702.633000 58.120000 0 0 0 1 17
199662.780000 448702.867000 58.347000 0 0 0 1 17
199661.793000 448703.026000 58.504000 0 0 0 1 17
199662.248000 448702.942000 58.419000 0 0 0 1 17
199662.875000 448702.841000 58.321000 0 0 0 1 17
199663.593000 448702.679000 58.096000 0 0 0 1 17
199663.245000 448702.594000 58.172000 0 0 0 1 17
199665.047000 448702.319000 57.966000 0 0 0 1 17
199665.634000 448702.271000 57.867000 0 0 0 1 17
199665.166000 448702.156000 57.896000 0 0 0 1 17
199667.081000 448712.769000 57.677000 0 0 0 1 18
199668.083000 448713.409000 57.500000 0 0 0 1 18
199668.784000 448713.968000 57.332000 0 0 0 1 18
199670.741000 448715.084000 56.982000 0 0 0 1 18
199672.379000 448716.273000 56.789000 0 0 0 1 18
199672.879000 448716.636000 56.823000 0 0 0 1 18
199673.353000 448716.928000 56.578000 0 0 0 1 18
199673.346000 448717.207000 56.614000 0 0 0 1 18
199675.301000 448718.049000 56.854000 0 0 0 1 18
199673.204000 448716.837000 56.707000 0 0 0 1 18
199671.861000 448715.853000 56.870000 0 0 0 1 18
199671.398000 448715.625000 56.914000 0 0 0 1 18
199668.184000 448713.403000 57.463000 0 0 0 1 18
199667.737000 448713.221000 57.634000 0 0 0 1 18
199666.998000 448712.872000 57.604000 0 0 0 1 18
199666.785000 448712.486000 57.584000 0 0 0 1 18
199666.872000 448712.641000 57.729000 0 0 0 1 18
199667.212000 448712.732000 57.756000 0 0 0 1 18
199667.186000 448713.032000 57.565000 0 0 0 1 18
199667.527000 448713.124000 57.656000 0 0 0 1 18
199667.947000 448713.237000 57.540000 0 0 0 1 18
199668.312000 448713.705000 57.375000 0 0 0 1 18
199668.631000 448713.791000 57.410000 0 0 0 1 18
199669.064000 448713.908000 57.248000 0 0 0 1 18
199669.530000 448714.536000 57.195000 0 0 0 1 18
199669.847000 448714.620000 57.204000 0 0 0 1 18
199670.631000 448715.186000 57.019000 0 0 0 1 18
199670.977000 448715.280000 56.960000 0 0 0 1 18
199671.403000 448715.683000 56.903000 0 0 0 1 18
199671.799000 448715.790000 56.842000 0 0 0 1 18
199673.480000 448717.131000 56.668000 0 0 0 1 18
199674.312000 448717.719000 56.520000 0 0 0 1 18
199674.642000 448717.808000 56.485000 0 0 0 1 18
199674.995000 448718.197000 56.602000 0 0 0 1 18
199674.422000 448717.481000 56.517000 0 0 0 1 18
199674.052000 448717.391000 56.571000 0 0 0 1 18
199673.344000 448716.870000 56.688000 0 0 0 1 18
199672.905000 448716.532000 56.759000 0 0 0 1 18
199671.177000 448715.324000 56.901000 0 0 0 1 18
199670.059000 448714.741000 57.170000 0 0 0 1 18
199669.737000 448714.425000 57.231000 0 0 0 1 18
199669.330000 448714.326000 57.284000 0 0 0 1 18
199668.004000 448713.209000 57.434000 0 0 0 1 18
199667.704000 448713.135000 57.683000 0 0 0 1 18
199667.246000 448712.689000 57.760000 0 0 0 1 18
199666.822000 448712.585000 57.739000 0 0 0 1 18
199666.598000 448712.287000 57.530000 0 0 0 1 18
199698.096000 448699.805000 52.746000 0 0 0 1 19
199698.637000 448700.066000 52.582000 0 0 0 1 19
199698.022000 448699.777000 52.715000 0 0 0 1 19
199698.368000 448700.199000 52.709000 0 0 0 1 19
199698.795000 448700.703000 52.567000 0 0 0 1 19
199699.365000 448701.352000 52.498000 0 0 0 1 19
199699.836000 448701.834000 52.491000 0 0 0 1 19
199700.134000 448702.192000 52.408000 0 0 0 1 19
199700.378000 448702.618000 52.413000 0 0 0 1 19
199701.027000 448703.286000 52.396000 0 0 0 1 19
199701.621000 448703.816000 52.354000 0 0 0 1 19
199701.811000 448704.188000 52.381000 0 0 0 1 19
199701.921000 448704.199000 52.295000 0 0 0 1 19
199701.407000 448703.621000 52.328000 0 0 0 1 19
199699.528000 448701.569000 52.439000 0 0 0 1 19
199699.173000 448701.206000 52.508000 0 0 0 1 19
199698.434000 448700.209000 52.617000 0 0 0 1 19
199632.185000 448741.315000 58.004000 0 0 0 1 20
199633.101000 448742.017000 57.720000 0 0 0 1 20
199633.755000 448742.553000 57.724000 0 0 0 1 20
199634.369000 448742.905000 57.408000 0 0 0 1 20
199634.451000 448743.295000 57.370000 0 0 0 1 20
199634.965000 448743.482000 57.281000 0 0 0 1 20
199635.517000 448743.753000 57.007000 0 0 0 1 20
199635.162000 448743.835000 57.072000 0 0 0 1 20
199635.948000 448744.159000 56.917000 0 0 0 1 20
199636.399000 448744.474000 56.742000 0 0 0 1 20
199636.745000 448744.695000 56.681000 0 0 0 1 20
199636.948000 448745.057000 56.527000 0 0 0 1 20
199637.680000 448745.376000 56.498000 0 0 0 1 20
199637.986000 448745.686000 56.392000 0 0 0 1 20
199638.368000 448745.873000 56.300000 0 0 0 1 20
199638.754000 448746.201000 56.130000 0 0 0 1 20
199639.172000 448746.585000 56.014000 0 0 0 1 20
199639.625000 448746.922000 55.872000 0 0 0 1 20
199639.869000 448747.179000 55.766000 0 0 0 1 20
199640.523000 448747.458000 55.537000 0 0 0 1 20
199640.748000 448747.909000 55.411000 0 0 0 1 20
199641.296000 448748.194000 55.337000 0 0 0 1 20
199641.699000 448748.381000 55.200000 0 0 0 1 20
199642.430000 448749.098000 55.024000 0 0 0 1 20
199632.709000 448741.934000 58.047000 0 0 0 1 20
199633.106000 448742.042000 57.952000 0 0 0 1 20
199633.522000 448742.155000 57.786000 0 0 0 1 20
199633.673000 448742.523000 57.761000 0 0 0 1 20
199634.290000 448743.061000 57.551000 0 0 0 1 20
199635.237000 448743.842000 57.185000 0 0 0 1 20
199635.654000 448743.956000 57.017000 0 0 0 1 20
199636.246000 448744.479000 56.878000 0 0 0 1 20
199636.602000 448744.576000 56.763000 0 0 0 1 20
199636.844000 448744.956000 56.629000 0 0 0 1 20
199637.194000 448745.051000 56.643000 0 0 0 1 20
199638.712000 448746.364000 56.118000 0 0 0 1 20
199639.077000 448746.463000 56.044000 0 0 0 1 20
199639.648000 448747.005000 55.851000 0 0 0 1 20
199640.308000 448747.531000 55.615000 0 0 0 1 20
199640.654000 448747.625000 55.540000 0 0 0 1 20
199640.984000 448748.094000 55.454000 0 0 0 1 20
199641.393000 448748.206000 55.252000 0 0 0 1 20
199641.905000 448748.862000 55.164000 0 0 0 1 20
199642.311000 448748.973000 55.081000 0 0 0 1 20
199642.661000 448749.068000 55.063000 0 0 0 1 20
199642.451000 448749.377000 54.894000 0 0 0 1 20
199642.780000 448749.466000 54.987000 0 0 0 1 20
199641.333000 448752.922000 53.960000 0 0 0 1 21
199640.131000 448754.409000 53.683000 0 0 0 1 21
199639.765000 448754.493000 53.744000 0 0 0 1 21
199639.433000 448754.996000 53.548000 0 0 0 1 21
199639.105000 448755.347000 53.539000 0 0 0 1 21
199638.786000 448755.420000 53.394000 0 0 0 1 21
199638.877000 448755.817000 53.373000 0 0 0 1 21
199638.503000 448755.902000 53.395000 0 0 0 1 21
199637.241000 448757.077000 53.383000 0 0 0 1 21
199641.844000 448752.461000 54.162000 0 0 0 1 21
199641.719000 448752.716000 54.027000 0 0 0 1 21
199641.381000 448752.994000 54.085000 0 0 0 1 21
199640.994000 448753.396000 53.986000 0 0 0 1 21
199640.275000 448753.932000 53.802000 0 0 0 1 21
199640.092000 448754.297000 53.834000 0 0 0 1 21
199639.556000 448754.688000 53.672000 0 0 0 1 21
199638.983000 448755.628000 53.550000 0 0 0 1 21
199638.475000 448755.998000 53.446000 0 0 0 1 21
199638.174000 448756.321000 53.392000 0 0 0 1 21
199642.792000 448746.195000 56.075000 0 0 0 1 22
199642.869000 448746.921000 55.947000 0 0 0 1 22
199642.747000 448747.451000 55.780000 0 0 0 1 22
199642.967000 448747.811000 55.632000 0 0 0 1 22
199643.086000 448748.063000 55.333000 0 0 0 1 22
199643.201000 448748.454000 55.389000 0 0 0 1 22
199643.138000 448748.936000 55.093000 0 0 0 1 22
199643.289000 448749.301000 55.144000 0 0 0 1 22
199643.494000 448749.533000 55.009000 0 0 0 1 22
199642.356000 448745.246000 56.423000 0 0 0 1 22
199642.502000 448745.810000 56.313000 0 0 0 1 22
199642.739000 448746.237000 56.044000 0 0 0 1 22
199642.559000 448746.504000 56.058000 0 0 0 1 22
199642.866000 448747.877000 55.712000 0 0 0 1 22
199643.193000 448748.314000 55.117000 0 0 0 1 22
199643.069000 448748.660000 55.362000 0 0 0 1 22
199643.295000 448749.239000 55.233000 0 0 0 1 22
199643.417000 448749.638000 55.114000 0 0 0 1 22
199643.422000 448749.964000 55.030000 0 0 0 1 22
199643.401000 448749.929000 55.147000 0 0 0 1 22
199643.922000 448750.321000 55.175000 0 0 0 1 22
199643.539000 448750.410000 55.161000 0 0 0 1 22
199643.864000 448750.750000 55.101000 0 0 0 1 22
199643.514000 448750.830000 54.929000 0 0 0 1 22
199644.000000 448750.976000 55.009000 0 0 0 1 22
199643.693000 448751.048000 54.896000 0 0 0 1 22
199644.115000 448751.372000 54.837000 0 0 0 1 22
199643.797000 448751.446000 54.618000 0 0 0 1 22
199644.375000 448751.800000 54.715000 0 0 0 1 22
199644.333000 448752.234000 54.576000 0 0 0 1 22
199644.077000 448752.294000 54.310000 0 0 0 1 22
199644.240000 448752.538000 54.321000 0 0 0 1 22
199643.974000 448752.599000 54.019000 0 0 0 1 22
199644.295000 448752.977000 54.158000 0 0 0 1 22
199644.021000 448753.040000 53.852000 0 0 0 1 22
199644.338000 448753.445000 54.038000 0 0 0 1 22
199644.330000 448753.874000 53.831000 0 0 0 1 22
199644.830000 448754.453000 53.592000 0 0 0 1 22
199644.800000 448754.919000 53.394000 0 0 0 1 22
199645.095000 448755.279000 53.316000 0 0 0 1 22
199644.800000 448755.346000 53.085000 0 0 0 1 22
199644.947000 448755.579000 53.147000 0 0 0 1 22
199645.208000 448755.939000 53.109000 0 0 0 1 22
199645.150000 448756.421000 53.028000 0 0 0 1 22
199645.456000 448757.458000 52.879000 0 0 0 1 22
199643.315000 448750.291000 55.059000 0 0 0 1 22
199643.678000 448750.390000 55.066000 0 0 0 1 22
199644.013000 448750.481000 55.140000 0 0 0 1 22
199643.408000 448750.864000 54.947000 0 0 0 1 22
199643.783000 448750.966000 54.981000 0 0 0 1 22
199644.086000 448751.048000 55.065000 0 0 0 1 22
199644.075000 448751.804000 54.309000 0 0 0 1 22
199644.274000 448751.857000 54.774000 0 0 0 1 22
199644.063000 448752.193000 54.299000 0 0 0 1 22
199644.276000 448752.250000 54.747000 0 0 0 1 22
199644.045000 448752.697000 54.039000 0 0 0 1 22
199644.295000 448752.764000 54.390000 0 0 0 1 22
199644.365000 448753.145000 53.996000 0 0 0 1 22
199644.136000 448753.371000 54.100000 0 0 0 1 22
199644.486000 448753.467000 53.945000 0 0 0 1 22
199644.213000 448753.763000 53.939000 0 0 0 1 22
199644.612000 448753.872000 53.742000 0 0 0 1 22
199644.582000 448754.369000 53.743000 0 0 0 1 22
199644.619000 448754.771000 53.452000 0 0 0 1 22
199644.812000 448755.579000 53.239000 0 0 0 1 22
199644.969000 448756.158000 53.141000 0 0 0 1 22
199645.759000 448756.373000 52.817000 0 0 0 1 22
199645.345000 448756.664000 53.020000 0 0 0 1 22
199645.723000 448756.767000 52.836000 0 0 0 1 22
199645.355000 448756.972000 53.027000 0 0 0 1 22
199645.477000 448757.392000 52.894000 0 0 0 1 22
199650.711000 448755.821000 52.999000 0 0 0 1 23
199650.738000 448756.251000 53.054000 0 0 0 1 23
199650.744000 448756.043000 53.123000 0 0 0 1 23
199650.912000 448756.061000 52.999000 0 0 0 1 23
199649.491000 448747.012000 55.693000 0 0 0 1 23
199650.060000 448747.349000 55.739000 0 0 0 1 23
199649.735000 448747.424000 55.584000 0 0 0 1 23
199649.996000 448747.764000 55.557000 0 0 0 1 23
199650.229000 448747.989000 55.329000 0 0 0 1 23
199649.873000 448748.070000 55.315000 0 0 0 1 23
199650.065000 448748.441000 55.328000 0 0 0 1 23
199650.299000 448748.860000 55.115000 0 0 0 1 23
199650.005000 448748.927000 54.814000 0 0 0 1 23
199650.205000 448749.296000 55.062000 0 0 0 1 23
199649.977000 448749.348000 54.628000 0 0 0 1 23
199649.595000 448747.210000 55.571000 0 0 0 1 23
199649.858000 448747.280000 55.869000 0 0 0 1 23
199649.792000 448747.788000 55.347000 0 0 0 1 23
199650.125000 448747.879000 55.496000 0 0 0 1 23
199649.995000 448748.206000 55.413000 0 0 0 1 23
199650.093000 448748.938000 55.189000 0 0 0 1 23
199650.311000 448749.511000 54.817000 0 0 0 1 23
199650.130000 448749.848000 54.888000 0 0 0 1 23
199650.219000 448749.755000 54.565000 0 0 0 1 23
199650.018000 448749.707000 54.933000 0 0 0 1 23
199650.213000 448749.535000 54.735000 0 0 0 1 23
199649.775000 448749.428000 54.678000 0 0 0 1 23
199650.138000 448749.189000 54.944000 0 0 0 1 23
199650.072000 448748.749000 54.881000 0 0 0 1 23
199649.830000 448748.690000 55.132000 0 0 0 1 23
199650.024000 448748.384000 55.373000 0 0 0 1 23
199649.953000 448748.138000 55.432000 0 0 0 1 23
199649.998000 448747.812000 55.471000 0 0 0 1 23
199650.197000 448749.979000 54.755000 0 0 0 1 23
199650.150000 448750.038000 54.837000 0 0 0 1 23
199650.465000 448750.405000 54.681000 0 0 0 1 23
199650.129000 448750.481000 54.664000 0 0 0 1 23
199650.386000 448750.848000 54.570000 0 0 0 1 23
199650.023000 448750.931000 54.582000 0 0 0 1 23
199650.701000 448751.058000 53.976000 0 0 0 1 23
199650.257000 448751.160000 54.409000 0 0 0 1 23
199650.292000 448751.603000 54.082000 0 0 0 1 23
199650.455000 448752.045000 53.744000 0 0 0 1 23
199650.422000 448752.480000 53.661000 0 0 0 1 23
199650.473000 448752.744000 53.582000 0 0 0 1 23
199650.614000 448753.129000 53.491000 0 0 0 1 23
199650.798000 448753.547000 53.571000 0 0 0 1 23
199650.481000 448753.619000 53.486000 0 0 0 1 23
199650.741000 448753.987000 53.432000 0 0 0 1 23
199650.610000 448754.284000 53.240000 0 0 0 1 23
199650.739000 448755.539000 53.225000 0 0 0 1 23
199650.137000 448750.199000 54.353000 0 0 0 1 23
199650.355000 448750.257000 54.710000 0 0 0 1 23
199650.367000 448750.641000 54.667000 0 0 0 1 23
199650.267000 448751.132000 54.332000 0 0 0 1 23
199650.341000 448751.518000 54.215000 0 0 0 1 23
199650.039000 448751.732000 53.891000 0 0 0 1 23
199650.461000 448752.780000 53.726000 0 0 0 1 23
199650.617000 448753.232000 53.564000 0 0 0 1 23
199650.594000 448753.574000 53.570000 0 0 0 1 23
199650.593000 448753.966000 53.522000 0 0 0 1 23
199650.538000 448754.461000 53.224000 0 0 0 1 23
199650.549000 448754.824000 53.256000 0 0 0 1 23
199650.681000 448755.149000 53.343000 0 0 0 1 23
199650.774000 448755.544000 53.229000 0 0 0 1 23
199650.694000 448756.421000 53.114000 0 0 0 1 23
199650.693000 448756.349000 53.135000 0 0 0 1 23
199650.607000 448755.987000 53.202000 0 0 0 1 23
199650.633000 448755.563000 53.311000 0 0 0 1 23
199650.644000 448755.285000 53.262000 0 0 0 1 23
199650.682000 448755.117000 53.304000 0 0 0 1 23
199650.615000 448754.797000 53.377000 0 0 0 1 23
199650.622000 448754.327000 53.330000 0 0 0 1 23
199650.422000 448753.919000 53.505000 0 0 0 1 23
199650.706000 448753.342000 53.494000 0 0 0 1 23
199650.416000 448753.272000 53.680000 0 0 0 1 23
199650.460000 448752.851000 53.711000 0 0 0 1 23
199650.461000 448752.557000 53.727000 0 0 0 1 23
199650.397000 448752.340000 53.772000 0 0 0 1 23
199650.423000 448752.027000 53.780000 0 0 0 1 23
199650.271000 448751.535000 54.214000 0 0 0 1 23
199650.437000 448751.204000 54.282000 0 0 0 1 23
199650.460000 448750.937000 54.374000 0 0 0 1 23
199650.135000 448750.858000 54.563000 0 0 0 1 23
199650.250000 448750.510000 54.214000 0 0 0 1 23
199650.137000 448750.484000 54.782000 0 0 0 1 23
199663.687000 448746.886000 54.833000 0 0 0 1 24
199663.331000 448746.967000 54.814000 0 0 0 1 24
199662.154000 448747.726000 54.981000 0 0 0 1 24
199661.813000 448747.804000 54.908000 0 0 0 1 24
199661.473000 448747.882000 54.870000 0 0 0 1 24
199661.467000 448748.309000 54.575000 0 0 0 1 24
199660.996000 448748.417000 54.817000 0 0 0 1 24
199660.663000 448748.493000 54.719000 0 0 0 1 24
199660.412000 448748.550000 54.439000 0 0 0 1 24
199660.098000 448748.622000 54.346000 0 0 0 1 24
199660.176000 448748.887000 54.587000 0 0 0 1 24
199659.851000 448748.961000 54.393000 0 0 0 1 24
199659.225000 448749.557000 54.161000 0 0 0 1 24
199658.917000 448749.627000 54.045000 0 0 0 1 24
199658.339000 448749.979000 53.979000 0 0 0 1 24
199659.598000 448749.353000 54.583000 0 0 0 1 24
199659.641000 448749.176000 54.508000 0 0 0 1 24
199660.120000 448749.058000 54.515000 0 0 0 1 24
199659.768000 448748.824000 54.297000 0 0 0 1 24
199660.314000 448748.688000 54.511000 0 0 0 1 24
199661.164000 448748.076000 54.812000 0 0 0 1 24
199661.685000 448747.946000 54.940000 0 0 0 1 24
199662.068000 448747.852000 54.860000 0 0 0 1 24
199661.978000 448747.551000 54.846000 0 0 0 1 24
199662.971000 448746.800000 54.904000 0 0 0 1 24
199663.748000 448746.608000 54.743000 0 0 0 1 24
199663.921000 448746.684000 54.777000 0 0 0 1 24
199663.211000 448746.904000 54.680000 0 0 0 1 24
199663.548000 448746.995000 54.716000 0 0 0 1 24
199663.014000 448747.182000 54.992000 0 0 0 1 24
199662.636000 448747.487000 54.880000 0 0 0 1 24
199661.893000 448747.810000 54.928000 0 0 0 1 24
199662.231000 448747.901000 55.064000 0 0 0 1 24
199661.413000 448748.034000 54.885000 0 0 0 1 24
199661.686000 448748.108000 55.113000 0 0 0 1 24
199661.016000 448748.254000 54.892000 0 0 0 1 24
199659.884000 448748.891000 54.384000 0 0 0 1 24
199660.167000 448748.966000 54.613000 0 0 0 1 24
199659.687000 448749.250000 54.425000 0 0 0 1 24
199659.216000 448749.450000 54.118000 0 0 0 1 24
199658.806000 448749.708000 54.026000 0 0 0 1 24
199659.138000 448749.798000 54.113000 0 0 0 1 24
199658.338000 448749.844000 53.994000 0 0 0 1 24
199659.437000 448749.381000 54.322000 0 0 0 1 24
199659.646000 448749.269000 54.208000 0 0 0 1 24
199660.018000 448749.072000 54.452000 0 0 0 1 24
199660.206000 448748.700000 54.656000 0 0 0 1 24
199660.955000 448748.292000 54.905000 0 0 0 1 24
199662.077000 448747.763000 54.982000 0 0 0 1 24
199662.495000 448747.364000 54.973000 0 0 0 1 24
199662.973000 448747.174000 54.895000 0 0 0 1 24
199664.037000 448746.695000 54.814000 0 0 0 1 24
199663.592000 448746.586000 54.758000 0 0 0 1 24
199658.336000 448750.180000 53.924000 0 0 0 1 24
199658.266000 448750.255000 54.001000 0 0 0 1 24
199657.956000 448750.326000 53.892000 0 0 0 1 24
199657.517000 448750.855000 53.797000 0 0 0 1 24
199657.153000 448750.938000 53.740000 0 0 0 1 24
199657.176000 448751.209000 53.723000 0 0 0 1 24
199656.850000 448751.284000 53.670000 0 0 0 1 24
199656.541000 448751.354000 53.555000 0 0 0 1 24
199656.638000 448751.750000 53.483000 0 0 0 1 24
199656.274000 448751.833000 53.527000 0 0 0 1 24
199655.950000 448751.907000 53.366000 0 0 0 1 24
199655.874000 448752.384000 53.334000 0 0 0 1 24
199655.515000 448752.466000 53.395000 0 0 0 1 24
199655.177000 448752.543000 53.281000 0 0 0 1 24
199655.089000 448752.991000 53.319000 0 0 0 1 24
199654.759000 448753.066000 53.174000 0 0 0 1 24
199654.437000 448753.140000 53.075000 0 0 0 1 24
199654.847000 448753.313000 53.278000 0 0 0 1 24
199654.521000 448753.388000 53.292000 0 0 0 1 24
199654.218000 448753.457000 53.194000 0 0 0 1 24
199653.885000 448753.533000 53.094000 0 0 0 1 24
199654.173000 448753.888000 53.036000 0 0 0 1 24
199653.766000 448753.981000 53.094000 0 0 0 1 24
199653.433000 448754.058000 52.998000 0 0 0 1 24
199653.384000 448754.537000 52.952000 0 0 0 1 24
199653.007000 448754.624000 53.047000 0 0 0 1 24
199652.664000 448754.702000 52.986000 0 0 0 1 24
199652.204000 448755.204000 53.041000 0 0 0 1 24
199651.907000 448755.272000 52.884000 0 0 0 1 24
199651.858000 448755.559000 52.802000 0 0 0 1 24
199651.451000 448755.652000 52.900000 0 0 0 1 24
199651.102000 448755.732000 52.789000 0 0 0 1 24
199651.081000 448756.172000 52.975000 0 0 0 1 24
199650.502000 448756.304000 52.577000 0 0 0 1 24
199650.731000 448756.724000 52.727000 0 0 0 1 24
199650.382000 448756.803000 52.650000 0 0 0 1 24
199649.961000 448756.900000 52.832000 0 0 0 1 24
199649.684000 448756.963000 52.676000 0 0 0 1 24
199649.157000 448757.509000 52.698000 0 0 0 1 24
199648.830000 448757.584000 52.512000 0 0 0 1 24
199648.959000 448757.845000 52.633000 0 0 0 1 24
199648.582000 448757.931000 52.624000 0 0 0 1 24
199648.282000 448757.999000 52.479000 0 0 0 1 24
199648.424000 448758.394000 52.529000 0 0 0 1 24
199648.056000 448758.478000 52.626000 0 0 0 1 24
199647.668000 448758.566000 52.620000 0 0 0 1 24
199657.262000 448751.136000 53.705000 0 0 0 1 24
199657.327000 448750.942000 53.817000 0 0 0 1 24
199657.603000 448750.549000 53.857000 0 0 0 1 24
199658.267000 448750.087000 54.022000 0 0 0 1 24
199658.082000 448750.400000 54.030000 0 0 0 1 24
199657.632000 448750.594000 53.864000 0 0 0 1 24
199657.232000 448750.876000 53.745000 0 0 0 1 24
199657.605000 448750.977000 53.790000 0 0 0 1 24
199656.984000 448751.322000 53.767000 0 0 0 1 24
199656.489000 448751.575000 53.578000 0 0 0 1 24
199656.819000 448751.664000 53.574000 0 0 0 1 24
199656.295000 448751.869000 53.592000 0 0 0 1 24
199655.904000 448752.144000 53.505000 0 0 0 1 24
199655.457000 448752.541000 53.414000 0 0 0 1 24
199655.173000 448752.830000 53.368000 0 0 0 1 24
199654.792000 448753.021000 53.328000 0 0 0 1 24
199654.390000 448753.298000 53.231000 0 0 0 1 24
199654.709000 448753.385000 53.298000 0 0 0 1 24
199653.801000 448753.687000 53.115000 0 0 0 1 24
199654.144000 448753.780000 53.165000 0 0 0 1 24
199653.549000 448754.028000 53.071000 0 0 0 1 24
199653.166000 448754.272000 53.087000 0 0 0 1 24
199652.848000 448754.578000 53.036000 0 0 0 1 24
199652.390000 448754.963000 53.047000 0 0 0 1 24
199651.983000 448755.213000 53.022000 0 0 0 1 24
199651.849000 448755.465000 53.022000 0 0 0 1 24
199651.251000 448755.674000 52.794000 0 0 0 1 24
199651.557000 448755.757000 52.976000 0 0 0 1 24
199651.151000 448756.153000 52.907000 0 0 0 1 24
199650.450000 448756.356000 52.813000 0 0 0 1 24
199650.087000 448756.597000 52.638000 0 0 0 1 24
199649.799000 448756.934000 52.805000 0 0 0 1 24
199649.329000 448757.343000 52.778000 0 0 0 1 24
199648.937000 448757.640000 52.727000 0 0 0 1 24
199648.600000 448757.854000 52.699000 0 0 0 1 24
199648.389000 448758.183000 52.727000 0 0 0 1 24
199647.871000 448758.551000 52.656000 0 0 0 1 24
199647.500000 448758.854000 52.674000 0 0 0 1 24
199647.142000 448759.093000 52.644000 0 0 0 1 24
199649.151000 448757.551000 52.526000 0 0 0 1 24
199648.802000 448757.466000 52.630000 0 0 0 1 24
199649.340000 448757.386000 52.738000 0 0 0 1 24
199649.577000 448757.122000 52.763000 0 0 0 1 24
199650.017000 448756.780000 52.800000 0 0 0 1 24
199651.347000 448755.735000 52.984000 0 0 0 1 24
199652.022000 448755.619000 52.583000 0 0 0 1 24
199651.784000 448755.561000 52.950000 0 0 0 1 24
199651.887000 448755.410000 53.001000 0 0 0 1 24
199652.148000 448755.170000 53.000000 0 0 0 1 24
199652.671000 448754.825000 53.022000 0 0 0 1 24
199653.143000 448754.581000 52.947000 0 0 0 1 24
199652.787000 448754.494000 53.099000 0 0 0 1 24
199653.466000 448754.362000 52.925000 0 0 0 1 24
199653.153000 448754.286000 53.091000 0 0 0 1 24
199653.530000 448754.029000 53.142000 0 0 0 1 24
199654.105000 448753.738000 53.120000 0 0 0 1 24
199654.472000 448753.533000 53.000000 0 0 0 1 24
199654.041000 448753.428000 53.083000 0 0 0 1 24
199654.477000 448753.334000 53.300000 0 0 0 1 24
199655.136000 448753.176000 53.612000 0 0 0 1 24
199655.559000 448752.451000 53.433000 0 0 0 1 24
199655.638000 448752.198000 53.456000 0 0 0 1 24
199656.038000 448751.920000 53.536000 0 0 0 1 24
199656.591000 448751.607000 53.644000 0 0 0 1 24
199656.717000 448751.338000 53.689000 0 0 0 1 24
199657.094000 448751.212000 53.798000 0 0 0 1 24
199657.287000 448750.931000 53.805000 0 0 0 1 24
199657.822000 448750.637000 53.818000 0 0 0 1 24
199657.985000 448750.323000 54.006000 0 0 0 1 24
199650.711000 448755.821000 52.999000 0 0 0 1 24
199650.738000 448756.251000 53.054000 0 0 0 1 24
199650.744000 448756.043000 53.123000 0 0 0 1 24
199650.912000 448756.061000 52.999000 0 0 0 1 24
199755.178000 448722.077000 50.658000 0 0 0 1 25
199754.854000 448722.151000 50.538000 0 0 0 1 25
199755.888000 448722.194000 50.891000 0 0 0 1 25
199755.502000 448722.282000 50.800000 0 0 0 1 25
199756.311000 448722.519000 51.244000 0 0 0 1 25
199756.024000 448722.584000 51.047000 0 0 0 1 25
199757.156000 448722.794000 51.509000 0 0 0 1 25
199756.852000 448722.864000 51.219000 0 0 0 1 25
199758.478000 448723.167000 52.008000 0 0 0 1 25
199758.117000 448723.250000 51.932000 0 0 0 1 25
199760.658000 448723.976000 53.119000 0 0 0 1 25
199761.172000 448724.112000 53.266000 0 0 0 1 25
199762.733000 448724.671000 54.033000 0 0 0 1 25
199765.782000 448725.625000 55.155000 0 0 0 1 25
199766.273000 448725.944000 55.471000 0 0 0 1 25
199766.618000 448726.142000 55.650000 0 0 0 1 25
199759.268000 448723.485000 52.436000 0 0 0 1 25
199758.193000 448723.244000 51.978000 0 0 0 1 25
199757.220000 448723.071000 51.737000 0 0 0 1 25
199756.804000 448722.629000 51.454000 0 0 0 1 25
199755.267000 448722.218000 50.791000 0 0 0 1 25
199754.340000 448721.997000 50.307000 0 0 0 1 25
199755.252000 448722.240000 50.817000 0 0 0 1 25
199755.611000 448722.336000 50.916000 0 0 0 1 25
199755.891000 448722.411000 51.096000 0 0 0 1 25
199760.461000 448724.169000 53.024000 0 0 0 1 25
199760.764000 448724.251000 53.225000 0 0 0 1 25
199761.104000 448724.342000 53.265000 0 0 0 1 25
199761.394000 448724.420000 53.473000 0 0 0 1 25
199761.704000 448724.503000 53.597000 0 0 0 1 25
199762.068000 448724.600000 53.709000 0 0 0 1 25
199762.377000 448724.683000 53.865000 0 0 0 1 25
199762.676000 448724.763000 54.020000 0 0 0 1 25
199763.006000 448724.851000 54.116000 0 0 0 1 25
199763.343000 448724.941000 54.276000 0 0 0 1 25
199763.660000 448725.027000 54.379000 0 0 0 1 25
199764.011000 448725.120000 54.502000 0 0 0 1 25
199764.365000 448725.215000 54.643000 0 0 0 1 25
199766.271000 448725.724000 55.457000 0 0 0 1 25
199766.782000 448726.273000 55.669000 0 0 0 1 25
199767.051000 448726.345000 55.822000 0 0 0 1 25
199767.446000 448726.451000 55.824000 0 0 0 1 25
199767.756000 448726.534000 56.005000 0 0 0 1 25
199766.185000 448725.801000 55.561000 0 0 0 1 25
199765.627000 448725.664000 55.249000 0 0 0 1 25
199765.600000 448725.408000 55.051000 0 0 0 1 25
199761.505000 448724.070000 53.515000 0 0 0 1 25
199760.982000 448723.942000 53.282000 0 0 0 1 25
199759.943000 448723.687000 52.809000 0 0 0 1 25
199759.446000 448723.565000 52.702000 0 0 0 1 25
199723.137000 448750.987000 47.556000 0 0 0 1 26
199722.764000 448751.071000 47.462000 0 0 0 1 26
199721.485000 448751.867000 47.398000 0 0 0 1 26
199721.087000 448751.958000 47.412000 0 0 0 1 26
199720.703000 448752.045000 47.476000 0 0 0 1 26
199720.372000 448752.121000 47.381000 0 0 0 1 26
199719.994000 448752.208000 47.428000 0 0 0 1 26
199718.944000 448752.836000 47.340000 0 0 0 1 26
199718.557000 448752.924000 47.293000 0 0 0 1 26
199717.413000 448753.503000 47.189000 0 0 0 1 26
199717.015000 448753.593000 47.233000 0 0 0 1 26
199716.691000 448753.667000 47.210000 0 0 0 1 26
199716.053000 448754.230000 47.204000 0 0 0 1 26
199715.723000 448754.305000 47.170000 0 0 0 1 26
199714.815000 448755.008000 47.211000 0 0 0 1 26
199714.457000 448755.089000 47.198000 0 0 0 1 26
199714.081000 448755.175000 47.212000 0 0 0 1 26
199712.973000 448755.810000 47.256000 0 0 0 1 26
199709.294000 448756.649000 47.307000 0 0 0 1 26
199712.049000 448756.323000 47.334000 0 0 0 1 26
199711.660000 448756.411000 47.449000 0 0 0 1 26
199711.322000 448756.488000 47.471000 0 0 0 1 26
199710.898000 448756.586000 47.478000 0 0 0 1 26
199710.547000 448756.666000 47.476000 0 0 0 1 26
199710.212000 448756.742000 47.489000 0 0 0 1 26
199709.830000 448756.829000 47.523000 0 0 0 1 26
199709.450000 448756.915000 47.521000 0 0 0 1 26
199709.152000 448756.983000 47.326000 0 0 0 1 26
199710.500000 448757.069000 47.550000 0 0 0 1 26
199709.816000 448756.958000 47.480000 0 0 0 1 26
199711.806000 448756.466000 47.295000 0 0 0 1 26
199708.635000 448756.912000 47.577000 0 0 0 1 26
199709.370000 448756.730000 47.435000 0 0 0 1 26
199709.776000 448756.630000 47.372000 0 0 0 1 26
199711.397000 448756.230000 47.275000 0 0 0 1 26
199712.192000 448756.033000 47.255000 0 0 0 1 26
199712.621000 448755.926000 47.261000 0 0 0 1 26
199712.594000 448755.709000 47.270000 0 0 0 1 26
199713.050000 448755.596000 47.261000 0 0 0 1 26
199713.429000 448755.502000 47.239000 0 0 0 1 26
199715.265000 448754.666000 47.170000 0 0 0 1 26
199716.257000 448753.963000 47.287000 0 0 0 1 26
199717.255000 448753.342000 47.168000 0 0 0 1 26
199717.707000 448753.230000 47.244000 0 0 0 1 26
199718.147000 448753.121000 47.253000 0 0 0 1 26
199718.551000 448753.022000 47.234000 0 0 0 1 26
199717.718000 448752.989000 47.327000 0 0 0 1 26
199718.139000 448752.885000 47.297000 0 0 0 1 26
199718.630000 448752.763000 47.384000 0 0 0 1 26
199719.093000 448752.649000 47.460000 0 0 0 1 26
199719.999000 448752.057000 47.420000 0 0 0 1 26
199720.432000 448751.951000 47.437000 0 0 0 1 26
199720.903000 448751.834000 47.530000 0 0 0 1 26
199721.336000 448751.727000 47.572000 0 0 0 1 26
199721.710000 448751.635000 47.429000 0 0 0 1 26
199723.051000 448750.929000 47.619000 0 0 0 1 26
199723.454000 448751.039000 47.544000 0 0 0 1 26
199722.179000 448751.183000 47.344000 0 0 0 1 26
199722.421000 448751.248000 47.669000 0 0 0 1 26
199722.246000 448751.570000 47.403000 0 0 0 1 26
199721.240000 448751.609000 47.534000 0 0 0 1 26
199721.627000 448751.713000 47.541000 0 0 0 1 26
199720.547000 448751.842000 47.431000 0 0 0 1 26
199720.857000 448751.926000 47.579000 0 0 0 1 26
199719.838000 448752.198000 47.495000 0 0 0 1 26
199719.553000 448752.545000 47.414000 0 0 0 1 26
199718.382000 448752.943000 47.313000 0 0 0 1 26
199717.933000 448753.326000 47.291000 0 0 0 1 26
199717.321000 448753.538000 47.343000 0 0 0 1 26
199716.664000 448753.649000 47.309000 0 0 0 1 26
199717.055000 448753.755000 47.240000 0 0 0 1 26
199716.374000 448753.967000 47.242000 0 0 0 1 26
199715.747000 448754.306000 47.292000 0 0 0 1 26
199715.362000 448754.602000 47.225000 0 0 0 1 26
199714.828000 448754.772000 47.195000 0 0 0 1 26
199714.536000 448755.085000 47.240000 0 0 0 1 26
199713.673000 448755.366000 47.277000 0 0 0 1 26
199713.078000 448755.583000 47.180000 0 0 0 1 26
199713.401000 448755.670000 47.289000 0 0 0 1 26
199712.651000 448755.748000 47.171000 0 0 0 1 26
199712.985000 448755.838000 47.273000 0 0 0 1 26
199712.501000 448756.084000 47.333000 0 0 0 1 26
199711.410000 448756.299000 47.199000 0 0 0 1 26
199711.705000 448756.379000 47.485000 0 0 0 1 26
199710.849000 448756.556000 47.547000 0 0 0 1 26
199711.266000 448756.670000 47.332000 0 0 0 1 26
199709.959000 448756.650000 47.457000 0 0 0 1 26
199710.297000 448756.742000 47.549000 0 0 0 1 26
199709.098000 448756.829000 47.305000 0 0 0 1 26
199709.372000 448756.903000 47.531000 0 0 0 1 26
199709.734000 448757.001000 47.515000 0 0 0 1 26
199708.586000 448757.024000 47.353000 0 0 0 1 26
199709.964000 448756.938000 47.492000 0 0 0 1 26
199709.621000 448756.855000 47.632000 0 0 0 1 26
199709.114000 448756.731000 47.429000 0 0 0 1 26
199708.611000 448756.608000 47.235000 0 0 0 1 26
199710.501000 448756.778000 47.541000 0 0 0 1 26
199710.120000 448756.685000 47.607000 0 0 0 1 26
199709.639000 448756.568000 47.479000 0 0 0 1 26
199710.844000 448756.667000 47.506000 0 0 0 1 26
199710.479000 448756.578000 47.558000 0 0 0 1 26
199711.282000 448756.469000 47.441000 0 0 0 1 26
199710.863000 448756.367000 47.501000 0 0 0 1 26
199712.213000 448756.251000 47.333000 0 0 0 1 26
199711.820000 448756.155000 47.376000 0 0 0 1 26
199712.626000 448756.032000 47.268000 0 0 0 1 26
199712.204000 448755.929000 47.253000 0 0 0 1 26
199712.646000 448755.801000 47.312000 0 0 0 1 26
199713.346000 448755.632000 47.184000 0 0 0 1 26
199712.911000 448755.526000 47.143000 0 0 0 1 26
199714.036000 448755.361000 47.154000 0 0 0 1 26
199713.584000 448755.251000 47.148000 0 0 0 1 26
199714.283000 448755.147000 47.240000 0 0 0 1 26
199714.358000 448754.968000 47.275000 0 0 0 1 26
199714.665000 448754.760000 47.240000 0 0 0 1 26
199715.949000 448754.336000 47.158000 0 0 0 1 26
199716.432000 448753.869000 47.293000 0 0 0 1 26
199717.080000 448753.568000 47.261000 0 0 0 1 26
199717.624000 448753.399000 47.252000 0 0 0 1 26
199718.059000 448753.289000 47.254000 0 0 0 1 26
199717.640000 448753.186000 47.241000 0 0 0 1 26
199717.986000 448752.984000 47.268000 0 0 0 1 26
199721.191000 448761.870000 48.635000 0 0 0 1 27
199721.911000 448764.492000 49.294000 0 0 0 1 27
199722.251000 448766.021000 49.757000 0 0 0 1 27
199722.787000 448767.488000 50.250000 0 0 0 1 27
199722.887000 448767.892000 50.494000 0 0 0 1 27
199722.579000 448766.728000 50.076000 0 0 0 1 27
199722.096000 448765.448000 49.735000 0 0 0 1 27
199721.911000 448765.188000 49.596000 0 0 0 1 27
199721.951000 448764.976000 49.497000 0 0 0 1 27
199721.713000 448764.692000 49.355000 0 0 0 1 27
199721.385000 448763.999000 49.145000 0 0 0 1 27
199721.121000 448762.881000 48.959000 0 0 0 1 27
199720.933000 448761.747000 48.731000 0 0 0 1 27
199720.968000 448761.523000 48.707000 0 0 0 1 27
199721.023000 448761.197000 48.580000 0 0 0 1 27
199721.120000 448762.182000 48.747000 0 0 0 1 27
199721.270000 448762.967000 48.953000 0 0 0 1 27
199721.678000 448764.368000 49.302000 0 0 0 1 27
199721.879000 448764.748000 49.471000 0 0 0 1 27
199722.281000 448765.803000 49.735000 0 0 0 1 27
199722.483000 448766.966000 50.114000 0 0 0 1 27
199722.720000 448767.921000 50.459000 0 0 0 1 27
199722.858000 448768.272000 50.636000 0 0 0 1 27
199722.723000 448767.734000 50.472000 0 0 0 1 27
199722.589000 448767.181000 50.205000 0 0 0 1 27
199722.401000 448766.807000 50.153000 0 0 0 1 27
199722.295000 448766.360000 49.975000 0 0 0 1 27
199721.111000 448762.599000 48.886000 0 0 0 1 27
199721.066000 448761.839000 48.726000 0 0 0 1 27
199764.787000 448760.023000 62.923000 0 0 0 1 28
199764.928000 448760.266000 63.081000 0 0 0 1 28
199764.979000 448760.666000 63.097000 0 0 0 1 28
199765.217000 448761.108000 63.279000 0 0 0 1 28
199765.180000 448761.523000 63.316000 0 0 0 1 28
199765.266000 448761.806000 63.234000 0 0 0 1 28
199765.287000 448762.700000 63.414000 0 0 0 1 28
199765.400000 448763.087000 63.439000 0 0 0 1 28
199765.854000 448764.558000 63.686000 0 0 0 1 28
199765.356000 448767.553000 64.539000 0 0 0 1 28
199765.527000 448767.511000 64.040000 0 0 0 1 28
199765.593000 448767.160000 64.699000 0 0 0 1 28
199765.600000 448766.756000 64.502000 0 0 0 1 28
199765.615000 448766.390000 64.467000 0 0 0 1 28
199765.675000 448766.156000 64.183000 0 0 0 1 28
199765.543000 448766.189000 63.906000 0 0 0 1 28
199765.659000 448765.757000 64.302000 0 0 0 1 28
199765.585000 448765.347000 64.079000 0 0 0 1 28
199765.577000 448765.023000 64.066000 0 0 0 1 28
199765.551000 448764.494000 63.786000 0 0 0 1 28
199765.311000 448763.580000 63.590000 0 0 0 1 28
199765.212000 448762.832000 63.518000 0 0 0 1 28
199765.070000 448761.598000 63.382000 0 0 0 1 28
199765.054000 448761.293000 63.265000 0 0 0 1 28
199764.548000 448757.278000 62.753000 0 0 0 1 28
199764.514000 448757.797000 62.612000 0 0 0 1 28
199764.862000 448758.257000 62.696000 0 0 0 1 28
199764.545000 448758.460000 62.814000 0 0 0 1 28
199764.652000 448759.388000 63.008000 0 0 0 1 28
199764.789000 448759.814000 62.920000 0 0 0 1 28
199764.812000 448760.133000 63.114000 0 0 0 1 28
199765.813000 448765.742000 64.085000 0 0 0 1 28
199765.772000 448766.234000 63.842000 0 0 0 1 28
199765.724000 448766.828000 64.635000 0 0 0 1 28
199765.701000 448766.509000 64.502000 0 0 0 1 28
199765.638000 448766.235000 64.503000 0 0 0 1 28
199765.299000 448762.805000 63.427000 0 0 0 1 28
199765.177000 448762.483000 63.374000 0 0 0 1 28
199765.235000 448762.302000 63.418000 0 0 0 1 28
199765.231000 448762.017000 63.280000 0 0 0 1 28
199764.762000 448761.171000 63.238000 0 0 0 1 28
199764.850000 448760.944000 63.257000 0 0 0 1 28
199765.025000 448760.667000 63.258000 0 0 0 1 28
199764.834000 448759.661000 63.081000 0 0 0 1 28
199764.673000 448759.350000 62.772000 0 0 0 1 28
199764.667000 448758.633000 63.003000 0 0 0 1 28
199764.610000 448758.383000 62.924000 0 0 0 1 28
199764.627000 448758.029000 62.674000 0 0 0 1 28
199764.427000 448757.225000 62.757000 0 0 0 1 28
199714.022000 448747.152000 47.247000 0 0 0 1 29
199713.657000 448747.235000 47.227000 0 0 0 1 29
199714.855000 448747.384000 47.112000 0 0 0 1 29
199715.604000 448747.488000 47.137000 0 0 0 1 29
199717.591000 448747.895000 47.210000 0 0 0 1 29
199718.343000 448748.090000 47.101000 0 0 0 1 29
199719.087000 448748.209000 47.082000 0 0 0 1 29
199718.404000 448748.055000 47.175000 0 0 0 1 29
199715.437000 448747.421000 47.171000 0 0 0 1 29
199713.638000 448747.512000 47.251000 0 0 0 1 29
199713.598000 448747.306000 47.287000 0 0 0 1 29
199713.953000 448747.218000 47.216000 0 0 0 1 29
199718.173000 448747.952000 47.241000 0 0 0 1 29
199718.560000 448748.057000 47.123000 0 0 0 1 29
199718.920000 448748.153000 47.119000 0 0 0 1 29
199719.341000 448748.267000 47.021000 0 0 0 1 29
199713.849000 448747.309000 47.333000 0 0 0 1 29
199714.930000 448747.453000 47.124000 0 0 0 1 29
199714.546000 448747.359000 47.206000 0 0 0 1 29
199714.146000 448747.263000 47.255000 0 0 0 1 29
199713.740000 448747.164000 47.270000 0 0 0 1 29
199718.272000 448747.999000 47.199000 0 0 0 1 29
199717.887000 448747.905000 47.231000 0 0 0 1 29
199717.017000 448747.692000 47.144000 0 0 0 1 29
199716.607000 448747.592000 47.196000 0 0 0 1 29
199715.372000 448747.291000 47.184000 0 0 0 1 29
199689.677000 448758.214000 48.010000 0 0 0 1 30
199688.907000 448758.390000 48.057000 0 0 0 1 30
199690.297000 448758.471000 48.102000 0 0 0 1 30
199689.933000 448758.554000 48.058000 0 0 0 1 30
199691.913000 448758.607000 48.023000 0 0 0 1 30
199696.207000 448758.920000 47.769000 0 0 0 1 30
199694.695000 448758.920000 47.652000 0 0 0 1 30
199695.240000 448758.785000 47.825000 0 0 0 1 30
199695.668000 448758.679000 47.889000 0 0 0 1 30
199694.253000 448758.791000 47.758000 0 0 0 1 30
199694.818000 448758.651000 48.014000 0 0 0 1 30
199695.191000 448758.559000 47.838000 0 0 0 1 30
199693.128000 448758.701000 47.879000 0 0 0 1 30
199693.611000 448758.582000 47.934000 0 0 0 1 30
199691.840000 448758.591000 48.044000 0 0 0 1 30
199690.625000 448758.545000 48.001000 0 0 0 1 30
199691.872000 448758.237000 47.913000 0 0 0 1 30
199690.174000 448758.462000 48.133000 0 0 0 1 30
199689.339000 448758.324000 48.192000 0 0 0 1 30
199687.860000 448758.274000 48.172000 0 0 0 1 30
199698.018000 448758.691000 47.658000 0 0 0 1 30
199698.379000 448758.788000 47.766000 0 0 0 1 30
199696.144000 448758.727000 47.655000 0 0 0 1 30
199696.424000 448758.803000 47.770000 0 0 0 1 30
199696.818000 448758.910000 47.769000 0 0 0 1 30
199697.181000 448759.008000 47.774000 0 0 0 1 30
199694.473000 448758.686000 47.860000 0 0 0 1 30
199694.798000 448758.773000 47.958000 0 0 0 1 30
199695.176000 448758.876000 47.880000 0 0 0 1 30
199695.590000 448758.989000 47.689000 0 0 0 1 30
199691.802000 448758.288000 47.819000 0 0 0 1 30
199692.878000 448758.580000 47.808000 0 0 0 1 30
199693.171000 448758.659000 48.038000 0 0 0 1 30
199694.316000 448758.970000 47.738000 0 0 0 1 30
199689.662000 448758.605000 47.939000 0 0 0 1 30
199686.538000 448758.121000 48.237000 0 0 0 1 30
199686.902000 448758.220000 48.234000 0 0 0 1 30
199687.245000 448758.313000 48.236000 0 0 0 1 30
199687.572000 448758.402000 48.288000 0 0 0 1 30
199687.570000 448758.306000 48.236000 0 0 0 1 30
199689.777000 448758.423000 48.224000 0 0 0 1 30
199688.451000 448758.099000 48.146000 0 0 0 1 30
199692.263000 448758.673000 47.988000 0 0 0 1 30
199691.851000 448758.573000 48.090000 0 0 0 1 30
199691.396000 448758.462000 47.957000 0 0 0 1 30
199693.372000 448758.715000 47.850000 0 0 0 1 30
199693.052000 448758.637000 47.995000 0 0 0 1 30
199692.655000 448758.541000 48.040000 0 0 0 1 30
199692.097000 448758.404000 47.886000 0 0 0 1 30
199695.453000 448758.887000 47.715000 0 0 0 1 30
199695.064000 448758.792000 47.861000 0 0 0 1 30
199694.640000 448758.688000 47.918000 0 0 0 1 30
199694.224000 448758.587000 47.923000 0 0 0 1 30
199693.670000 448758.451000 47.711000 0 0 0 1 30
199697.181000 448758.863000 47.800000 0 0 0 1 30
199696.748000 448758.757000 47.793000 0 0 0 1 30
199696.279000 448758.643000 47.809000 0 0 0 1 30
199698.474000 448758.890000 47.730000 0 0 0 1 30
199698.045000 448758.786000 47.798000 0 0 0 1 30
199697.596000 448758.676000 47.783000 0 0 0 1 30
199698.371000 448758.700000 47.846000 0 0 0 1 30
199689.867000 448750.130000 49.264000 0 0 0 1 31
199690.072000 448750.506000 49.172000 0 0 0 1 31
199691.445000 448751.798000 48.629000 0 0 0 1 31
199691.496000 448751.977000 48.564000 0 0 0 1 31
199691.254000 448751.693000 48.620000 0 0 0 1 31
199691.001000 448751.533000 48.723000 0 0 0 1 31
199690.819000 448751.214000 48.843000 0 0 0 1 31
199690.204000 448750.556000 49.204000 0 0 0 1 31
199692.474000 448753.096000 48.142000 0 0 0 1 31
199691.511000 448752.147000 48.579000 0 0 0 1 31
199691.471000 448751.942000 48.651000 0 0 0 1 31
199691.079000 448751.542000 48.703000 0 0 0 1 31
199690.629000 448750.987000 48.988000 0 0 0 1 31
199690.306000 448750.587000 49.087000 0 0 0 1 31
199692.129000 448752.576000 48.485000 0 0 0 1 31
199692.161000 448752.843000 48.331000 0 0 0 1 31
199692.252000 448752.801000 48.398000 0 0 0 1 31
199692.143000 448752.611000 48.438000 0 0 0 1 31
199692.374000 448752.814000 48.473000 0 0 0 1 31
199692.233000 448752.614000 48.363000 0 0 0 1 31
199691.880000 448752.236000 48.483000 0 0 0 1 31
199692.301000 448748.568000 49.221000 0 0 0 1 32
199692.318000 448747.962000 49.351000 0 0 0 1 32
199692.264000 448748.347000 49.308000 0 0 0 1 32
199692.193000 448749.758000 48.836000 0 0 0 1 32
199692.280000 448749.583000 48.913000 0 0 0 1 32
199692.212000 448749.285000 48.997000 0 0 0 1 32
199692.333000 448748.891000 49.104000 0 0 0 1 32
199692.296000 448749.955000 48.837000 0 0 0 1 32
199692.235000 448750.493000 48.700000 0 0 0 1 32
199692.046000 448752.173000 48.545000 0 0 0 1 32
199692.033000 448754.097000 48.102000 0 0 0 1 32
199692.077000 448754.375000 48.030000 0 0 0 1 32
199691.882000 448756.531000 47.843000 0 0 0 1 32
199691.954000 448757.262000 47.859000 0 0 0 1 32
199691.849000 448756.923000 47.841000 0 0 0 1 32
199691.734000 448756.733000 47.885000 0 0 0 1 32
199691.777000 448756.368000 47.945000 0 0 0 1 32
199691.978000 448755.903000 47.851000 0 0 0 1 32
199691.833000 448755.609000 47.990000 0 0 0 1 32
199691.851000 448755.412000 48.003000 0 0 0 1 32
199692.033000 448754.236000 48.038000 0 0 0 1 32
199691.760000 448754.081000 48.145000 0 0 0 1 32
199692.258000 448750.445000 48.623000 0 0 0 1 32
199692.257000 448750.226000 48.760000 0 0 0 1 32
199692.198000 448750.587000 48.702000 0 0 0 1 32
199691.914000 448754.276000 48.097000 0 0 0 1 32
199691.982000 448754.708000 48.091000 0 0 0 1 32
199691.885000 448755.012000 48.086000 0 0 0 1 32
199692.289000 448755.122000 47.891000 0 0 0 1 32
199691.845000 448755.936000 47.840000 0 0 0 1 32
199691.992000 448756.329000 48.003000 0 0 0 1 32
199691.929000 448756.639000 47.952000 0 0 0 1 32
199691.869000 448757.023000 47.866000 0 0 0 1 32
199691.733000 448757.531000 47.883000 0 0 0 1 32
199691.965000 448757.138000 47.854000 0 0 0 1 32
199691.838000 448756.819000 47.901000 0 0 0 1 32
199691.865000 448756.410000 47.921000 0 0 0 1 32
199691.884000 448756.090000 47.896000 0 0 0 1 32
199691.968000 448755.844000 47.817000 0 0 0 1 32
199691.861000 448755.462000 48.009000 0 0 0 1 32
199691.908000 448755.027000 48.076000 0 0 0 1 32
199692.024000 448754.752000 48.094000 0 0 0 1 32
199692.001000 448754.550000 48.084000 0 0 0 1 32
199692.128000 448753.012000 48.326000 0 0 0 1 32
199692.211000 448752.317000 48.380000 0 0 0 1 32
199692.129000 448752.576000 48.485000 0 0 0 1 32
199692.161000 448752.843000 48.331000 0 0 0 1 32
199692.252000 448752.801000 48.398000 0 0 0 1 32
199692.143000 448752.611000 48.438000 0 0 0 1 32
199692.374000 448752.814000 48.473000 0 0 0 1 32
199692.233000 448752.614000 48.363000 0 0 0 1 32
199691.880000 448752.236000 48.483000 0 0 0 1 32
199737.104000 448756.687000 53.538000 0 0 0 1 33
199734.786000 448758.782000 53.089000 0 0 0 1 33
199733.833000 448759.548000 53.084000 0 0 0 1 33
199734.356000 448759.105000 53.111000 0 0 0 1 33
199736.849000 448757.280000 53.594000 0 0 0 1 33
199736.713000 448756.883000 53.600000 0 0 0 1 33
199737.156000 448756.774000 53.583000 0 0 0 1 33
199738.685000 448755.635000 53.651000 0 0 0 1 33
199738.391000 448755.925000 53.651000 0 0 0 1 33
199738.171000 448756.176000 53.691000 0 0 0 1 33
199736.089000 448757.722000 53.397000 0 0 0 1 33
199735.637000 448758.104000 53.260000 0 0 0 1 33
199735.165000 448758.644000 53.150000 0 0 0 1 33
199734.244000 448759.301000 53.071000 0 0 0 1 33
199733.897000 448759.608000 52.949000 0 0 0 1 33
199733.725000 448759.875000 53.022000 0 0 0 1 33
199733.005000 448760.588000 52.828000 0 0 0 1 33
199731.954000 448761.341000 52.564000 0 0 0 1 33
199730.590000 448762.227000 52.251000 0 0 0 1 33
199734.210000 448759.539000 53.014000 0 0 0 1 33
199734.324000 448759.144000 53.069000 0 0 0 1 33
199733.822000 448759.023000 53.725000 0 0 0 1 33
199739.334000 448754.946000 53.843000 0 0 0 1 33
199758.209000 448726.133000 53.571000 0 0 0 1 34
199757.987000 448726.184000 53.252000 0 0 0 1 34
199757.908000 448729.023000 54.055000 0 0 0 1 34
199757.770000 448729.480000 54.231000 0 0 0 1 34
199757.890000 448729.723000 54.280000 0 0 0 1 34
199757.735000 448731.054000 54.788000 0 0 0 1 34
199757.623000 448732.274000 55.104000 0 0 0 1 34
199757.603000 448732.706000 55.263000 0 0 0 1 34
199757.728000 448733.892000 55.561000 0 0 0 1 34
199757.388000 448733.438000 55.629000 0 0 0 1 34
199757.601000 448731.087000 54.696000 0 0 0 1 34
199757.595000 448730.742000 54.634000 0 0 0 1 34
199757.898000 448730.668000 54.520000 0 0 0 1 34
199757.749000 448730.293000 54.530000 0 0 0 1 34
199758.199000 448725.604000 53.930000 0 0 0 1 34
199758.125000 448726.329000 53.990000 0 0 0 1 34
199757.760000 448728.376000 53.902000 0 0 0 1 34
199757.573000 448728.756000 53.685000 0 0 0 1 34
199757.826000 448728.823000 54.024000 0 0 0 1 34
199757.907000 448729.204000 54.079000 0 0 0 1 34
199757.685000 448729.623000 54.082000 0 0 0 1 34
199758.039000 448729.719000 54.053000 0 0 0 1 34
199757.779000 448731.826000 54.971000 0 0 0 1 34
199757.482000 448732.151000 54.888000 0 0 0 1 34
199757.739000 448732.220000 55.100000 0 0 0 1 34
199757.547000 448732.496000 55.094000 0 0 0 1 34
199757.805000 448733.546000 55.507000 0 0 0 1 34
199757.601000 448733.900000 55.660000 0 0 0 1 34
199757.588000 448733.708000 55.626000 0 0 0 1 34
199757.643000 448731.902000 54.942000 0 0 0 1 34
199757.848000 448729.558000 54.199000 0 0 0 1 34
199757.919000 448728.929000 54.025000 0 0 0 1 34
199758.285000 448724.638000 52.483000 0 0 0 1 34
199644.008000 448744.994000 56.345000 0 0 0 1 35
199644.083000 448745.457000 56.282000 0 0 0 1 35
199644.207000 448745.869000 56.105000 0 0 0 1 35
199644.356000 448746.579000 55.725000 0 0 0 1 35
199644.531000 448747.041000 55.604000 0 0 0 1 35
199644.500000 448747.738000 55.340000 0 0 0 1 35
199644.697000 448748.111000 55.275000 0 0 0 1 35
199643.980000 448744.990000 56.442000 0 0 0 1 35
199643.927000 448745.303000 56.256000 0 0 0 1 35
199644.112000 448745.722000 56.206000 0 0 0 1 35
199644.293000 448746.296000 55.965000 0 0 0 1 35
199644.438000 448747.014000 55.707000 0 0 0 1 35
199644.569000 448747.952000 55.367000 0 0 0 1 35
199644.732000 448748.384000 55.234000 0 0 0 1 35
199644.943000 448749.169000 55.036000 0 0 0 1 35
199672.671000 448745.740000 54.241000 0 0 0 1 36
199673.185000 448745.906000 54.108000 0 0 0 1 36
199675.158000 448746.385000 53.754000 0 0 0 1 36
199675.451000 448746.637000 53.737000 0 0 0 1 36
199675.413000 448746.468000 53.725000 0 0 0 1 36
199673.936000 448746.121000 53.918000 0 0 0 1 36
199674.340000 448746.022000 53.903000 0 0 0 1 36
199670.503000 448745.443000 54.569000 0 0 0 1 36
199672.578000 448745.776000 54.194000 0 0 0 1 36
199672.964000 448745.881000 54.202000 0 0 0 1 36
199673.352000 448745.986000 54.138000 0 0 0 1 36
199673.730000 448746.088000 54.011000 0 0 0 1 36
199675.208000 448746.489000 53.746000 0 0 0 1 36
199670.095000 448745.429000 54.710000 0 0 0 1 36
199669.687000 448745.329000 54.719000 0 0 0 1 36
199675.823000 448746.485000 53.584000 0 0 0 1 36
199675.087000 448746.305000 53.765000 0 0 0 1 36
199674.731000 448746.219000 53.868000 0 0 0 1 36
199673.908000 448746.018000 53.999000 0 0 0 1 36
199673.549000 448745.930000 54.030000 0 0 0 1 36
199673.166000 448745.837000 54.129000 0 0 0 1 36
199637.197000 448655.265000 60.733000 0 0 0 1 37
199638.488000 448656.765000 60.392000 0 0 0 1 37
199638.503000 448657.001000 60.447000 0 0 0 1 37
199639.061000 448657.253000 60.471000 0 0 0 1 37
199638.703000 448657.335000 60.476000 0 0 0 1 37
199639.194000 448657.627000 60.511000 0 0 0 1 37
199637.159000 448655.148000 60.706000 0 0 0 1 37
199637.482000 448656.096000 60.458000 0 0 0 1 37
199637.850000 448656.195000 60.435000 0 0 0 1 37
199637.740000 448656.456000 60.450000 0 0 0 1 37
199638.085000 448656.549000 60.479000 0 0 0 1 37
199638.519000 448657.079000 60.494000 0 0 0 1 37
199638.837000 448657.164000 60.517000 0 0 0 1 37
199639.471000 448657.865000 60.509000 0 0 0 1 37
199639.917000 448658.401000 60.486000 0 0 0 1 37
199640.270000 448658.495000 60.450000 0 0 0 1 37
199641.103000 448659.018000 60.497000 0 0 0 1 37
